date key,full date,day of week,day num in month,day num overall,day name,day abbrev,weekday flag,week num in year,week num overall,week begin date,week begin date key,month,month num overall,month name,month abbrev,quarter,year,yearmo,fiscal month,fiscal quarter,fiscal year,month end flag,same day year ago,,table insert statement
20190101,1/1/2019,2,1,1,Tuesday,Tue,Weekday,1,1,12/31/2018,20181231,1,1,January,Jan,1,2019,201901,7,3,2019,Not Month End,1/1/2018,,"insert into Date_Dimension values(20190101, '2019-1-1',2, 1, 1, 'Tuesday', 'Tue', 'Weekday', 1, 1, '2018-12-31', 20181231, 1, 1, 'January', 'Jan', 1, 2019, 201901, 7, 3, 2019, 'Not Month End', '2018-1-1')"
20190102,1/2/2019,3,2,2,Wednesday,Wed,Weekday,1,1,12/31/2018,20181231,1,1,January,Jan,1,2019,201901,7,3,2019,Not Month End,1/2/2018,,"insert into Date_Dimension values(20190102, '2019-1-2',3, 2, 2, 'Wednesday', 'Wed', 'Weekday', 1, 1, '2018-12-31', 20181231, 1, 1, 'January', 'Jan', 1, 2019, 201901, 7, 3, 2019, 'Not Month End', '2018-1-2')"
20190103,1/3/2019,4,3,3,Thursday,Thu,Weekday,1,1,12/31/2018,20181231,1,1,January,Jan,1,2019,201901,7,3,2019,Not Month End,1/3/2018,,"insert into Date_Dimension values(20190103, '2019-1-3',4, 3, 3, 'Thursday', 'Thu', 'Weekday', 1, 1, '2018-12-31', 20181231, 1, 1, 'January', 'Jan', 1, 2019, 201901, 7, 3, 2019, 'Not Month End', '2018-1-3')"
20190104,1/4/2019,5,4,4,Friday,Fri,Weekday,1,1,12/31/2018,20181231,1,1,January,Jan,1,2019,201901,7,3,2019,Not Month End,1/4/2018,,"insert into Date_Dimension values(20190104, '2019-1-4',5, 4, 4, 'Friday', 'Fri', 'Weekday', 1, 1, '2018-12-31', 20181231, 1, 1, 'January', 'Jan', 1, 2019, 201901, 7, 3, 2019, 'Not Month End', '2018-1-4')"
20190105,1/5/2019,6,5,5,Saturday,Sat,Weekend,1,1,12/31/2018,20181231,1,1,January,Jan,1,2019,201901,7,3,2019,Not Month End,1/5/2018,,"insert into Date_Dimension values(20190105, '2019-1-5',6, 5, 5, 'Saturday', 'Sat', 'Weekend', 1, 1, '2018-12-31', 20181231, 1, 1, 'January', 'Jan', 1, 2019, 201901, 7, 3, 2019, 'Not Month End', '2018-1-5')"
20190106,1/6/2019,7,6,6,Sunday,Sun,Weekend,1,1,12/31/2018,20181231,1,1,January,Jan,1,2019,201901,7,3,2019,Not Month End,1/6/2018,,"insert into Date_Dimension values(20190106, '2019-1-6',7, 6, 6, 'Sunday', 'Sun', 'Weekend', 1, 1, '2018-12-31', 20181231, 1, 1, 'January', 'Jan', 1, 2019, 201901, 7, 3, 2019, 'Not Month End', '2018-1-6')"
20190107,1/7/2019,1,7,7,Monday,Mon,Weekday,2,2,1/7/2019,20190107,1,1,January,Jan,1,2019,201901,7,3,2019,Not Month End,1/7/2018,,"insert into Date_Dimension values(20190107, '2019-1-7',1, 7, 7, 'Monday', 'Mon', 'Weekday', 2, 2, '2019-1-7', 20190107, 1, 1, 'January', 'Jan', 1, 2019, 201901, 7, 3, 2019, 'Not Month End', '2018-1-7')"
20190108,1/8/2019,2,8,8,Tuesday,Tue,Weekday,2,2,1/7/2019,20190107,1,1,January,Jan,1,2019,201901,7,3,2019,Not Month End,1/8/2018,,"insert into Date_Dimension values(20190108, '2019-1-8',2, 8, 8, 'Tuesday', 'Tue', 'Weekday', 2, 2, '2019-1-7', 20190107, 1, 1, 'January', 'Jan', 1, 2019, 201901, 7, 3, 2019, 'Not Month End', '2018-1-8')"
20190109,1/9/2019,3,9,9,Wednesday,Wed,Weekday,2,2,1/7/2019,20190107,1,1,January,Jan,1,2019,201901,7,3,2019,Not Month End,1/9/2018,,"insert into Date_Dimension values(20190109, '2019-1-9',3, 9, 9, 'Wednesday', 'Wed', 'Weekday', 2, 2, '2019-1-7', 20190107, 1, 1, 'January', 'Jan', 1, 2019, 201901, 7, 3, 2019, 'Not Month End', '2018-1-9')"
20190110,1/10/2019,4,10,10,Thursday,Thu,Weekday,2,2,1/7/2019,20190107,1,1,January,Jan,1,2019,201901,7,3,2019,Not Month End,1/10/2018,,"insert into Date_Dimension values(20190110, '2019-1-10',4, 10, 10, 'Thursday', 'Thu', 'Weekday', 2, 2, '2019-1-7', 20190107, 1, 1, 'January', 'Jan', 1, 2019, 201901, 7, 3, 2019, 'Not Month End', '2018-1-10')"
20190111,1/11/2019,5,11,11,Friday,Fri,Weekday,2,2,1/7/2019,20190107,1,1,January,Jan,1,2019,201901,7,3,2019,Not Month End,1/11/2018,,"insert into Date_Dimension values(20190111, '2019-1-11',5, 11, 11, 'Friday', 'Fri', 'Weekday', 2, 2, '2019-1-7', 20190107, 1, 1, 'January', 'Jan', 1, 2019, 201901, 7, 3, 2019, 'Not Month End', '2018-1-11')"
20190112,1/12/2019,6,12,12,Saturday,Sat,Weekend,2,2,1/7/2019,20190107,1,1,January,Jan,1,2019,201901,7,3,2019,Not Month End,1/12/2018,,"insert into Date_Dimension values(20190112, '2019-1-12',6, 12, 12, 'Saturday', 'Sat', 'Weekend', 2, 2, '2019-1-7', 20190107, 1, 1, 'January', 'Jan', 1, 2019, 201901, 7, 3, 2019, 'Not Month End', '2018-1-12')"
20190113,1/13/2019,7,13,13,Sunday,Sun,Weekend,2,2,1/7/2019,20190107,1,1,January,Jan,1,2019,201901,7,3,2019,Not Month End,1/13/2018,,"insert into Date_Dimension values(20190113, '2019-1-13',7, 13, 13, 'Sunday', 'Sun', 'Weekend', 2, 2, '2019-1-7', 20190107, 1, 1, 'January', 'Jan', 1, 2019, 201901, 7, 3, 2019, 'Not Month End', '2018-1-13')"
20190114,1/14/2019,1,14,14,Monday,Mon,Weekday,3,3,1/14/2019,20190114,1,1,January,Jan,1,2019,201901,7,3,2019,Not Month End,1/14/2018,,"insert into Date_Dimension values(20190114, '2019-1-14',1, 14, 14, 'Monday', 'Mon', 'Weekday', 3, 3, '2019-1-14', 20190114, 1, 1, 'January', 'Jan', 1, 2019, 201901, 7, 3, 2019, 'Not Month End', '2018-1-14')"
20190115,1/15/2019,2,15,15,Tuesday,Tue,Weekday,3,3,1/14/2019,20190114,1,1,January,Jan,1,2019,201901,7,3,2019,Not Month End,1/15/2018,,"insert into Date_Dimension values(20190115, '2019-1-15',2, 15, 15, 'Tuesday', 'Tue', 'Weekday', 3, 3, '2019-1-14', 20190114, 1, 1, 'January', 'Jan', 1, 2019, 201901, 7, 3, 2019, 'Not Month End', '2018-1-15')"
20190116,1/16/2019,3,16,16,Wednesday,Wed,Weekday,3,3,1/14/2019,20190114,1,1,January,Jan,1,2019,201901,7,3,2019,Not Month End,1/16/2018,,"insert into Date_Dimension values(20190116, '2019-1-16',3, 16, 16, 'Wednesday', 'Wed', 'Weekday', 3, 3, '2019-1-14', 20190114, 1, 1, 'January', 'Jan', 1, 2019, 201901, 7, 3, 2019, 'Not Month End', '2018-1-16')"
20190117,1/17/2019,4,17,17,Thursday,Thu,Weekday,3,3,1/14/2019,20190114,1,1,January,Jan,1,2019,201901,7,3,2019,Not Month End,1/17/2018,,"insert into Date_Dimension values(20190117, '2019-1-17',4, 17, 17, 'Thursday', 'Thu', 'Weekday', 3, 3, '2019-1-14', 20190114, 1, 1, 'January', 'Jan', 1, 2019, 201901, 7, 3, 2019, 'Not Month End', '2018-1-17')"
20190118,1/18/2019,5,18,18,Friday,Fri,Weekday,3,3,1/14/2019,20190114,1,1,January,Jan,1,2019,201901,7,3,2019,Not Month End,1/18/2018,,"insert into Date_Dimension values(20190118, '2019-1-18',5, 18, 18, 'Friday', 'Fri', 'Weekday', 3, 3, '2019-1-14', 20190114, 1, 1, 'January', 'Jan', 1, 2019, 201901, 7, 3, 2019, 'Not Month End', '2018-1-18')"
20190119,1/19/2019,6,19,19,Saturday,Sat,Weekend,3,3,1/14/2019,20190114,1,1,January,Jan,1,2019,201901,7,3,2019,Not Month End,1/19/2018,,"insert into Date_Dimension values(20190119, '2019-1-19',6, 19, 19, 'Saturday', 'Sat', 'Weekend', 3, 3, '2019-1-14', 20190114, 1, 1, 'January', 'Jan', 1, 2019, 201901, 7, 3, 2019, 'Not Month End', '2018-1-19')"
20190120,1/20/2019,7,20,20,Sunday,Sun,Weekend,3,3,1/14/2019,20190114,1,1,January,Jan,1,2019,201901,7,3,2019,Not Month End,1/20/2018,,"insert into Date_Dimension values(20190120, '2019-1-20',7, 20, 20, 'Sunday', 'Sun', 'Weekend', 3, 3, '2019-1-14', 20190114, 1, 1, 'January', 'Jan', 1, 2019, 201901, 7, 3, 2019, 'Not Month End', '2018-1-20')"
20190121,1/21/2019,1,21,21,Monday,Mon,Weekday,4,4,1/21/2019,20190121,1,1,January,Jan,1,2019,201901,7,3,2019,Not Month End,1/21/2018,,"insert into Date_Dimension values(20190121, '2019-1-21',1, 21, 21, 'Monday', 'Mon', 'Weekday', 4, 4, '2019-1-21', 20190121, 1, 1, 'January', 'Jan', 1, 2019, 201901, 7, 3, 2019, 'Not Month End', '2018-1-21')"
20190122,1/22/2019,2,22,22,Tuesday,Tue,Weekday,4,4,1/21/2019,20190121,1,1,January,Jan,1,2019,201901,7,3,2019,Not Month End,1/22/2018,,"insert into Date_Dimension values(20190122, '2019-1-22',2, 22, 22, 'Tuesday', 'Tue', 'Weekday', 4, 4, '2019-1-21', 20190121, 1, 1, 'January', 'Jan', 1, 2019, 201901, 7, 3, 2019, 'Not Month End', '2018-1-22')"
20190123,1/23/2019,3,23,23,Wednesday,Wed,Weekday,4,4,1/21/2019,20190121,1,1,January,Jan,1,2019,201901,7,3,2019,Not Month End,1/23/2018,,"insert into Date_Dimension values(20190123, '2019-1-23',3, 23, 23, 'Wednesday', 'Wed', 'Weekday', 4, 4, '2019-1-21', 20190121, 1, 1, 'January', 'Jan', 1, 2019, 201901, 7, 3, 2019, 'Not Month End', '2018-1-23')"
20190124,1/24/2019,4,24,24,Thursday,Thu,Weekday,4,4,1/21/2019,20190121,1,1,January,Jan,1,2019,201901,7,3,2019,Not Month End,1/24/2018,,"insert into Date_Dimension values(20190124, '2019-1-24',4, 24, 24, 'Thursday', 'Thu', 'Weekday', 4, 4, '2019-1-21', 20190121, 1, 1, 'January', 'Jan', 1, 2019, 201901, 7, 3, 2019, 'Not Month End', '2018-1-24')"
20190125,1/25/2019,5,25,25,Friday,Fri,Weekday,4,4,1/21/2019,20190121,1,1,January,Jan,1,2019,201901,7,3,2019,Not Month End,1/25/2018,,"insert into Date_Dimension values(20190125, '2019-1-25',5, 25, 25, 'Friday', 'Fri', 'Weekday', 4, 4, '2019-1-21', 20190121, 1, 1, 'January', 'Jan', 1, 2019, 201901, 7, 3, 2019, 'Not Month End', '2018-1-25')"
20190126,1/26/2019,6,26,26,Saturday,Sat,Weekend,4,4,1/21/2019,20190121,1,1,January,Jan,1,2019,201901,7,3,2019,Not Month End,1/26/2018,,"insert into Date_Dimension values(20190126, '2019-1-26',6, 26, 26, 'Saturday', 'Sat', 'Weekend', 4, 4, '2019-1-21', 20190121, 1, 1, 'January', 'Jan', 1, 2019, 201901, 7, 3, 2019, 'Not Month End', '2018-1-26')"
20190127,1/27/2019,7,27,27,Sunday,Sun,Weekend,4,4,1/21/2019,20190121,1,1,January,Jan,1,2019,201901,7,3,2019,Not Month End,1/27/2018,,"insert into Date_Dimension values(20190127, '2019-1-27',7, 27, 27, 'Sunday', 'Sun', 'Weekend', 4, 4, '2019-1-21', 20190121, 1, 1, 'January', 'Jan', 1, 2019, 201901, 7, 3, 2019, 'Not Month End', '2018-1-27')"
20190128,1/28/2019,1,28,28,Monday,Mon,Weekday,5,5,1/28/2019,20190128,1,1,January,Jan,1,2019,201901,7,3,2019,Not Month End,1/28/2018,,"insert into Date_Dimension values(20190128, '2019-1-28',1, 28, 28, 'Monday', 'Mon', 'Weekday', 5, 5, '2019-1-28', 20190128, 1, 1, 'January', 'Jan', 1, 2019, 201901, 7, 3, 2019, 'Not Month End', '2018-1-28')"
20190129,1/29/2019,2,29,29,Tuesday,Tue,Weekday,5,5,1/28/2019,20190128,1,1,January,Jan,1,2019,201901,7,3,2019,Not Month End,1/29/2018,,"insert into Date_Dimension values(20190129, '2019-1-29',2, 29, 29, 'Tuesday', 'Tue', 'Weekday', 5, 5, '2019-1-28', 20190128, 1, 1, 'January', 'Jan', 1, 2019, 201901, 7, 3, 2019, 'Not Month End', '2018-1-29')"
20190130,1/30/2019,3,30,30,Wednesday,Wed,Weekday,5,5,1/28/2019,20190128,1,1,January,Jan,1,2019,201901,7,3,2019,Not Month End,1/30/2018,,"insert into Date_Dimension values(20190130, '2019-1-30',3, 30, 30, 'Wednesday', 'Wed', 'Weekday', 5, 5, '2019-1-28', 20190128, 1, 1, 'January', 'Jan', 1, 2019, 201901, 7, 3, 2019, 'Not Month End', '2018-1-30')"
20190131,1/31/2019,4,31,31,Thursday,Thu,Weekday,5,5,1/28/2019,20190128,1,1,January,Jan,1,2019,201901,7,3,2019,Month End,1/31/2018,,"insert into Date_Dimension values(20190131, '2019-1-31',4, 31, 31, 'Thursday', 'Thu', 'Weekday', 5, 5, '2019-1-28', 20190128, 1, 1, 'January', 'Jan', 1, 2019, 201901, 7, 3, 2019, 'Month End', '2018-1-31')"
20190201,2/1/2019,5,1,32,Friday,Fri,Weekday,5,5,1/28/2019,20190128,2,2,February,Feb,1,2019,201902,8,3,2019,Not Month End,2/1/2018,,"insert into Date_Dimension values(20190201, '2019-2-1',5, 1, 32, 'Friday', 'Fri', 'Weekday', 5, 5, '2019-1-28', 20190128, 2, 2, 'February', 'Feb', 1, 2019, 201902, 8, 3, 2019, 'Not Month End', '2018-2-1')"
20190202,2/2/2019,6,2,33,Saturday,Sat,Weekend,5,5,1/28/2019,20190128,2,2,February,Feb,1,2019,201902,8,3,2019,Not Month End,2/2/2018,,"insert into Date_Dimension values(20190202, '2019-2-2',6, 2, 33, 'Saturday', 'Sat', 'Weekend', 5, 5, '2019-1-28', 20190128, 2, 2, 'February', 'Feb', 1, 2019, 201902, 8, 3, 2019, 'Not Month End', '2018-2-2')"
20190203,2/3/2019,7,3,34,Sunday,Sun,Weekend,5,5,1/28/2019,20190128,2,2,February,Feb,1,2019,201902,8,3,2019,Not Month End,2/3/2018,,"insert into Date_Dimension values(20190203, '2019-2-3',7, 3, 34, 'Sunday', 'Sun', 'Weekend', 5, 5, '2019-1-28', 20190128, 2, 2, 'February', 'Feb', 1, 2019, 201902, 8, 3, 2019, 'Not Month End', '2018-2-3')"
20190204,2/4/2019,1,4,35,Monday,Mon,Weekday,6,6,2/4/2019,20190204,2,2,February,Feb,1,2019,201902,8,3,2019,Not Month End,2/4/2018,,"insert into Date_Dimension values(20190204, '2019-2-4',1, 4, 35, 'Monday', 'Mon', 'Weekday', 6, 6, '2019-2-4', 20190204, 2, 2, 'February', 'Feb', 1, 2019, 201902, 8, 3, 2019, 'Not Month End', '2018-2-4')"
20190205,2/5/2019,2,5,36,Tuesday,Tue,Weekday,6,6,2/4/2019,20190204,2,2,February,Feb,1,2019,201902,8,3,2019,Not Month End,2/5/2018,,"insert into Date_Dimension values(20190205, '2019-2-5',2, 5, 36, 'Tuesday', 'Tue', 'Weekday', 6, 6, '2019-2-4', 20190204, 2, 2, 'February', 'Feb', 1, 2019, 201902, 8, 3, 2019, 'Not Month End', '2018-2-5')"
20190206,2/6/2019,3,6,37,Wednesday,Wed,Weekday,6,6,2/4/2019,20190204,2,2,February,Feb,1,2019,201902,8,3,2019,Not Month End,2/6/2018,,"insert into Date_Dimension values(20190206, '2019-2-6',3, 6, 37, 'Wednesday', 'Wed', 'Weekday', 6, 6, '2019-2-4', 20190204, 2, 2, 'February', 'Feb', 1, 2019, 201902, 8, 3, 2019, 'Not Month End', '2018-2-6')"
20190207,2/7/2019,4,7,38,Thursday,Thu,Weekday,6,6,2/4/2019,20190204,2,2,February,Feb,1,2019,201902,8,3,2019,Not Month End,2/7/2018,,"insert into Date_Dimension values(20190207, '2019-2-7',4, 7, 38, 'Thursday', 'Thu', 'Weekday', 6, 6, '2019-2-4', 20190204, 2, 2, 'February', 'Feb', 1, 2019, 201902, 8, 3, 2019, 'Not Month End', '2018-2-7')"
20190208,2/8/2019,5,8,39,Friday,Fri,Weekday,6,6,2/4/2019,20190204,2,2,February,Feb,1,2019,201902,8,3,2019,Not Month End,2/8/2018,,"insert into Date_Dimension values(20190208, '2019-2-8',5, 8, 39, 'Friday', 'Fri', 'Weekday', 6, 6, '2019-2-4', 20190204, 2, 2, 'February', 'Feb', 1, 2019, 201902, 8, 3, 2019, 'Not Month End', '2018-2-8')"
20190209,2/9/2019,6,9,40,Saturday,Sat,Weekend,6,6,2/4/2019,20190204,2,2,February,Feb,1,2019,201902,8,3,2019,Not Month End,2/9/2018,,"insert into Date_Dimension values(20190209, '2019-2-9',6, 9, 40, 'Saturday', 'Sat', 'Weekend', 6, 6, '2019-2-4', 20190204, 2, 2, 'February', 'Feb', 1, 2019, 201902, 8, 3, 2019, 'Not Month End', '2018-2-9')"
20190210,2/10/2019,7,10,41,Sunday,Sun,Weekend,6,6,2/4/2019,20190204,2,2,February,Feb,1,2019,201902,8,3,2019,Not Month End,2/10/2018,,"insert into Date_Dimension values(20190210, '2019-2-10',7, 10, 41, 'Sunday', 'Sun', 'Weekend', 6, 6, '2019-2-4', 20190204, 2, 2, 'February', 'Feb', 1, 2019, 201902, 8, 3, 2019, 'Not Month End', '2018-2-10')"
20190211,2/11/2019,1,11,42,Monday,Mon,Weekday,7,7,2/11/2019,20190211,2,2,February,Feb,1,2019,201902,8,3,2019,Not Month End,2/11/2018,,"insert into Date_Dimension values(20190211, '2019-2-11',1, 11, 42, 'Monday', 'Mon', 'Weekday', 7, 7, '2019-2-11', 20190211, 2, 2, 'February', 'Feb', 1, 2019, 201902, 8, 3, 2019, 'Not Month End', '2018-2-11')"
20190212,2/12/2019,2,12,43,Tuesday,Tue,Weekday,7,7,2/11/2019,20190211,2,2,February,Feb,1,2019,201902,8,3,2019,Not Month End,2/12/2018,,"insert into Date_Dimension values(20190212, '2019-2-12',2, 12, 43, 'Tuesday', 'Tue', 'Weekday', 7, 7, '2019-2-11', 20190211, 2, 2, 'February', 'Feb', 1, 2019, 201902, 8, 3, 2019, 'Not Month End', '2018-2-12')"
20190213,2/13/2019,3,13,44,Wednesday,Wed,Weekday,7,7,2/11/2019,20190211,2,2,February,Feb,1,2019,201902,8,3,2019,Not Month End,2/13/2018,,"insert into Date_Dimension values(20190213, '2019-2-13',3, 13, 44, 'Wednesday', 'Wed', 'Weekday', 7, 7, '2019-2-11', 20190211, 2, 2, 'February', 'Feb', 1, 2019, 201902, 8, 3, 2019, 'Not Month End', '2018-2-13')"
20190214,2/14/2019,4,14,45,Thursday,Thu,Weekday,7,7,2/11/2019,20190211,2,2,February,Feb,1,2019,201902,8,3,2019,Not Month End,2/14/2018,,"insert into Date_Dimension values(20190214, '2019-2-14',4, 14, 45, 'Thursday', 'Thu', 'Weekday', 7, 7, '2019-2-11', 20190211, 2, 2, 'February', 'Feb', 1, 2019, 201902, 8, 3, 2019, 'Not Month End', '2018-2-14')"
20190215,2/15/2019,5,15,46,Friday,Fri,Weekday,7,7,2/11/2019,20190211,2,2,February,Feb,1,2019,201902,8,3,2019,Not Month End,2/15/2018,,"insert into Date_Dimension values(20190215, '2019-2-15',5, 15, 46, 'Friday', 'Fri', 'Weekday', 7, 7, '2019-2-11', 20190211, 2, 2, 'February', 'Feb', 1, 2019, 201902, 8, 3, 2019, 'Not Month End', '2018-2-15')"
20190216,2/16/2019,6,16,47,Saturday,Sat,Weekend,7,7,2/11/2019,20190211,2,2,February,Feb,1,2019,201902,8,3,2019,Not Month End,2/16/2018,,"insert into Date_Dimension values(20190216, '2019-2-16',6, 16, 47, 'Saturday', 'Sat', 'Weekend', 7, 7, '2019-2-11', 20190211, 2, 2, 'February', 'Feb', 1, 2019, 201902, 8, 3, 2019, 'Not Month End', '2018-2-16')"
20190217,2/17/2019,7,17,48,Sunday,Sun,Weekend,7,7,2/11/2019,20190211,2,2,February,Feb,1,2019,201902,8,3,2019,Not Month End,2/17/2018,,"insert into Date_Dimension values(20190217, '2019-2-17',7, 17, 48, 'Sunday', 'Sun', 'Weekend', 7, 7, '2019-2-11', 20190211, 2, 2, 'February', 'Feb', 1, 2019, 201902, 8, 3, 2019, 'Not Month End', '2018-2-17')"
20190218,2/18/2019,1,18,49,Monday,Mon,Weekday,8,8,2/18/2019,20190218,2,2,February,Feb,1,2019,201902,8,3,2019,Not Month End,2/18/2018,,"insert into Date_Dimension values(20190218, '2019-2-18',1, 18, 49, 'Monday', 'Mon', 'Weekday', 8, 8, '2019-2-18', 20190218, 2, 2, 'February', 'Feb', 1, 2019, 201902, 8, 3, 2019, 'Not Month End', '2018-2-18')"
20190219,2/19/2019,2,19,50,Tuesday,Tue,Weekday,8,8,2/18/2019,20190218,2,2,February,Feb,1,2019,201902,8,3,2019,Not Month End,2/19/2018,,"insert into Date_Dimension values(20190219, '2019-2-19',2, 19, 50, 'Tuesday', 'Tue', 'Weekday', 8, 8, '2019-2-18', 20190218, 2, 2, 'February', 'Feb', 1, 2019, 201902, 8, 3, 2019, 'Not Month End', '2018-2-19')"
20190220,2/20/2019,3,20,51,Wednesday,Wed,Weekday,8,8,2/18/2019,20190218,2,2,February,Feb,1,2019,201902,8,3,2019,Not Month End,2/20/2018,,"insert into Date_Dimension values(20190220, '2019-2-20',3, 20, 51, 'Wednesday', 'Wed', 'Weekday', 8, 8, '2019-2-18', 20190218, 2, 2, 'February', 'Feb', 1, 2019, 201902, 8, 3, 2019, 'Not Month End', '2018-2-20')"
20190221,2/21/2019,4,21,52,Thursday,Thu,Weekday,8,8,2/18/2019,20190218,2,2,February,Feb,1,2019,201902,8,3,2019,Not Month End,2/21/2018,,"insert into Date_Dimension values(20190221, '2019-2-21',4, 21, 52, 'Thursday', 'Thu', 'Weekday', 8, 8, '2019-2-18', 20190218, 2, 2, 'February', 'Feb', 1, 2019, 201902, 8, 3, 2019, 'Not Month End', '2018-2-21')"
20190222,2/22/2019,5,22,53,Friday,Fri,Weekday,8,8,2/18/2019,20190218,2,2,February,Feb,1,2019,201902,8,3,2019,Not Month End,2/22/2018,,"insert into Date_Dimension values(20190222, '2019-2-22',5, 22, 53, 'Friday', 'Fri', 'Weekday', 8, 8, '2019-2-18', 20190218, 2, 2, 'February', 'Feb', 1, 2019, 201902, 8, 3, 2019, 'Not Month End', '2018-2-22')"
20190223,2/23/2019,6,23,54,Saturday,Sat,Weekend,8,8,2/18/2019,20190218,2,2,February,Feb,1,2019,201902,8,3,2019,Not Month End,2/23/2018,,"insert into Date_Dimension values(20190223, '2019-2-23',6, 23, 54, 'Saturday', 'Sat', 'Weekend', 8, 8, '2019-2-18', 20190218, 2, 2, 'February', 'Feb', 1, 2019, 201902, 8, 3, 2019, 'Not Month End', '2018-2-23')"
20190224,2/24/2019,7,24,55,Sunday,Sun,Weekend,8,8,2/18/2019,20190218,2,2,February,Feb,1,2019,201902,8,3,2019,Not Month End,2/24/2018,,"insert into Date_Dimension values(20190224, '2019-2-24',7, 24, 55, 'Sunday', 'Sun', 'Weekend', 8, 8, '2019-2-18', 20190218, 2, 2, 'February', 'Feb', 1, 2019, 201902, 8, 3, 2019, 'Not Month End', '2018-2-24')"
20190225,2/25/2019,1,25,56,Monday,Mon,Weekday,9,9,2/25/2019,20190225,2,2,February,Feb,1,2019,201902,8,3,2019,Not Month End,2/25/2018,,"insert into Date_Dimension values(20190225, '2019-2-25',1, 25, 56, 'Monday', 'Mon', 'Weekday', 9, 9, '2019-2-25', 20190225, 2, 2, 'February', 'Feb', 1, 2019, 201902, 8, 3, 2019, 'Not Month End', '2018-2-25')"
20190226,2/26/2019,2,26,57,Tuesday,Tue,Weekday,9,9,2/25/2019,20190225,2,2,February,Feb,1,2019,201902,8,3,2019,Not Month End,2/26/2018,,"insert into Date_Dimension values(20190226, '2019-2-26',2, 26, 57, 'Tuesday', 'Tue', 'Weekday', 9, 9, '2019-2-25', 20190225, 2, 2, 'February', 'Feb', 1, 2019, 201902, 8, 3, 2019, 'Not Month End', '2018-2-26')"
20190227,2/27/2019,3,27,58,Wednesday,Wed,Weekday,9,9,2/25/2019,20190225,2,2,February,Feb,1,2019,201902,8,3,2019,Not Month End,2/27/2018,,"insert into Date_Dimension values(20190227, '2019-2-27',3, 27, 58, 'Wednesday', 'Wed', 'Weekday', 9, 9, '2019-2-25', 20190225, 2, 2, 'February', 'Feb', 1, 2019, 201902, 8, 3, 2019, 'Not Month End', '2018-2-27')"
20190228,2/28/2019,4,28,59,Thursday,Thu,Weekday,9,9,2/25/2019,20190225,2,2,February,Feb,1,2019,201902,8,3,2019,Month End,2/28/2018,,"insert into Date_Dimension values(20190228, '2019-2-28',4, 28, 59, 'Thursday', 'Thu', 'Weekday', 9, 9, '2019-2-25', 20190225, 2, 2, 'February', 'Feb', 1, 2019, 201902, 8, 3, 2019, 'Month End', '2018-2-28')"
20190301,3/1/2019,5,1,60,Friday,Fri,Weekday,9,9,2/25/2019,20190225,3,3,March,Mar,1,2019,201903,9,3,2019,Not Month End,3/1/2018,,"insert into Date_Dimension values(20190301, '2019-3-1',5, 1, 60, 'Friday', 'Fri', 'Weekday', 9, 9, '2019-2-25', 20190225, 3, 3, 'March', 'Mar', 1, 2019, 201903, 9, 3, 2019, 'Not Month End', '2018-3-1')"
20190302,3/2/2019,6,2,61,Saturday,Sat,Weekend,9,9,2/25/2019,20190225,3,3,March,Mar,1,2019,201903,9,3,2019,Not Month End,3/2/2018,,"insert into Date_Dimension values(20190302, '2019-3-2',6, 2, 61, 'Saturday', 'Sat', 'Weekend', 9, 9, '2019-2-25', 20190225, 3, 3, 'March', 'Mar', 1, 2019, 201903, 9, 3, 2019, 'Not Month End', '2018-3-2')"
20190303,3/3/2019,7,3,62,Sunday,Sun,Weekend,9,9,2/25/2019,20190225,3,3,March,Mar,1,2019,201903,9,3,2019,Not Month End,3/3/2018,,"insert into Date_Dimension values(20190303, '2019-3-3',7, 3, 62, 'Sunday', 'Sun', 'Weekend', 9, 9, '2019-2-25', 20190225, 3, 3, 'March', 'Mar', 1, 2019, 201903, 9, 3, 2019, 'Not Month End', '2018-3-3')"
20190304,3/4/2019,1,4,63,Monday,Mon,Weekday,10,10,3/4/2019,20190304,3,3,March,Mar,1,2019,201903,9,3,2019,Not Month End,3/4/2018,,"insert into Date_Dimension values(20190304, '2019-3-4',1, 4, 63, 'Monday', 'Mon', 'Weekday', 10, 10, '2019-3-4', 20190304, 3, 3, 'March', 'Mar', 1, 2019, 201903, 9, 3, 2019, 'Not Month End', '2018-3-4')"
20190305,3/5/2019,2,5,64,Tuesday,Tue,Weekday,10,10,3/4/2019,20190304,3,3,March,Mar,1,2019,201903,9,3,2019,Not Month End,3/5/2018,,"insert into Date_Dimension values(20190305, '2019-3-5',2, 5, 64, 'Tuesday', 'Tue', 'Weekday', 10, 10, '2019-3-4', 20190304, 3, 3, 'March', 'Mar', 1, 2019, 201903, 9, 3, 2019, 'Not Month End', '2018-3-5')"
20190306,3/6/2019,3,6,65,Wednesday,Wed,Weekday,10,10,3/4/2019,20190304,3,3,March,Mar,1,2019,201903,9,3,2019,Not Month End,3/6/2018,,"insert into Date_Dimension values(20190306, '2019-3-6',3, 6, 65, 'Wednesday', 'Wed', 'Weekday', 10, 10, '2019-3-4', 20190304, 3, 3, 'March', 'Mar', 1, 2019, 201903, 9, 3, 2019, 'Not Month End', '2018-3-6')"
20190307,3/7/2019,4,7,66,Thursday,Thu,Weekday,10,10,3/4/2019,20190304,3,3,March,Mar,1,2019,201903,9,3,2019,Not Month End,3/7/2018,,"insert into Date_Dimension values(20190307, '2019-3-7',4, 7, 66, 'Thursday', 'Thu', 'Weekday', 10, 10, '2019-3-4', 20190304, 3, 3, 'March', 'Mar', 1, 2019, 201903, 9, 3, 2019, 'Not Month End', '2018-3-7')"
20190308,3/8/2019,5,8,67,Friday,Fri,Weekday,10,10,3/4/2019,20190304,3,3,March,Mar,1,2019,201903,9,3,2019,Not Month End,3/8/2018,,"insert into Date_Dimension values(20190308, '2019-3-8',5, 8, 67, 'Friday', 'Fri', 'Weekday', 10, 10, '2019-3-4', 20190304, 3, 3, 'March', 'Mar', 1, 2019, 201903, 9, 3, 2019, 'Not Month End', '2018-3-8')"
20190309,3/9/2019,6,9,68,Saturday,Sat,Weekend,10,10,3/4/2019,20190304,3,3,March,Mar,1,2019,201903,9,3,2019,Not Month End,3/9/2018,,"insert into Date_Dimension values(20190309, '2019-3-9',6, 9, 68, 'Saturday', 'Sat', 'Weekend', 10, 10, '2019-3-4', 20190304, 3, 3, 'March', 'Mar', 1, 2019, 201903, 9, 3, 2019, 'Not Month End', '2018-3-9')"
20190310,3/10/2019,7,10,69,Sunday,Sun,Weekend,10,10,3/4/2019,20190304,3,3,March,Mar,1,2019,201903,9,3,2019,Not Month End,3/10/2018,,"insert into Date_Dimension values(20190310, '2019-3-10',7, 10, 69, 'Sunday', 'Sun', 'Weekend', 10, 10, '2019-3-4', 20190304, 3, 3, 'March', 'Mar', 1, 2019, 201903, 9, 3, 2019, 'Not Month End', '2018-3-10')"
20190311,3/11/2019,1,11,70,Monday,Mon,Weekday,11,11,3/11/2019,20190311,3,3,March,Mar,1,2019,201903,9,3,2019,Not Month End,3/11/2018,,"insert into Date_Dimension values(20190311, '2019-3-11',1, 11, 70, 'Monday', 'Mon', 'Weekday', 11, 11, '2019-3-11', 20190311, 3, 3, 'March', 'Mar', 1, 2019, 201903, 9, 3, 2019, 'Not Month End', '2018-3-11')"
20190312,3/12/2019,2,12,71,Tuesday,Tue,Weekday,11,11,3/11/2019,20190311,3,3,March,Mar,1,2019,201903,9,3,2019,Not Month End,3/12/2018,,"insert into Date_Dimension values(20190312, '2019-3-12',2, 12, 71, 'Tuesday', 'Tue', 'Weekday', 11, 11, '2019-3-11', 20190311, 3, 3, 'March', 'Mar', 1, 2019, 201903, 9, 3, 2019, 'Not Month End', '2018-3-12')"
20190313,3/13/2019,3,13,72,Wednesday,Wed,Weekday,11,11,3/11/2019,20190311,3,3,March,Mar,1,2019,201903,9,3,2019,Not Month End,3/13/2018,,"insert into Date_Dimension values(20190313, '2019-3-13',3, 13, 72, 'Wednesday', 'Wed', 'Weekday', 11, 11, '2019-3-11', 20190311, 3, 3, 'March', 'Mar', 1, 2019, 201903, 9, 3, 2019, 'Not Month End', '2018-3-13')"
20190314,3/14/2019,4,14,73,Thursday,Thu,Weekday,11,11,3/11/2019,20190311,3,3,March,Mar,1,2019,201903,9,3,2019,Not Month End,3/14/2018,,"insert into Date_Dimension values(20190314, '2019-3-14',4, 14, 73, 'Thursday', 'Thu', 'Weekday', 11, 11, '2019-3-11', 20190311, 3, 3, 'March', 'Mar', 1, 2019, 201903, 9, 3, 2019, 'Not Month End', '2018-3-14')"
20190315,3/15/2019,5,15,74,Friday,Fri,Weekday,11,11,3/11/2019,20190311,3,3,March,Mar,1,2019,201903,9,3,2019,Not Month End,3/15/2018,,"insert into Date_Dimension values(20190315, '2019-3-15',5, 15, 74, 'Friday', 'Fri', 'Weekday', 11, 11, '2019-3-11', 20190311, 3, 3, 'March', 'Mar', 1, 2019, 201903, 9, 3, 2019, 'Not Month End', '2018-3-15')"
20190316,3/16/2019,6,16,75,Saturday,Sat,Weekend,11,11,3/11/2019,20190311,3,3,March,Mar,1,2019,201903,9,3,2019,Not Month End,3/16/2018,,"insert into Date_Dimension values(20190316, '2019-3-16',6, 16, 75, 'Saturday', 'Sat', 'Weekend', 11, 11, '2019-3-11', 20190311, 3, 3, 'March', 'Mar', 1, 2019, 201903, 9, 3, 2019, 'Not Month End', '2018-3-16')"
20190317,3/17/2019,7,17,76,Sunday,Sun,Weekend,11,11,3/11/2019,20190311,3,3,March,Mar,1,2019,201903,9,3,2019,Not Month End,3/17/2018,,"insert into Date_Dimension values(20190317, '2019-3-17',7, 17, 76, 'Sunday', 'Sun', 'Weekend', 11, 11, '2019-3-11', 20190311, 3, 3, 'March', 'Mar', 1, 2019, 201903, 9, 3, 2019, 'Not Month End', '2018-3-17')"
20190318,3/18/2019,1,18,77,Monday,Mon,Weekday,12,12,3/18/2019,20190318,3,3,March,Mar,1,2019,201903,9,3,2019,Not Month End,3/18/2018,,"insert into Date_Dimension values(20190318, '2019-3-18',1, 18, 77, 'Monday', 'Mon', 'Weekday', 12, 12, '2019-3-18', 20190318, 3, 3, 'March', 'Mar', 1, 2019, 201903, 9, 3, 2019, 'Not Month End', '2018-3-18')"
20190319,3/19/2019,2,19,78,Tuesday,Tue,Weekday,12,12,3/18/2019,20190318,3,3,March,Mar,1,2019,201903,9,3,2019,Not Month End,3/19/2018,,"insert into Date_Dimension values(20190319, '2019-3-19',2, 19, 78, 'Tuesday', 'Tue', 'Weekday', 12, 12, '2019-3-18', 20190318, 3, 3, 'March', 'Mar', 1, 2019, 201903, 9, 3, 2019, 'Not Month End', '2018-3-19')"
20190320,3/20/2019,3,20,79,Wednesday,Wed,Weekday,12,12,3/18/2019,20190318,3,3,March,Mar,1,2019,201903,9,3,2019,Not Month End,3/20/2018,,"insert into Date_Dimension values(20190320, '2019-3-20',3, 20, 79, 'Wednesday', 'Wed', 'Weekday', 12, 12, '2019-3-18', 20190318, 3, 3, 'March', 'Mar', 1, 2019, 201903, 9, 3, 2019, 'Not Month End', '2018-3-20')"
20190321,3/21/2019,4,21,80,Thursday,Thu,Weekday,12,12,3/18/2019,20190318,3,3,March,Mar,1,2019,201903,9,3,2019,Not Month End,3/21/2018,,"insert into Date_Dimension values(20190321, '2019-3-21',4, 21, 80, 'Thursday', 'Thu', 'Weekday', 12, 12, '2019-3-18', 20190318, 3, 3, 'March', 'Mar', 1, 2019, 201903, 9, 3, 2019, 'Not Month End', '2018-3-21')"
20190322,3/22/2019,5,22,81,Friday,Fri,Weekday,12,12,3/18/2019,20190318,3,3,March,Mar,1,2019,201903,9,3,2019,Not Month End,3/22/2018,,"insert into Date_Dimension values(20190322, '2019-3-22',5, 22, 81, 'Friday', 'Fri', 'Weekday', 12, 12, '2019-3-18', 20190318, 3, 3, 'March', 'Mar', 1, 2019, 201903, 9, 3, 2019, 'Not Month End', '2018-3-22')"
20190323,3/23/2019,6,23,82,Saturday,Sat,Weekend,12,12,3/18/2019,20190318,3,3,March,Mar,1,2019,201903,9,3,2019,Not Month End,3/23/2018,,"insert into Date_Dimension values(20190323, '2019-3-23',6, 23, 82, 'Saturday', 'Sat', 'Weekend', 12, 12, '2019-3-18', 20190318, 3, 3, 'March', 'Mar', 1, 2019, 201903, 9, 3, 2019, 'Not Month End', '2018-3-23')"
20190324,3/24/2019,7,24,83,Sunday,Sun,Weekend,12,12,3/18/2019,20190318,3,3,March,Mar,1,2019,201903,9,3,2019,Not Month End,3/24/2018,,"insert into Date_Dimension values(20190324, '2019-3-24',7, 24, 83, 'Sunday', 'Sun', 'Weekend', 12, 12, '2019-3-18', 20190318, 3, 3, 'March', 'Mar', 1, 2019, 201903, 9, 3, 2019, 'Not Month End', '2018-3-24')"
20190325,3/25/2019,1,25,84,Monday,Mon,Weekday,13,13,3/25/2019,20190325,3,3,March,Mar,1,2019,201903,9,3,2019,Not Month End,3/25/2018,,"insert into Date_Dimension values(20190325, '2019-3-25',1, 25, 84, 'Monday', 'Mon', 'Weekday', 13, 13, '2019-3-25', 20190325, 3, 3, 'March', 'Mar', 1, 2019, 201903, 9, 3, 2019, 'Not Month End', '2018-3-25')"
20190326,3/26/2019,2,26,85,Tuesday,Tue,Weekday,13,13,3/25/2019,20190325,3,3,March,Mar,1,2019,201903,9,3,2019,Not Month End,3/26/2018,,"insert into Date_Dimension values(20190326, '2019-3-26',2, 26, 85, 'Tuesday', 'Tue', 'Weekday', 13, 13, '2019-3-25', 20190325, 3, 3, 'March', 'Mar', 1, 2019, 201903, 9, 3, 2019, 'Not Month End', '2018-3-26')"
20190327,3/27/2019,3,27,86,Wednesday,Wed,Weekday,13,13,3/25/2019,20190325,3,3,March,Mar,1,2019,201903,9,3,2019,Not Month End,3/27/2018,,"insert into Date_Dimension values(20190327, '2019-3-27',3, 27, 86, 'Wednesday', 'Wed', 'Weekday', 13, 13, '2019-3-25', 20190325, 3, 3, 'March', 'Mar', 1, 2019, 201903, 9, 3, 2019, 'Not Month End', '2018-3-27')"
20190328,3/28/2019,4,28,87,Thursday,Thu,Weekday,13,13,3/25/2019,20190325,3,3,March,Mar,1,2019,201903,9,3,2019,Not Month End,3/28/2018,,"insert into Date_Dimension values(20190328, '2019-3-28',4, 28, 87, 'Thursday', 'Thu', 'Weekday', 13, 13, '2019-3-25', 20190325, 3, 3, 'March', 'Mar', 1, 2019, 201903, 9, 3, 2019, 'Not Month End', '2018-3-28')"
20190329,3/29/2019,5,29,88,Friday,Fri,Weekday,13,13,3/25/2019,20190325,3,3,March,Mar,1,2019,201903,9,3,2019,Not Month End,3/29/2018,,"insert into Date_Dimension values(20190329, '2019-3-29',5, 29, 88, 'Friday', 'Fri', 'Weekday', 13, 13, '2019-3-25', 20190325, 3, 3, 'March', 'Mar', 1, 2019, 201903, 9, 3, 2019, 'Not Month End', '2018-3-29')"
20190330,3/30/2019,6,30,89,Saturday,Sat,Weekend,13,13,3/25/2019,20190325,3,3,March,Mar,1,2019,201903,9,3,2019,Not Month End,3/30/2018,,"insert into Date_Dimension values(20190330, '2019-3-30',6, 30, 89, 'Saturday', 'Sat', 'Weekend', 13, 13, '2019-3-25', 20190325, 3, 3, 'March', 'Mar', 1, 2019, 201903, 9, 3, 2019, 'Not Month End', '2018-3-30')"
20190331,3/31/2019,7,31,90,Sunday,Sun,Weekend,13,13,3/25/2019,20190325,3,3,March,Mar,1,2019,201903,9,3,2019,Month End,3/31/2018,,"insert into Date_Dimension values(20190331, '2019-3-31',7, 31, 90, 'Sunday', 'Sun', 'Weekend', 13, 13, '2019-3-25', 20190325, 3, 3, 'March', 'Mar', 1, 2019, 201903, 9, 3, 2019, 'Month End', '2018-3-31')"
20190401,4/1/2019,1,1,91,Monday,Mon,Weekday,14,14,4/1/2019,20190401,4,4,April,Apr,2,2019,201904,10,4,2019,Not Month End,4/1/2018,,"insert into Date_Dimension values(20190401, '2019-4-1',1, 1, 91, 'Monday', 'Mon', 'Weekday', 14, 14, '2019-4-1', 20190401, 4, 4, 'April', 'Apr', 2, 2019, 201904, 10, 4, 2019, 'Not Month End', '2018-4-1')"
20190402,4/2/2019,2,2,92,Tuesday,Tue,Weekday,14,14,4/1/2019,20190401,4,4,April,Apr,2,2019,201904,10,4,2019,Not Month End,4/2/2018,,"insert into Date_Dimension values(20190402, '2019-4-2',2, 2, 92, 'Tuesday', 'Tue', 'Weekday', 14, 14, '2019-4-1', 20190401, 4, 4, 'April', 'Apr', 2, 2019, 201904, 10, 4, 2019, 'Not Month End', '2018-4-2')"
20190403,4/3/2019,3,3,93,Wednesday,Wed,Weekday,14,14,4/1/2019,20190401,4,4,April,Apr,2,2019,201904,10,4,2019,Not Month End,4/3/2018,,"insert into Date_Dimension values(20190403, '2019-4-3',3, 3, 93, 'Wednesday', 'Wed', 'Weekday', 14, 14, '2019-4-1', 20190401, 4, 4, 'April', 'Apr', 2, 2019, 201904, 10, 4, 2019, 'Not Month End', '2018-4-3')"
20190404,4/4/2019,4,4,94,Thursday,Thu,Weekday,14,14,4/1/2019,20190401,4,4,April,Apr,2,2019,201904,10,4,2019,Not Month End,4/4/2018,,"insert into Date_Dimension values(20190404, '2019-4-4',4, 4, 94, 'Thursday', 'Thu', 'Weekday', 14, 14, '2019-4-1', 20190401, 4, 4, 'April', 'Apr', 2, 2019, 201904, 10, 4, 2019, 'Not Month End', '2018-4-4')"
20190405,4/5/2019,5,5,95,Friday,Fri,Weekday,14,14,4/1/2019,20190401,4,4,April,Apr,2,2019,201904,10,4,2019,Not Month End,4/5/2018,,"insert into Date_Dimension values(20190405, '2019-4-5',5, 5, 95, 'Friday', 'Fri', 'Weekday', 14, 14, '2019-4-1', 20190401, 4, 4, 'April', 'Apr', 2, 2019, 201904, 10, 4, 2019, 'Not Month End', '2018-4-5')"
20190406,4/6/2019,6,6,96,Saturday,Sat,Weekend,14,14,4/1/2019,20190401,4,4,April,Apr,2,2019,201904,10,4,2019,Not Month End,4/6/2018,,"insert into Date_Dimension values(20190406, '2019-4-6',6, 6, 96, 'Saturday', 'Sat', 'Weekend', 14, 14, '2019-4-1', 20190401, 4, 4, 'April', 'Apr', 2, 2019, 201904, 10, 4, 2019, 'Not Month End', '2018-4-6')"
20190407,4/7/2019,7,7,97,Sunday,Sun,Weekend,14,14,4/1/2019,20190401,4,4,April,Apr,2,2019,201904,10,4,2019,Not Month End,4/7/2018,,"insert into Date_Dimension values(20190407, '2019-4-7',7, 7, 97, 'Sunday', 'Sun', 'Weekend', 14, 14, '2019-4-1', 20190401, 4, 4, 'April', 'Apr', 2, 2019, 201904, 10, 4, 2019, 'Not Month End', '2018-4-7')"
20190408,4/8/2019,1,8,98,Monday,Mon,Weekday,15,15,4/8/2019,20190408,4,4,April,Apr,2,2019,201904,10,4,2019,Not Month End,4/8/2018,,"insert into Date_Dimension values(20190408, '2019-4-8',1, 8, 98, 'Monday', 'Mon', 'Weekday', 15, 15, '2019-4-8', 20190408, 4, 4, 'April', 'Apr', 2, 2019, 201904, 10, 4, 2019, 'Not Month End', '2018-4-8')"
20190409,4/9/2019,2,9,99,Tuesday,Tue,Weekday,15,15,4/8/2019,20190408,4,4,April,Apr,2,2019,201904,10,4,2019,Not Month End,4/9/2018,,"insert into Date_Dimension values(20190409, '2019-4-9',2, 9, 99, 'Tuesday', 'Tue', 'Weekday', 15, 15, '2019-4-8', 20190408, 4, 4, 'April', 'Apr', 2, 2019, 201904, 10, 4, 2019, 'Not Month End', '2018-4-9')"
20190410,4/10/2019,3,10,100,Wednesday,Wed,Weekday,15,15,4/8/2019,20190408,4,4,April,Apr,2,2019,201904,10,4,2019,Not Month End,4/10/2018,,"insert into Date_Dimension values(20190410, '2019-4-10',3, 10, 100, 'Wednesday', 'Wed', 'Weekday', 15, 15, '2019-4-8', 20190408, 4, 4, 'April', 'Apr', 2, 2019, 201904, 10, 4, 2019, 'Not Month End', '2018-4-10')"
20190411,4/11/2019,4,11,101,Thursday,Thu,Weekday,15,15,4/8/2019,20190408,4,4,April,Apr,2,2019,201904,10,4,2019,Not Month End,4/11/2018,,"insert into Date_Dimension values(20190411, '2019-4-11',4, 11, 101, 'Thursday', 'Thu', 'Weekday', 15, 15, '2019-4-8', 20190408, 4, 4, 'April', 'Apr', 2, 2019, 201904, 10, 4, 2019, 'Not Month End', '2018-4-11')"
20190412,4/12/2019,5,12,102,Friday,Fri,Weekday,15,15,4/8/2019,20190408,4,4,April,Apr,2,2019,201904,10,4,2019,Not Month End,4/12/2018,,"insert into Date_Dimension values(20190412, '2019-4-12',5, 12, 102, 'Friday', 'Fri', 'Weekday', 15, 15, '2019-4-8', 20190408, 4, 4, 'April', 'Apr', 2, 2019, 201904, 10, 4, 2019, 'Not Month End', '2018-4-12')"
20190413,4/13/2019,6,13,103,Saturday,Sat,Weekend,15,15,4/8/2019,20190408,4,4,April,Apr,2,2019,201904,10,4,2019,Not Month End,4/13/2018,,"insert into Date_Dimension values(20190413, '2019-4-13',6, 13, 103, 'Saturday', 'Sat', 'Weekend', 15, 15, '2019-4-8', 20190408, 4, 4, 'April', 'Apr', 2, 2019, 201904, 10, 4, 2019, 'Not Month End', '2018-4-13')"
20190414,4/14/2019,7,14,104,Sunday,Sun,Weekend,15,15,4/8/2019,20190408,4,4,April,Apr,2,2019,201904,10,4,2019,Not Month End,4/14/2018,,"insert into Date_Dimension values(20190414, '2019-4-14',7, 14, 104, 'Sunday', 'Sun', 'Weekend', 15, 15, '2019-4-8', 20190408, 4, 4, 'April', 'Apr', 2, 2019, 201904, 10, 4, 2019, 'Not Month End', '2018-4-14')"
20190415,4/15/2019,1,15,105,Monday,Mon,Weekday,16,16,4/15/2019,20190415,4,4,April,Apr,2,2019,201904,10,4,2019,Not Month End,4/15/2018,,"insert into Date_Dimension values(20190415, '2019-4-15',1, 15, 105, 'Monday', 'Mon', 'Weekday', 16, 16, '2019-4-15', 20190415, 4, 4, 'April', 'Apr', 2, 2019, 201904, 10, 4, 2019, 'Not Month End', '2018-4-15')"
20190416,4/16/2019,2,16,106,Tuesday,Tue,Weekday,16,16,4/15/2019,20190415,4,4,April,Apr,2,2019,201904,10,4,2019,Not Month End,4/16/2018,,"insert into Date_Dimension values(20190416, '2019-4-16',2, 16, 106, 'Tuesday', 'Tue', 'Weekday', 16, 16, '2019-4-15', 20190415, 4, 4, 'April', 'Apr', 2, 2019, 201904, 10, 4, 2019, 'Not Month End', '2018-4-16')"
20190417,4/17/2019,3,17,107,Wednesday,Wed,Weekday,16,16,4/15/2019,20190415,4,4,April,Apr,2,2019,201904,10,4,2019,Not Month End,4/17/2018,,"insert into Date_Dimension values(20190417, '2019-4-17',3, 17, 107, 'Wednesday', 'Wed', 'Weekday', 16, 16, '2019-4-15', 20190415, 4, 4, 'April', 'Apr', 2, 2019, 201904, 10, 4, 2019, 'Not Month End', '2018-4-17')"
20190418,4/18/2019,4,18,108,Thursday,Thu,Weekday,16,16,4/15/2019,20190415,4,4,April,Apr,2,2019,201904,10,4,2019,Not Month End,4/18/2018,,"insert into Date_Dimension values(20190418, '2019-4-18',4, 18, 108, 'Thursday', 'Thu', 'Weekday', 16, 16, '2019-4-15', 20190415, 4, 4, 'April', 'Apr', 2, 2019, 201904, 10, 4, 2019, 'Not Month End', '2018-4-18')"
20190419,4/19/2019,5,19,109,Friday,Fri,Weekday,16,16,4/15/2019,20190415,4,4,April,Apr,2,2019,201904,10,4,2019,Not Month End,4/19/2018,,"insert into Date_Dimension values(20190419, '2019-4-19',5, 19, 109, 'Friday', 'Fri', 'Weekday', 16, 16, '2019-4-15', 20190415, 4, 4, 'April', 'Apr', 2, 2019, 201904, 10, 4, 2019, 'Not Month End', '2018-4-19')"
20190420,4/20/2019,6,20,110,Saturday,Sat,Weekend,16,16,4/15/2019,20190415,4,4,April,Apr,2,2019,201904,10,4,2019,Not Month End,4/20/2018,,"insert into Date_Dimension values(20190420, '2019-4-20',6, 20, 110, 'Saturday', 'Sat', 'Weekend', 16, 16, '2019-4-15', 20190415, 4, 4, 'April', 'Apr', 2, 2019, 201904, 10, 4, 2019, 'Not Month End', '2018-4-20')"
20190421,4/21/2019,7,21,111,Sunday,Sun,Weekend,16,16,4/15/2019,20190415,4,4,April,Apr,2,2019,201904,10,4,2019,Not Month End,4/21/2018,,"insert into Date_Dimension values(20190421, '2019-4-21',7, 21, 111, 'Sunday', 'Sun', 'Weekend', 16, 16, '2019-4-15', 20190415, 4, 4, 'April', 'Apr', 2, 2019, 201904, 10, 4, 2019, 'Not Month End', '2018-4-21')"
20190422,4/22/2019,1,22,112,Monday,Mon,Weekday,17,17,4/22/2019,20190422,4,4,April,Apr,2,2019,201904,10,4,2019,Not Month End,4/22/2018,,"insert into Date_Dimension values(20190422, '2019-4-22',1, 22, 112, 'Monday', 'Mon', 'Weekday', 17, 17, '2019-4-22', 20190422, 4, 4, 'April', 'Apr', 2, 2019, 201904, 10, 4, 2019, 'Not Month End', '2018-4-22')"
20190423,4/23/2019,2,23,113,Tuesday,Tue,Weekday,17,17,4/22/2019,20190422,4,4,April,Apr,2,2019,201904,10,4,2019,Not Month End,4/23/2018,,"insert into Date_Dimension values(20190423, '2019-4-23',2, 23, 113, 'Tuesday', 'Tue', 'Weekday', 17, 17, '2019-4-22', 20190422, 4, 4, 'April', 'Apr', 2, 2019, 201904, 10, 4, 2019, 'Not Month End', '2018-4-23')"
20190424,4/24/2019,3,24,114,Wednesday,Wed,Weekday,17,17,4/22/2019,20190422,4,4,April,Apr,2,2019,201904,10,4,2019,Not Month End,4/24/2018,,"insert into Date_Dimension values(20190424, '2019-4-24',3, 24, 114, 'Wednesday', 'Wed', 'Weekday', 17, 17, '2019-4-22', 20190422, 4, 4, 'April', 'Apr', 2, 2019, 201904, 10, 4, 2019, 'Not Month End', '2018-4-24')"
20190425,4/25/2019,4,25,115,Thursday,Thu,Weekday,17,17,4/22/2019,20190422,4,4,April,Apr,2,2019,201904,10,4,2019,Not Month End,4/25/2018,,"insert into Date_Dimension values(20190425, '2019-4-25',4, 25, 115, 'Thursday', 'Thu', 'Weekday', 17, 17, '2019-4-22', 20190422, 4, 4, 'April', 'Apr', 2, 2019, 201904, 10, 4, 2019, 'Not Month End', '2018-4-25')"
20190426,4/26/2019,5,26,116,Friday,Fri,Weekday,17,17,4/22/2019,20190422,4,4,April,Apr,2,2019,201904,10,4,2019,Not Month End,4/26/2018,,"insert into Date_Dimension values(20190426, '2019-4-26',5, 26, 116, 'Friday', 'Fri', 'Weekday', 17, 17, '2019-4-22', 20190422, 4, 4, 'April', 'Apr', 2, 2019, 201904, 10, 4, 2019, 'Not Month End', '2018-4-26')"
20190427,4/27/2019,6,27,117,Saturday,Sat,Weekend,17,17,4/22/2019,20190422,4,4,April,Apr,2,2019,201904,10,4,2019,Not Month End,4/27/2018,,"insert into Date_Dimension values(20190427, '2019-4-27',6, 27, 117, 'Saturday', 'Sat', 'Weekend', 17, 17, '2019-4-22', 20190422, 4, 4, 'April', 'Apr', 2, 2019, 201904, 10, 4, 2019, 'Not Month End', '2018-4-27')"
20190428,4/28/2019,7,28,118,Sunday,Sun,Weekend,17,17,4/22/2019,20190422,4,4,April,Apr,2,2019,201904,10,4,2019,Not Month End,4/28/2018,,"insert into Date_Dimension values(20190428, '2019-4-28',7, 28, 118, 'Sunday', 'Sun', 'Weekend', 17, 17, '2019-4-22', 20190422, 4, 4, 'April', 'Apr', 2, 2019, 201904, 10, 4, 2019, 'Not Month End', '2018-4-28')"
20190429,4/29/2019,1,29,119,Monday,Mon,Weekday,18,18,4/29/2019,20190429,4,4,April,Apr,2,2019,201904,10,4,2019,Not Month End,4/29/2018,,"insert into Date_Dimension values(20190429, '2019-4-29',1, 29, 119, 'Monday', 'Mon', 'Weekday', 18, 18, '2019-4-29', 20190429, 4, 4, 'April', 'Apr', 2, 2019, 201904, 10, 4, 2019, 'Not Month End', '2018-4-29')"
20190430,4/30/2019,2,30,120,Tuesday,Tue,Weekday,18,18,4/29/2019,20190429,4,4,April,Apr,2,2019,201904,10,4,2019,Month End,4/30/2018,,"insert into Date_Dimension values(20190430, '2019-4-30',2, 30, 120, 'Tuesday', 'Tue', 'Weekday', 18, 18, '2019-4-29', 20190429, 4, 4, 'April', 'Apr', 2, 2019, 201904, 10, 4, 2019, 'Month End', '2018-4-30')"
20190501,5/1/2019,3,1,121,Wednesday,Wed,Weekday,18,18,4/29/2019,20190429,5,5,May,May,2,2019,201905,11,4,2019,Not Month End,5/1/2018,,"insert into Date_Dimension values(20190501, '2019-5-1',3, 1, 121, 'Wednesday', 'Wed', 'Weekday', 18, 18, '2019-4-29', 20190429, 5, 5, 'May', 'May', 2, 2019, 201905, 11, 4, 2019, 'Not Month End', '2018-5-1')"
20190502,5/2/2019,4,2,122,Thursday,Thu,Weekday,18,18,4/29/2019,20190429,5,5,May,May,2,2019,201905,11,4,2019,Not Month End,5/2/2018,,"insert into Date_Dimension values(20190502, '2019-5-2',4, 2, 122, 'Thursday', 'Thu', 'Weekday', 18, 18, '2019-4-29', 20190429, 5, 5, 'May', 'May', 2, 2019, 201905, 11, 4, 2019, 'Not Month End', '2018-5-2')"
20190503,5/3/2019,5,3,123,Friday,Fri,Weekday,18,18,4/29/2019,20190429,5,5,May,May,2,2019,201905,11,4,2019,Not Month End,5/3/2018,,"insert into Date_Dimension values(20190503, '2019-5-3',5, 3, 123, 'Friday', 'Fri', 'Weekday', 18, 18, '2019-4-29', 20190429, 5, 5, 'May', 'May', 2, 2019, 201905, 11, 4, 2019, 'Not Month End', '2018-5-3')"
20190504,5/4/2019,6,4,124,Saturday,Sat,Weekend,18,18,4/29/2019,20190429,5,5,May,May,2,2019,201905,11,4,2019,Not Month End,5/4/2018,,"insert into Date_Dimension values(20190504, '2019-5-4',6, 4, 124, 'Saturday', 'Sat', 'Weekend', 18, 18, '2019-4-29', 20190429, 5, 5, 'May', 'May', 2, 2019, 201905, 11, 4, 2019, 'Not Month End', '2018-5-4')"
20190505,5/5/2019,7,5,125,Sunday,Sun,Weekend,18,18,4/29/2019,20190429,5,5,May,May,2,2019,201905,11,4,2019,Not Month End,5/5/2018,,"insert into Date_Dimension values(20190505, '2019-5-5',7, 5, 125, 'Sunday', 'Sun', 'Weekend', 18, 18, '2019-4-29', 20190429, 5, 5, 'May', 'May', 2, 2019, 201905, 11, 4, 2019, 'Not Month End', '2018-5-5')"
20190506,5/6/2019,1,6,126,Monday,Mon,Weekday,19,19,5/6/2019,20190506,5,5,May,May,2,2019,201905,11,4,2019,Not Month End,5/6/2018,,"insert into Date_Dimension values(20190506, '2019-5-6',1, 6, 126, 'Monday', 'Mon', 'Weekday', 19, 19, '2019-5-6', 20190506, 5, 5, 'May', 'May', 2, 2019, 201905, 11, 4, 2019, 'Not Month End', '2018-5-6')"
20190507,5/7/2019,2,7,127,Tuesday,Tue,Weekday,19,19,5/6/2019,20190506,5,5,May,May,2,2019,201905,11,4,2019,Not Month End,5/7/2018,,"insert into Date_Dimension values(20190507, '2019-5-7',2, 7, 127, 'Tuesday', 'Tue', 'Weekday', 19, 19, '2019-5-6', 20190506, 5, 5, 'May', 'May', 2, 2019, 201905, 11, 4, 2019, 'Not Month End', '2018-5-7')"
20190508,5/8/2019,3,8,128,Wednesday,Wed,Weekday,19,19,5/6/2019,20190506,5,5,May,May,2,2019,201905,11,4,2019,Not Month End,5/8/2018,,"insert into Date_Dimension values(20190508, '2019-5-8',3, 8, 128, 'Wednesday', 'Wed', 'Weekday', 19, 19, '2019-5-6', 20190506, 5, 5, 'May', 'May', 2, 2019, 201905, 11, 4, 2019, 'Not Month End', '2018-5-8')"
20190509,5/9/2019,4,9,129,Thursday,Thu,Weekday,19,19,5/6/2019,20190506,5,5,May,May,2,2019,201905,11,4,2019,Not Month End,5/9/2018,,"insert into Date_Dimension values(20190509, '2019-5-9',4, 9, 129, 'Thursday', 'Thu', 'Weekday', 19, 19, '2019-5-6', 20190506, 5, 5, 'May', 'May', 2, 2019, 201905, 11, 4, 2019, 'Not Month End', '2018-5-9')"
20190510,5/10/2019,5,10,130,Friday,Fri,Weekday,19,19,5/6/2019,20190506,5,5,May,May,2,2019,201905,11,4,2019,Not Month End,5/10/2018,,"insert into Date_Dimension values(20190510, '2019-5-10',5, 10, 130, 'Friday', 'Fri', 'Weekday', 19, 19, '2019-5-6', 20190506, 5, 5, 'May', 'May', 2, 2019, 201905, 11, 4, 2019, 'Not Month End', '2018-5-10')"
20190511,5/11/2019,6,11,131,Saturday,Sat,Weekend,19,19,5/6/2019,20190506,5,5,May,May,2,2019,201905,11,4,2019,Not Month End,5/11/2018,,"insert into Date_Dimension values(20190511, '2019-5-11',6, 11, 131, 'Saturday', 'Sat', 'Weekend', 19, 19, '2019-5-6', 20190506, 5, 5, 'May', 'May', 2, 2019, 201905, 11, 4, 2019, 'Not Month End', '2018-5-11')"
20190512,5/12/2019,7,12,132,Sunday,Sun,Weekend,19,19,5/6/2019,20190506,5,5,May,May,2,2019,201905,11,4,2019,Not Month End,5/12/2018,,"insert into Date_Dimension values(20190512, '2019-5-12',7, 12, 132, 'Sunday', 'Sun', 'Weekend', 19, 19, '2019-5-6', 20190506, 5, 5, 'May', 'May', 2, 2019, 201905, 11, 4, 2019, 'Not Month End', '2018-5-12')"
20190513,5/13/2019,1,13,133,Monday,Mon,Weekday,20,20,5/13/2019,20190513,5,5,May,May,2,2019,201905,11,4,2019,Not Month End,5/13/2018,,"insert into Date_Dimension values(20190513, '2019-5-13',1, 13, 133, 'Monday', 'Mon', 'Weekday', 20, 20, '2019-5-13', 20190513, 5, 5, 'May', 'May', 2, 2019, 201905, 11, 4, 2019, 'Not Month End', '2018-5-13')"
20190514,5/14/2019,2,14,134,Tuesday,Tue,Weekday,20,20,5/13/2019,20190513,5,5,May,May,2,2019,201905,11,4,2019,Not Month End,5/14/2018,,"insert into Date_Dimension values(20190514, '2019-5-14',2, 14, 134, 'Tuesday', 'Tue', 'Weekday', 20, 20, '2019-5-13', 20190513, 5, 5, 'May', 'May', 2, 2019, 201905, 11, 4, 2019, 'Not Month End', '2018-5-14')"
20190515,5/15/2019,3,15,135,Wednesday,Wed,Weekday,20,20,5/13/2019,20190513,5,5,May,May,2,2019,201905,11,4,2019,Not Month End,5/15/2018,,"insert into Date_Dimension values(20190515, '2019-5-15',3, 15, 135, 'Wednesday', 'Wed', 'Weekday', 20, 20, '2019-5-13', 20190513, 5, 5, 'May', 'May', 2, 2019, 201905, 11, 4, 2019, 'Not Month End', '2018-5-15')"
20190516,5/16/2019,4,16,136,Thursday,Thu,Weekday,20,20,5/13/2019,20190513,5,5,May,May,2,2019,201905,11,4,2019,Not Month End,5/16/2018,,"insert into Date_Dimension values(20190516, '2019-5-16',4, 16, 136, 'Thursday', 'Thu', 'Weekday', 20, 20, '2019-5-13', 20190513, 5, 5, 'May', 'May', 2, 2019, 201905, 11, 4, 2019, 'Not Month End', '2018-5-16')"
20190517,5/17/2019,5,17,137,Friday,Fri,Weekday,20,20,5/13/2019,20190513,5,5,May,May,2,2019,201905,11,4,2019,Not Month End,5/17/2018,,"insert into Date_Dimension values(20190517, '2019-5-17',5, 17, 137, 'Friday', 'Fri', 'Weekday', 20, 20, '2019-5-13', 20190513, 5, 5, 'May', 'May', 2, 2019, 201905, 11, 4, 2019, 'Not Month End', '2018-5-17')"
20190518,5/18/2019,6,18,138,Saturday,Sat,Weekend,20,20,5/13/2019,20190513,5,5,May,May,2,2019,201905,11,4,2019,Not Month End,5/18/2018,,"insert into Date_Dimension values(20190518, '2019-5-18',6, 18, 138, 'Saturday', 'Sat', 'Weekend', 20, 20, '2019-5-13', 20190513, 5, 5, 'May', 'May', 2, 2019, 201905, 11, 4, 2019, 'Not Month End', '2018-5-18')"
20190519,5/19/2019,7,19,139,Sunday,Sun,Weekend,20,20,5/13/2019,20190513,5,5,May,May,2,2019,201905,11,4,2019,Not Month End,5/19/2018,,"insert into Date_Dimension values(20190519, '2019-5-19',7, 19, 139, 'Sunday', 'Sun', 'Weekend', 20, 20, '2019-5-13', 20190513, 5, 5, 'May', 'May', 2, 2019, 201905, 11, 4, 2019, 'Not Month End', '2018-5-19')"
20190520,5/20/2019,1,20,140,Monday,Mon,Weekday,21,21,5/20/2019,20190520,5,5,May,May,2,2019,201905,11,4,2019,Not Month End,5/20/2018,,"insert into Date_Dimension values(20190520, '2019-5-20',1, 20, 140, 'Monday', 'Mon', 'Weekday', 21, 21, '2019-5-20', 20190520, 5, 5, 'May', 'May', 2, 2019, 201905, 11, 4, 2019, 'Not Month End', '2018-5-20')"
20190521,5/21/2019,2,21,141,Tuesday,Tue,Weekday,21,21,5/20/2019,20190520,5,5,May,May,2,2019,201905,11,4,2019,Not Month End,5/21/2018,,"insert into Date_Dimension values(20190521, '2019-5-21',2, 21, 141, 'Tuesday', 'Tue', 'Weekday', 21, 21, '2019-5-20', 20190520, 5, 5, 'May', 'May', 2, 2019, 201905, 11, 4, 2019, 'Not Month End', '2018-5-21')"
20190522,5/22/2019,3,22,142,Wednesday,Wed,Weekday,21,21,5/20/2019,20190520,5,5,May,May,2,2019,201905,11,4,2019,Not Month End,5/22/2018,,"insert into Date_Dimension values(20190522, '2019-5-22',3, 22, 142, 'Wednesday', 'Wed', 'Weekday', 21, 21, '2019-5-20', 20190520, 5, 5, 'May', 'May', 2, 2019, 201905, 11, 4, 2019, 'Not Month End', '2018-5-22')"
20190523,5/23/2019,4,23,143,Thursday,Thu,Weekday,21,21,5/20/2019,20190520,5,5,May,May,2,2019,201905,11,4,2019,Not Month End,5/23/2018,,"insert into Date_Dimension values(20190523, '2019-5-23',4, 23, 143, 'Thursday', 'Thu', 'Weekday', 21, 21, '2019-5-20', 20190520, 5, 5, 'May', 'May', 2, 2019, 201905, 11, 4, 2019, 'Not Month End', '2018-5-23')"
20190524,5/24/2019,5,24,144,Friday,Fri,Weekday,21,21,5/20/2019,20190520,5,5,May,May,2,2019,201905,11,4,2019,Not Month End,5/24/2018,,"insert into Date_Dimension values(20190524, '2019-5-24',5, 24, 144, 'Friday', 'Fri', 'Weekday', 21, 21, '2019-5-20', 20190520, 5, 5, 'May', 'May', 2, 2019, 201905, 11, 4, 2019, 'Not Month End', '2018-5-24')"
20190525,5/25/2019,6,25,145,Saturday,Sat,Weekend,21,21,5/20/2019,20190520,5,5,May,May,2,2019,201905,11,4,2019,Not Month End,5/25/2018,,"insert into Date_Dimension values(20190525, '2019-5-25',6, 25, 145, 'Saturday', 'Sat', 'Weekend', 21, 21, '2019-5-20', 20190520, 5, 5, 'May', 'May', 2, 2019, 201905, 11, 4, 2019, 'Not Month End', '2018-5-25')"
20190526,5/26/2019,7,26,146,Sunday,Sun,Weekend,21,21,5/20/2019,20190520,5,5,May,May,2,2019,201905,11,4,2019,Not Month End,5/26/2018,,"insert into Date_Dimension values(20190526, '2019-5-26',7, 26, 146, 'Sunday', 'Sun', 'Weekend', 21, 21, '2019-5-20', 20190520, 5, 5, 'May', 'May', 2, 2019, 201905, 11, 4, 2019, 'Not Month End', '2018-5-26')"
20190527,5/27/2019,1,27,147,Monday,Mon,Weekday,22,22,5/27/2019,20190527,5,5,May,May,2,2019,201905,11,4,2019,Not Month End,5/27/2018,,"insert into Date_Dimension values(20190527, '2019-5-27',1, 27, 147, 'Monday', 'Mon', 'Weekday', 22, 22, '2019-5-27', 20190527, 5, 5, 'May', 'May', 2, 2019, 201905, 11, 4, 2019, 'Not Month End', '2018-5-27')"
20190528,5/28/2019,2,28,148,Tuesday,Tue,Weekday,22,22,5/27/2019,20190527,5,5,May,May,2,2019,201905,11,4,2019,Not Month End,5/28/2018,,"insert into Date_Dimension values(20190528, '2019-5-28',2, 28, 148, 'Tuesday', 'Tue', 'Weekday', 22, 22, '2019-5-27', 20190527, 5, 5, 'May', 'May', 2, 2019, 201905, 11, 4, 2019, 'Not Month End', '2018-5-28')"
20190529,5/29/2019,3,29,149,Wednesday,Wed,Weekday,22,22,5/27/2019,20190527,5,5,May,May,2,2019,201905,11,4,2019,Not Month End,5/29/2018,,"insert into Date_Dimension values(20190529, '2019-5-29',3, 29, 149, 'Wednesday', 'Wed', 'Weekday', 22, 22, '2019-5-27', 20190527, 5, 5, 'May', 'May', 2, 2019, 201905, 11, 4, 2019, 'Not Month End', '2018-5-29')"
20190530,5/30/2019,4,30,150,Thursday,Thu,Weekday,22,22,5/27/2019,20190527,5,5,May,May,2,2019,201905,11,4,2019,Not Month End,5/30/2018,,"insert into Date_Dimension values(20190530, '2019-5-30',4, 30, 150, 'Thursday', 'Thu', 'Weekday', 22, 22, '2019-5-27', 20190527, 5, 5, 'May', 'May', 2, 2019, 201905, 11, 4, 2019, 'Not Month End', '2018-5-30')"
20190531,5/31/2019,5,31,151,Friday,Fri,Weekday,22,22,5/27/2019,20190527,5,5,May,May,2,2019,201905,11,4,2019,Month End,5/31/2018,,"insert into Date_Dimension values(20190531, '2019-5-31',5, 31, 151, 'Friday', 'Fri', 'Weekday', 22, 22, '2019-5-27', 20190527, 5, 5, 'May', 'May', 2, 2019, 201905, 11, 4, 2019, 'Month End', '2018-5-31')"
20190601,6/1/2019,6,1,152,Saturday,Sat,Weekend,22,22,5/27/2019,20190527,6,6,June,Jun,2,2019,201906,12,4,2019,Not Month End,6/1/2018,,"insert into Date_Dimension values(20190601, '2019-6-1',6, 1, 152, 'Saturday', 'Sat', 'Weekend', 22, 22, '2019-5-27', 20190527, 6, 6, 'June', 'Jun', 2, 2019, 201906, 12, 4, 2019, 'Not Month End', '2018-6-1')"
20190602,6/2/2019,7,2,153,Sunday,Sun,Weekend,22,22,5/27/2019,20190527,6,6,June,Jun,2,2019,201906,12,4,2019,Not Month End,6/2/2018,,"insert into Date_Dimension values(20190602, '2019-6-2',7, 2, 153, 'Sunday', 'Sun', 'Weekend', 22, 22, '2019-5-27', 20190527, 6, 6, 'June', 'Jun', 2, 2019, 201906, 12, 4, 2019, 'Not Month End', '2018-6-2')"
20190603,6/3/2019,1,3,154,Monday,Mon,Weekday,23,23,6/3/2019,20190603,6,6,June,Jun,2,2019,201906,12,4,2019,Not Month End,6/3/2018,,"insert into Date_Dimension values(20190603, '2019-6-3',1, 3, 154, 'Monday', 'Mon', 'Weekday', 23, 23, '2019-6-3', 20190603, 6, 6, 'June', 'Jun', 2, 2019, 201906, 12, 4, 2019, 'Not Month End', '2018-6-3')"
20190604,6/4/2019,2,4,155,Tuesday,Tue,Weekday,23,23,6/3/2019,20190603,6,6,June,Jun,2,2019,201906,12,4,2019,Not Month End,6/4/2018,,"insert into Date_Dimension values(20190604, '2019-6-4',2, 4, 155, 'Tuesday', 'Tue', 'Weekday', 23, 23, '2019-6-3', 20190603, 6, 6, 'June', 'Jun', 2, 2019, 201906, 12, 4, 2019, 'Not Month End', '2018-6-4')"
20190605,6/5/2019,3,5,156,Wednesday,Wed,Weekday,23,23,6/3/2019,20190603,6,6,June,Jun,2,2019,201906,12,4,2019,Not Month End,6/5/2018,,"insert into Date_Dimension values(20190605, '2019-6-5',3, 5, 156, 'Wednesday', 'Wed', 'Weekday', 23, 23, '2019-6-3', 20190603, 6, 6, 'June', 'Jun', 2, 2019, 201906, 12, 4, 2019, 'Not Month End', '2018-6-5')"
20190606,6/6/2019,4,6,157,Thursday,Thu,Weekday,23,23,6/3/2019,20190603,6,6,June,Jun,2,2019,201906,12,4,2019,Not Month End,6/6/2018,,"insert into Date_Dimension values(20190606, '2019-6-6',4, 6, 157, 'Thursday', 'Thu', 'Weekday', 23, 23, '2019-6-3', 20190603, 6, 6, 'June', 'Jun', 2, 2019, 201906, 12, 4, 2019, 'Not Month End', '2018-6-6')"
20190607,6/7/2019,5,7,158,Friday,Fri,Weekday,23,23,6/3/2019,20190603,6,6,June,Jun,2,2019,201906,12,4,2019,Not Month End,6/7/2018,,"insert into Date_Dimension values(20190607, '2019-6-7',5, 7, 158, 'Friday', 'Fri', 'Weekday', 23, 23, '2019-6-3', 20190603, 6, 6, 'June', 'Jun', 2, 2019, 201906, 12, 4, 2019, 'Not Month End', '2018-6-7')"
20190608,6/8/2019,6,8,159,Saturday,Sat,Weekend,23,23,6/3/2019,20190603,6,6,June,Jun,2,2019,201906,12,4,2019,Not Month End,6/8/2018,,"insert into Date_Dimension values(20190608, '2019-6-8',6, 8, 159, 'Saturday', 'Sat', 'Weekend', 23, 23, '2019-6-3', 20190603, 6, 6, 'June', 'Jun', 2, 2019, 201906, 12, 4, 2019, 'Not Month End', '2018-6-8')"
20190609,6/9/2019,7,9,160,Sunday,Sun,Weekend,23,23,6/3/2019,20190603,6,6,June,Jun,2,2019,201906,12,4,2019,Not Month End,6/9/2018,,"insert into Date_Dimension values(20190609, '2019-6-9',7, 9, 160, 'Sunday', 'Sun', 'Weekend', 23, 23, '2019-6-3', 20190603, 6, 6, 'June', 'Jun', 2, 2019, 201906, 12, 4, 2019, 'Not Month End', '2018-6-9')"
20190610,6/10/2019,1,10,161,Monday,Mon,Weekday,24,24,6/10/2019,20190610,6,6,June,Jun,2,2019,201906,12,4,2019,Not Month End,6/10/2018,,"insert into Date_Dimension values(20190610, '2019-6-10',1, 10, 161, 'Monday', 'Mon', 'Weekday', 24, 24, '2019-6-10', 20190610, 6, 6, 'June', 'Jun', 2, 2019, 201906, 12, 4, 2019, 'Not Month End', '2018-6-10')"
20190611,6/11/2019,2,11,162,Tuesday,Tue,Weekday,24,24,6/10/2019,20190610,6,6,June,Jun,2,2019,201906,12,4,2019,Not Month End,6/11/2018,,"insert into Date_Dimension values(20190611, '2019-6-11',2, 11, 162, 'Tuesday', 'Tue', 'Weekday', 24, 24, '2019-6-10', 20190610, 6, 6, 'June', 'Jun', 2, 2019, 201906, 12, 4, 2019, 'Not Month End', '2018-6-11')"
20190612,6/12/2019,3,12,163,Wednesday,Wed,Weekday,24,24,6/10/2019,20190610,6,6,June,Jun,2,2019,201906,12,4,2019,Not Month End,6/12/2018,,"insert into Date_Dimension values(20190612, '2019-6-12',3, 12, 163, 'Wednesday', 'Wed', 'Weekday', 24, 24, '2019-6-10', 20190610, 6, 6, 'June', 'Jun', 2, 2019, 201906, 12, 4, 2019, 'Not Month End', '2018-6-12')"
20190613,6/13/2019,4,13,164,Thursday,Thu,Weekday,24,24,6/10/2019,20190610,6,6,June,Jun,2,2019,201906,12,4,2019,Not Month End,6/13/2018,,"insert into Date_Dimension values(20190613, '2019-6-13',4, 13, 164, 'Thursday', 'Thu', 'Weekday', 24, 24, '2019-6-10', 20190610, 6, 6, 'June', 'Jun', 2, 2019, 201906, 12, 4, 2019, 'Not Month End', '2018-6-13')"
20190614,6/14/2019,5,14,165,Friday,Fri,Weekday,24,24,6/10/2019,20190610,6,6,June,Jun,2,2019,201906,12,4,2019,Not Month End,6/14/2018,,"insert into Date_Dimension values(20190614, '2019-6-14',5, 14, 165, 'Friday', 'Fri', 'Weekday', 24, 24, '2019-6-10', 20190610, 6, 6, 'June', 'Jun', 2, 2019, 201906, 12, 4, 2019, 'Not Month End', '2018-6-14')"
20190615,6/15/2019,6,15,166,Saturday,Sat,Weekend,24,24,6/10/2019,20190610,6,6,June,Jun,2,2019,201906,12,4,2019,Not Month End,6/15/2018,,"insert into Date_Dimension values(20190615, '2019-6-15',6, 15, 166, 'Saturday', 'Sat', 'Weekend', 24, 24, '2019-6-10', 20190610, 6, 6, 'June', 'Jun', 2, 2019, 201906, 12, 4, 2019, 'Not Month End', '2018-6-15')"
20190616,6/16/2019,7,16,167,Sunday,Sun,Weekend,24,24,6/10/2019,20190610,6,6,June,Jun,2,2019,201906,12,4,2019,Not Month End,6/16/2018,,"insert into Date_Dimension values(20190616, '2019-6-16',7, 16, 167, 'Sunday', 'Sun', 'Weekend', 24, 24, '2019-6-10', 20190610, 6, 6, 'June', 'Jun', 2, 2019, 201906, 12, 4, 2019, 'Not Month End', '2018-6-16')"
20190617,6/17/2019,1,17,168,Monday,Mon,Weekday,25,25,6/17/2019,20190617,6,6,June,Jun,2,2019,201906,12,4,2019,Not Month End,6/17/2018,,"insert into Date_Dimension values(20190617, '2019-6-17',1, 17, 168, 'Monday', 'Mon', 'Weekday', 25, 25, '2019-6-17', 20190617, 6, 6, 'June', 'Jun', 2, 2019, 201906, 12, 4, 2019, 'Not Month End', '2018-6-17')"
20190618,6/18/2019,2,18,169,Tuesday,Tue,Weekday,25,25,6/17/2019,20190617,6,6,June,Jun,2,2019,201906,12,4,2019,Not Month End,6/18/2018,,"insert into Date_Dimension values(20190618, '2019-6-18',2, 18, 169, 'Tuesday', 'Tue', 'Weekday', 25, 25, '2019-6-17', 20190617, 6, 6, 'June', 'Jun', 2, 2019, 201906, 12, 4, 2019, 'Not Month End', '2018-6-18')"
20190619,6/19/2019,3,19,170,Wednesday,Wed,Weekday,25,25,6/17/2019,20190617,6,6,June,Jun,2,2019,201906,12,4,2019,Not Month End,6/19/2018,,"insert into Date_Dimension values(20190619, '2019-6-19',3, 19, 170, 'Wednesday', 'Wed', 'Weekday', 25, 25, '2019-6-17', 20190617, 6, 6, 'June', 'Jun', 2, 2019, 201906, 12, 4, 2019, 'Not Month End', '2018-6-19')"
20190620,6/20/2019,4,20,171,Thursday,Thu,Weekday,25,25,6/17/2019,20190617,6,6,June,Jun,2,2019,201906,12,4,2019,Not Month End,6/20/2018,,"insert into Date_Dimension values(20190620, '2019-6-20',4, 20, 171, 'Thursday', 'Thu', 'Weekday', 25, 25, '2019-6-17', 20190617, 6, 6, 'June', 'Jun', 2, 2019, 201906, 12, 4, 2019, 'Not Month End', '2018-6-20')"
20190621,6/21/2019,5,21,172,Friday,Fri,Weekday,25,25,6/17/2019,20190617,6,6,June,Jun,2,2019,201906,12,4,2019,Not Month End,6/21/2018,,"insert into Date_Dimension values(20190621, '2019-6-21',5, 21, 172, 'Friday', 'Fri', 'Weekday', 25, 25, '2019-6-17', 20190617, 6, 6, 'June', 'Jun', 2, 2019, 201906, 12, 4, 2019, 'Not Month End', '2018-6-21')"
20190622,6/22/2019,6,22,173,Saturday,Sat,Weekend,25,25,6/17/2019,20190617,6,6,June,Jun,2,2019,201906,12,4,2019,Not Month End,6/22/2018,,"insert into Date_Dimension values(20190622, '2019-6-22',6, 22, 173, 'Saturday', 'Sat', 'Weekend', 25, 25, '2019-6-17', 20190617, 6, 6, 'June', 'Jun', 2, 2019, 201906, 12, 4, 2019, 'Not Month End', '2018-6-22')"
20190623,6/23/2019,7,23,174,Sunday,Sun,Weekend,25,25,6/17/2019,20190617,6,6,June,Jun,2,2019,201906,12,4,2019,Not Month End,6/23/2018,,"insert into Date_Dimension values(20190623, '2019-6-23',7, 23, 174, 'Sunday', 'Sun', 'Weekend', 25, 25, '2019-6-17', 20190617, 6, 6, 'June', 'Jun', 2, 2019, 201906, 12, 4, 2019, 'Not Month End', '2018-6-23')"
20190624,6/24/2019,1,24,175,Monday,Mon,Weekday,26,26,6/24/2019,20190624,6,6,June,Jun,2,2019,201906,12,4,2019,Not Month End,6/24/2018,,"insert into Date_Dimension values(20190624, '2019-6-24',1, 24, 175, 'Monday', 'Mon', 'Weekday', 26, 26, '2019-6-24', 20190624, 6, 6, 'June', 'Jun', 2, 2019, 201906, 12, 4, 2019, 'Not Month End', '2018-6-24')"
20190625,6/25/2019,2,25,176,Tuesday,Tue,Weekday,26,26,6/24/2019,20190624,6,6,June,Jun,2,2019,201906,12,4,2019,Not Month End,6/25/2018,,"insert into Date_Dimension values(20190625, '2019-6-25',2, 25, 176, 'Tuesday', 'Tue', 'Weekday', 26, 26, '2019-6-24', 20190624, 6, 6, 'June', 'Jun', 2, 2019, 201906, 12, 4, 2019, 'Not Month End', '2018-6-25')"
20190626,6/26/2019,3,26,177,Wednesday,Wed,Weekday,26,26,6/24/2019,20190624,6,6,June,Jun,2,2019,201906,12,4,2019,Not Month End,6/26/2018,,"insert into Date_Dimension values(20190626, '2019-6-26',3, 26, 177, 'Wednesday', 'Wed', 'Weekday', 26, 26, '2019-6-24', 20190624, 6, 6, 'June', 'Jun', 2, 2019, 201906, 12, 4, 2019, 'Not Month End', '2018-6-26')"
20190627,6/27/2019,4,27,178,Thursday,Thu,Weekday,26,26,6/24/2019,20190624,6,6,June,Jun,2,2019,201906,12,4,2019,Not Month End,6/27/2018,,"insert into Date_Dimension values(20190627, '2019-6-27',4, 27, 178, 'Thursday', 'Thu', 'Weekday', 26, 26, '2019-6-24', 20190624, 6, 6, 'June', 'Jun', 2, 2019, 201906, 12, 4, 2019, 'Not Month End', '2018-6-27')"
20190628,6/28/2019,5,28,179,Friday,Fri,Weekday,26,26,6/24/2019,20190624,6,6,June,Jun,2,2019,201906,12,4,2019,Not Month End,6/28/2018,,"insert into Date_Dimension values(20190628, '2019-6-28',5, 28, 179, 'Friday', 'Fri', 'Weekday', 26, 26, '2019-6-24', 20190624, 6, 6, 'June', 'Jun', 2, 2019, 201906, 12, 4, 2019, 'Not Month End', '2018-6-28')"
20190629,6/29/2019,6,29,180,Saturday,Sat,Weekend,26,26,6/24/2019,20190624,6,6,June,Jun,2,2019,201906,12,4,2019,Not Month End,6/29/2018,,"insert into Date_Dimension values(20190629, '2019-6-29',6, 29, 180, 'Saturday', 'Sat', 'Weekend', 26, 26, '2019-6-24', 20190624, 6, 6, 'June', 'Jun', 2, 2019, 201906, 12, 4, 2019, 'Not Month End', '2018-6-29')"
20190630,6/30/2019,7,30,181,Sunday,Sun,Weekend,26,26,6/24/2019,20190624,6,6,June,Jun,2,2019,201906,12,4,2019,Month End,6/30/2018,,"insert into Date_Dimension values(20190630, '2019-6-30',7, 30, 181, 'Sunday', 'Sun', 'Weekend', 26, 26, '2019-6-24', 20190624, 6, 6, 'June', 'Jun', 2, 2019, 201906, 12, 4, 2019, 'Month End', '2018-6-30')"
20190701,7/1/2019,1,1,182,Monday,Mon,Weekday,27,27,7/1/2019,20190701,7,7,July,Jul,3,2019,201907,1,1,2020,Not Month End,7/1/2018,,"insert into Date_Dimension values(20190701, '2019-7-1',1, 1, 182, 'Monday', 'Mon', 'Weekday', 27, 27, '2019-7-1', 20190701, 7, 7, 'July', 'Jul', 3, 2019, 201907, 1, 1, 2020, 'Not Month End', '2018-7-1')"
20190702,7/2/2019,2,2,183,Tuesday,Tue,Weekday,27,27,7/1/2019,20190701,7,7,July,Jul,3,2019,201907,1,1,2020,Not Month End,7/2/2018,,"insert into Date_Dimension values(20190702, '2019-7-2',2, 2, 183, 'Tuesday', 'Tue', 'Weekday', 27, 27, '2019-7-1', 20190701, 7, 7, 'July', 'Jul', 3, 2019, 201907, 1, 1, 2020, 'Not Month End', '2018-7-2')"
20190703,7/3/2019,3,3,184,Wednesday,Wed,Weekday,27,27,7/1/2019,20190701,7,7,July,Jul,3,2019,201907,1,1,2020,Not Month End,7/3/2018,,"insert into Date_Dimension values(20190703, '2019-7-3',3, 3, 184, 'Wednesday', 'Wed', 'Weekday', 27, 27, '2019-7-1', 20190701, 7, 7, 'July', 'Jul', 3, 2019, 201907, 1, 1, 2020, 'Not Month End', '2018-7-3')"
20190704,7/4/2019,4,4,185,Thursday,Thu,Weekday,27,27,7/1/2019,20190701,7,7,July,Jul,3,2019,201907,1,1,2020,Not Month End,7/4/2018,,"insert into Date_Dimension values(20190704, '2019-7-4',4, 4, 185, 'Thursday', 'Thu', 'Weekday', 27, 27, '2019-7-1', 20190701, 7, 7, 'July', 'Jul', 3, 2019, 201907, 1, 1, 2020, 'Not Month End', '2018-7-4')"
20190705,7/5/2019,5,5,186,Friday,Fri,Weekday,27,27,7/1/2019,20190701,7,7,July,Jul,3,2019,201907,1,1,2020,Not Month End,7/5/2018,,"insert into Date_Dimension values(20190705, '2019-7-5',5, 5, 186, 'Friday', 'Fri', 'Weekday', 27, 27, '2019-7-1', 20190701, 7, 7, 'July', 'Jul', 3, 2019, 201907, 1, 1, 2020, 'Not Month End', '2018-7-5')"
20190706,7/6/2019,6,6,187,Saturday,Sat,Weekend,27,27,7/1/2019,20190701,7,7,July,Jul,3,2019,201907,1,1,2020,Not Month End,7/6/2018,,"insert into Date_Dimension values(20190706, '2019-7-6',6, 6, 187, 'Saturday', 'Sat', 'Weekend', 27, 27, '2019-7-1', 20190701, 7, 7, 'July', 'Jul', 3, 2019, 201907, 1, 1, 2020, 'Not Month End', '2018-7-6')"
20190707,7/7/2019,7,7,188,Sunday,Sun,Weekend,27,27,7/1/2019,20190701,7,7,July,Jul,3,2019,201907,1,1,2020,Not Month End,7/7/2018,,"insert into Date_Dimension values(20190707, '2019-7-7',7, 7, 188, 'Sunday', 'Sun', 'Weekend', 27, 27, '2019-7-1', 20190701, 7, 7, 'July', 'Jul', 3, 2019, 201907, 1, 1, 2020, 'Not Month End', '2018-7-7')"
20190708,7/8/2019,1,8,189,Monday,Mon,Weekday,28,28,7/8/2019,20190708,7,7,July,Jul,3,2019,201907,1,1,2020,Not Month End,7/8/2018,,"insert into Date_Dimension values(20190708, '2019-7-8',1, 8, 189, 'Monday', 'Mon', 'Weekday', 28, 28, '2019-7-8', 20190708, 7, 7, 'July', 'Jul', 3, 2019, 201907, 1, 1, 2020, 'Not Month End', '2018-7-8')"
20190709,7/9/2019,2,9,190,Tuesday,Tue,Weekday,28,28,7/8/2019,20190708,7,7,July,Jul,3,2019,201907,1,1,2020,Not Month End,7/9/2018,,"insert into Date_Dimension values(20190709, '2019-7-9',2, 9, 190, 'Tuesday', 'Tue', 'Weekday', 28, 28, '2019-7-8', 20190708, 7, 7, 'July', 'Jul', 3, 2019, 201907, 1, 1, 2020, 'Not Month End', '2018-7-9')"
20190710,7/10/2019,3,10,191,Wednesday,Wed,Weekday,28,28,7/8/2019,20190708,7,7,July,Jul,3,2019,201907,1,1,2020,Not Month End,7/10/2018,,"insert into Date_Dimension values(20190710, '2019-7-10',3, 10, 191, 'Wednesday', 'Wed', 'Weekday', 28, 28, '2019-7-8', 20190708, 7, 7, 'July', 'Jul', 3, 2019, 201907, 1, 1, 2020, 'Not Month End', '2018-7-10')"
20190711,7/11/2019,4,11,192,Thursday,Thu,Weekday,28,28,7/8/2019,20190708,7,7,July,Jul,3,2019,201907,1,1,2020,Not Month End,7/11/2018,,"insert into Date_Dimension values(20190711, '2019-7-11',4, 11, 192, 'Thursday', 'Thu', 'Weekday', 28, 28, '2019-7-8', 20190708, 7, 7, 'July', 'Jul', 3, 2019, 201907, 1, 1, 2020, 'Not Month End', '2018-7-11')"
20190712,7/12/2019,5,12,193,Friday,Fri,Weekday,28,28,7/8/2019,20190708,7,7,July,Jul,3,2019,201907,1,1,2020,Not Month End,7/12/2018,,"insert into Date_Dimension values(20190712, '2019-7-12',5, 12, 193, 'Friday', 'Fri', 'Weekday', 28, 28, '2019-7-8', 20190708, 7, 7, 'July', 'Jul', 3, 2019, 201907, 1, 1, 2020, 'Not Month End', '2018-7-12')"
20190713,7/13/2019,6,13,194,Saturday,Sat,Weekend,28,28,7/8/2019,20190708,7,7,July,Jul,3,2019,201907,1,1,2020,Not Month End,7/13/2018,,"insert into Date_Dimension values(20190713, '2019-7-13',6, 13, 194, 'Saturday', 'Sat', 'Weekend', 28, 28, '2019-7-8', 20190708, 7, 7, 'July', 'Jul', 3, 2019, 201907, 1, 1, 2020, 'Not Month End', '2018-7-13')"
20190714,7/14/2019,7,14,195,Sunday,Sun,Weekend,28,28,7/8/2019,20190708,7,7,July,Jul,3,2019,201907,1,1,2020,Not Month End,7/14/2018,,"insert into Date_Dimension values(20190714, '2019-7-14',7, 14, 195, 'Sunday', 'Sun', 'Weekend', 28, 28, '2019-7-8', 20190708, 7, 7, 'July', 'Jul', 3, 2019, 201907, 1, 1, 2020, 'Not Month End', '2018-7-14')"
20190715,7/15/2019,1,15,196,Monday,Mon,Weekday,29,29,7/15/2019,20190715,7,7,July,Jul,3,2019,201907,1,1,2020,Not Month End,7/15/2018,,"insert into Date_Dimension values(20190715, '2019-7-15',1, 15, 196, 'Monday', 'Mon', 'Weekday', 29, 29, '2019-7-15', 20190715, 7, 7, 'July', 'Jul', 3, 2019, 201907, 1, 1, 2020, 'Not Month End', '2018-7-15')"
20190716,7/16/2019,2,16,197,Tuesday,Tue,Weekday,29,29,7/15/2019,20190715,7,7,July,Jul,3,2019,201907,1,1,2020,Not Month End,7/16/2018,,"insert into Date_Dimension values(20190716, '2019-7-16',2, 16, 197, 'Tuesday', 'Tue', 'Weekday', 29, 29, '2019-7-15', 20190715, 7, 7, 'July', 'Jul', 3, 2019, 201907, 1, 1, 2020, 'Not Month End', '2018-7-16')"
20190717,7/17/2019,3,17,198,Wednesday,Wed,Weekday,29,29,7/15/2019,20190715,7,7,July,Jul,3,2019,201907,1,1,2020,Not Month End,7/17/2018,,"insert into Date_Dimension values(20190717, '2019-7-17',3, 17, 198, 'Wednesday', 'Wed', 'Weekday', 29, 29, '2019-7-15', 20190715, 7, 7, 'July', 'Jul', 3, 2019, 201907, 1, 1, 2020, 'Not Month End', '2018-7-17')"
20190718,7/18/2019,4,18,199,Thursday,Thu,Weekday,29,29,7/15/2019,20190715,7,7,July,Jul,3,2019,201907,1,1,2020,Not Month End,7/18/2018,,"insert into Date_Dimension values(20190718, '2019-7-18',4, 18, 199, 'Thursday', 'Thu', 'Weekday', 29, 29, '2019-7-15', 20190715, 7, 7, 'July', 'Jul', 3, 2019, 201907, 1, 1, 2020, 'Not Month End', '2018-7-18')"
20190719,7/19/2019,5,19,200,Friday,Fri,Weekday,29,29,7/15/2019,20190715,7,7,July,Jul,3,2019,201907,1,1,2020,Not Month End,7/19/2018,,"insert into Date_Dimension values(20190719, '2019-7-19',5, 19, 200, 'Friday', 'Fri', 'Weekday', 29, 29, '2019-7-15', 20190715, 7, 7, 'July', 'Jul', 3, 2019, 201907, 1, 1, 2020, 'Not Month End', '2018-7-19')"
20190720,7/20/2019,6,20,201,Saturday,Sat,Weekend,29,29,7/15/2019,20190715,7,7,July,Jul,3,2019,201907,1,1,2020,Not Month End,7/20/2018,,"insert into Date_Dimension values(20190720, '2019-7-20',6, 20, 201, 'Saturday', 'Sat', 'Weekend', 29, 29, '2019-7-15', 20190715, 7, 7, 'July', 'Jul', 3, 2019, 201907, 1, 1, 2020, 'Not Month End', '2018-7-20')"
20190721,7/21/2019,7,21,202,Sunday,Sun,Weekend,29,29,7/15/2019,20190715,7,7,July,Jul,3,2019,201907,1,1,2020,Not Month End,7/21/2018,,"insert into Date_Dimension values(20190721, '2019-7-21',7, 21, 202, 'Sunday', 'Sun', 'Weekend', 29, 29, '2019-7-15', 20190715, 7, 7, 'July', 'Jul', 3, 2019, 201907, 1, 1, 2020, 'Not Month End', '2018-7-21')"
20190722,7/22/2019,1,22,203,Monday,Mon,Weekday,30,30,7/22/2019,20190722,7,7,July,Jul,3,2019,201907,1,1,2020,Not Month End,7/22/2018,,"insert into Date_Dimension values(20190722, '2019-7-22',1, 22, 203, 'Monday', 'Mon', 'Weekday', 30, 30, '2019-7-22', 20190722, 7, 7, 'July', 'Jul', 3, 2019, 201907, 1, 1, 2020, 'Not Month End', '2018-7-22')"
20190723,7/23/2019,2,23,204,Tuesday,Tue,Weekday,30,30,7/22/2019,20190722,7,7,July,Jul,3,2019,201907,1,1,2020,Not Month End,7/23/2018,,"insert into Date_Dimension values(20190723, '2019-7-23',2, 23, 204, 'Tuesday', 'Tue', 'Weekday', 30, 30, '2019-7-22', 20190722, 7, 7, 'July', 'Jul', 3, 2019, 201907, 1, 1, 2020, 'Not Month End', '2018-7-23')"
20190724,7/24/2019,3,24,205,Wednesday,Wed,Weekday,30,30,7/22/2019,20190722,7,7,July,Jul,3,2019,201907,1,1,2020,Not Month End,7/24/2018,,"insert into Date_Dimension values(20190724, '2019-7-24',3, 24, 205, 'Wednesday', 'Wed', 'Weekday', 30, 30, '2019-7-22', 20190722, 7, 7, 'July', 'Jul', 3, 2019, 201907, 1, 1, 2020, 'Not Month End', '2018-7-24')"
20190725,7/25/2019,4,25,206,Thursday,Thu,Weekday,30,30,7/22/2019,20190722,7,7,July,Jul,3,2019,201907,1,1,2020,Not Month End,7/25/2018,,"insert into Date_Dimension values(20190725, '2019-7-25',4, 25, 206, 'Thursday', 'Thu', 'Weekday', 30, 30, '2019-7-22', 20190722, 7, 7, 'July', 'Jul', 3, 2019, 201907, 1, 1, 2020, 'Not Month End', '2018-7-25')"
20190726,7/26/2019,5,26,207,Friday,Fri,Weekday,30,30,7/22/2019,20190722,7,7,July,Jul,3,2019,201907,1,1,2020,Not Month End,7/26/2018,,"insert into Date_Dimension values(20190726, '2019-7-26',5, 26, 207, 'Friday', 'Fri', 'Weekday', 30, 30, '2019-7-22', 20190722, 7, 7, 'July', 'Jul', 3, 2019, 201907, 1, 1, 2020, 'Not Month End', '2018-7-26')"
20190727,7/27/2019,6,27,208,Saturday,Sat,Weekend,30,30,7/22/2019,20190722,7,7,July,Jul,3,2019,201907,1,1,2020,Not Month End,7/27/2018,,"insert into Date_Dimension values(20190727, '2019-7-27',6, 27, 208, 'Saturday', 'Sat', 'Weekend', 30, 30, '2019-7-22', 20190722, 7, 7, 'July', 'Jul', 3, 2019, 201907, 1, 1, 2020, 'Not Month End', '2018-7-27')"
20190728,7/28/2019,7,28,209,Sunday,Sun,Weekend,30,30,7/22/2019,20190722,7,7,July,Jul,3,2019,201907,1,1,2020,Not Month End,7/28/2018,,"insert into Date_Dimension values(20190728, '2019-7-28',7, 28, 209, 'Sunday', 'Sun', 'Weekend', 30, 30, '2019-7-22', 20190722, 7, 7, 'July', 'Jul', 3, 2019, 201907, 1, 1, 2020, 'Not Month End', '2018-7-28')"
20190729,7/29/2019,1,29,210,Monday,Mon,Weekday,31,31,7/29/2019,20190729,7,7,July,Jul,3,2019,201907,1,1,2020,Not Month End,7/29/2018,,"insert into Date_Dimension values(20190729, '2019-7-29',1, 29, 210, 'Monday', 'Mon', 'Weekday', 31, 31, '2019-7-29', 20190729, 7, 7, 'July', 'Jul', 3, 2019, 201907, 1, 1, 2020, 'Not Month End', '2018-7-29')"
20190730,7/30/2019,2,30,211,Tuesday,Tue,Weekday,31,31,7/29/2019,20190729,7,7,July,Jul,3,2019,201907,1,1,2020,Not Month End,7/30/2018,,"insert into Date_Dimension values(20190730, '2019-7-30',2, 30, 211, 'Tuesday', 'Tue', 'Weekday', 31, 31, '2019-7-29', 20190729, 7, 7, 'July', 'Jul', 3, 2019, 201907, 1, 1, 2020, 'Not Month End', '2018-7-30')"
20190731,7/31/2019,3,31,212,Wednesday,Wed,Weekday,31,31,7/29/2019,20190729,7,7,July,Jul,3,2019,201907,1,1,2020,Month End,7/31/2018,,"insert into Date_Dimension values(20190731, '2019-7-31',3, 31, 212, 'Wednesday', 'Wed', 'Weekday', 31, 31, '2019-7-29', 20190729, 7, 7, 'July', 'Jul', 3, 2019, 201907, 1, 1, 2020, 'Month End', '2018-7-31')"
20190801,8/1/2019,4,1,213,Thursday,Thu,Weekday,31,31,7/29/2019,20190729,8,8,August,Aug,3,2019,201908,2,1,2020,Not Month End,8/1/2018,,"insert into Date_Dimension values(20190801, '2019-8-1',4, 1, 213, 'Thursday', 'Thu', 'Weekday', 31, 31, '2019-7-29', 20190729, 8, 8, 'August', 'Aug', 3, 2019, 201908, 2, 1, 2020, 'Not Month End', '2018-8-1')"
20190802,8/2/2019,5,2,214,Friday,Fri,Weekday,31,31,7/29/2019,20190729,8,8,August,Aug,3,2019,201908,2,1,2020,Not Month End,8/2/2018,,"insert into Date_Dimension values(20190802, '2019-8-2',5, 2, 214, 'Friday', 'Fri', 'Weekday', 31, 31, '2019-7-29', 20190729, 8, 8, 'August', 'Aug', 3, 2019, 201908, 2, 1, 2020, 'Not Month End', '2018-8-2')"
20190803,8/3/2019,6,3,215,Saturday,Sat,Weekend,31,31,7/29/2019,20190729,8,8,August,Aug,3,2019,201908,2,1,2020,Not Month End,8/3/2018,,"insert into Date_Dimension values(20190803, '2019-8-3',6, 3, 215, 'Saturday', 'Sat', 'Weekend', 31, 31, '2019-7-29', 20190729, 8, 8, 'August', 'Aug', 3, 2019, 201908, 2, 1, 2020, 'Not Month End', '2018-8-3')"
20190804,8/4/2019,7,4,216,Sunday,Sun,Weekend,31,31,7/29/2019,20190729,8,8,August,Aug,3,2019,201908,2,1,2020,Not Month End,8/4/2018,,"insert into Date_Dimension values(20190804, '2019-8-4',7, 4, 216, 'Sunday', 'Sun', 'Weekend', 31, 31, '2019-7-29', 20190729, 8, 8, 'August', 'Aug', 3, 2019, 201908, 2, 1, 2020, 'Not Month End', '2018-8-4')"
20190805,8/5/2019,1,5,217,Monday,Mon,Weekday,32,32,8/5/2019,20190805,8,8,August,Aug,3,2019,201908,2,1,2020,Not Month End,8/5/2018,,"insert into Date_Dimension values(20190805, '2019-8-5',1, 5, 217, 'Monday', 'Mon', 'Weekday', 32, 32, '2019-8-5', 20190805, 8, 8, 'August', 'Aug', 3, 2019, 201908, 2, 1, 2020, 'Not Month End', '2018-8-5')"
20190806,8/6/2019,2,6,218,Tuesday,Tue,Weekday,32,32,8/5/2019,20190805,8,8,August,Aug,3,2019,201908,2,1,2020,Not Month End,8/6/2018,,"insert into Date_Dimension values(20190806, '2019-8-6',2, 6, 218, 'Tuesday', 'Tue', 'Weekday', 32, 32, '2019-8-5', 20190805, 8, 8, 'August', 'Aug', 3, 2019, 201908, 2, 1, 2020, 'Not Month End', '2018-8-6')"
20190807,8/7/2019,3,7,219,Wednesday,Wed,Weekday,32,32,8/5/2019,20190805,8,8,August,Aug,3,2019,201908,2,1,2020,Not Month End,8/7/2018,,"insert into Date_Dimension values(20190807, '2019-8-7',3, 7, 219, 'Wednesday', 'Wed', 'Weekday', 32, 32, '2019-8-5', 20190805, 8, 8, 'August', 'Aug', 3, 2019, 201908, 2, 1, 2020, 'Not Month End', '2018-8-7')"
20190808,8/8/2019,4,8,220,Thursday,Thu,Weekday,32,32,8/5/2019,20190805,8,8,August,Aug,3,2019,201908,2,1,2020,Not Month End,8/8/2018,,"insert into Date_Dimension values(20190808, '2019-8-8',4, 8, 220, 'Thursday', 'Thu', 'Weekday', 32, 32, '2019-8-5', 20190805, 8, 8, 'August', 'Aug', 3, 2019, 201908, 2, 1, 2020, 'Not Month End', '2018-8-8')"
20190809,8/9/2019,5,9,221,Friday,Fri,Weekday,32,32,8/5/2019,20190805,8,8,August,Aug,3,2019,201908,2,1,2020,Not Month End,8/9/2018,,"insert into Date_Dimension values(20190809, '2019-8-9',5, 9, 221, 'Friday', 'Fri', 'Weekday', 32, 32, '2019-8-5', 20190805, 8, 8, 'August', 'Aug', 3, 2019, 201908, 2, 1, 2020, 'Not Month End', '2018-8-9')"
20190810,8/10/2019,6,10,222,Saturday,Sat,Weekend,32,32,8/5/2019,20190805,8,8,August,Aug,3,2019,201908,2,1,2020,Not Month End,8/10/2018,,"insert into Date_Dimension values(20190810, '2019-8-10',6, 10, 222, 'Saturday', 'Sat', 'Weekend', 32, 32, '2019-8-5', 20190805, 8, 8, 'August', 'Aug', 3, 2019, 201908, 2, 1, 2020, 'Not Month End', '2018-8-10')"
20190811,8/11/2019,7,11,223,Sunday,Sun,Weekend,32,32,8/5/2019,20190805,8,8,August,Aug,3,2019,201908,2,1,2020,Not Month End,8/11/2018,,"insert into Date_Dimension values(20190811, '2019-8-11',7, 11, 223, 'Sunday', 'Sun', 'Weekend', 32, 32, '2019-8-5', 20190805, 8, 8, 'August', 'Aug', 3, 2019, 201908, 2, 1, 2020, 'Not Month End', '2018-8-11')"
20190812,8/12/2019,1,12,224,Monday,Mon,Weekday,33,33,8/12/2019,20190812,8,8,August,Aug,3,2019,201908,2,1,2020,Not Month End,8/12/2018,,"insert into Date_Dimension values(20190812, '2019-8-12',1, 12, 224, 'Monday', 'Mon', 'Weekday', 33, 33, '2019-8-12', 20190812, 8, 8, 'August', 'Aug', 3, 2019, 201908, 2, 1, 2020, 'Not Month End', '2018-8-12')"
20190813,8/13/2019,2,13,225,Tuesday,Tue,Weekday,33,33,8/12/2019,20190812,8,8,August,Aug,3,2019,201908,2,1,2020,Not Month End,8/13/2018,,"insert into Date_Dimension values(20190813, '2019-8-13',2, 13, 225, 'Tuesday', 'Tue', 'Weekday', 33, 33, '2019-8-12', 20190812, 8, 8, 'August', 'Aug', 3, 2019, 201908, 2, 1, 2020, 'Not Month End', '2018-8-13')"
20190814,8/14/2019,3,14,226,Wednesday,Wed,Weekday,33,33,8/12/2019,20190812,8,8,August,Aug,3,2019,201908,2,1,2020,Not Month End,8/14/2018,,"insert into Date_Dimension values(20190814, '2019-8-14',3, 14, 226, 'Wednesday', 'Wed', 'Weekday', 33, 33, '2019-8-12', 20190812, 8, 8, 'August', 'Aug', 3, 2019, 201908, 2, 1, 2020, 'Not Month End', '2018-8-14')"
20190815,8/15/2019,4,15,227,Thursday,Thu,Weekday,33,33,8/12/2019,20190812,8,8,August,Aug,3,2019,201908,2,1,2020,Not Month End,8/15/2018,,"insert into Date_Dimension values(20190815, '2019-8-15',4, 15, 227, 'Thursday', 'Thu', 'Weekday', 33, 33, '2019-8-12', 20190812, 8, 8, 'August', 'Aug', 3, 2019, 201908, 2, 1, 2020, 'Not Month End', '2018-8-15')"
20190816,8/16/2019,5,16,228,Friday,Fri,Weekday,33,33,8/12/2019,20190812,8,8,August,Aug,3,2019,201908,2,1,2020,Not Month End,8/16/2018,,"insert into Date_Dimension values(20190816, '2019-8-16',5, 16, 228, 'Friday', 'Fri', 'Weekday', 33, 33, '2019-8-12', 20190812, 8, 8, 'August', 'Aug', 3, 2019, 201908, 2, 1, 2020, 'Not Month End', '2018-8-16')"
20190817,8/17/2019,6,17,229,Saturday,Sat,Weekend,33,33,8/12/2019,20190812,8,8,August,Aug,3,2019,201908,2,1,2020,Not Month End,8/17/2018,,"insert into Date_Dimension values(20190817, '2019-8-17',6, 17, 229, 'Saturday', 'Sat', 'Weekend', 33, 33, '2019-8-12', 20190812, 8, 8, 'August', 'Aug', 3, 2019, 201908, 2, 1, 2020, 'Not Month End', '2018-8-17')"
20190818,8/18/2019,7,18,230,Sunday,Sun,Weekend,33,33,8/12/2019,20190812,8,8,August,Aug,3,2019,201908,2,1,2020,Not Month End,8/18/2018,,"insert into Date_Dimension values(20190818, '2019-8-18',7, 18, 230, 'Sunday', 'Sun', 'Weekend', 33, 33, '2019-8-12', 20190812, 8, 8, 'August', 'Aug', 3, 2019, 201908, 2, 1, 2020, 'Not Month End', '2018-8-18')"
20190819,8/19/2019,1,19,231,Monday,Mon,Weekday,34,34,8/19/2019,20190819,8,8,August,Aug,3,2019,201908,2,1,2020,Not Month End,8/19/2018,,"insert into Date_Dimension values(20190819, '2019-8-19',1, 19, 231, 'Monday', 'Mon', 'Weekday', 34, 34, '2019-8-19', 20190819, 8, 8, 'August', 'Aug', 3, 2019, 201908, 2, 1, 2020, 'Not Month End', '2018-8-19')"
20190820,8/20/2019,2,20,232,Tuesday,Tue,Weekday,34,34,8/19/2019,20190819,8,8,August,Aug,3,2019,201908,2,1,2020,Not Month End,8/20/2018,,"insert into Date_Dimension values(20190820, '2019-8-20',2, 20, 232, 'Tuesday', 'Tue', 'Weekday', 34, 34, '2019-8-19', 20190819, 8, 8, 'August', 'Aug', 3, 2019, 201908, 2, 1, 2020, 'Not Month End', '2018-8-20')"
20190821,8/21/2019,3,21,233,Wednesday,Wed,Weekday,34,34,8/19/2019,20190819,8,8,August,Aug,3,2019,201908,2,1,2020,Not Month End,8/21/2018,,"insert into Date_Dimension values(20190821, '2019-8-21',3, 21, 233, 'Wednesday', 'Wed', 'Weekday', 34, 34, '2019-8-19', 20190819, 8, 8, 'August', 'Aug', 3, 2019, 201908, 2, 1, 2020, 'Not Month End', '2018-8-21')"
20190822,8/22/2019,4,22,234,Thursday,Thu,Weekday,34,34,8/19/2019,20190819,8,8,August,Aug,3,2019,201908,2,1,2020,Not Month End,8/22/2018,,"insert into Date_Dimension values(20190822, '2019-8-22',4, 22, 234, 'Thursday', 'Thu', 'Weekday', 34, 34, '2019-8-19', 20190819, 8, 8, 'August', 'Aug', 3, 2019, 201908, 2, 1, 2020, 'Not Month End', '2018-8-22')"
20190823,8/23/2019,5,23,235,Friday,Fri,Weekday,34,34,8/19/2019,20190819,8,8,August,Aug,3,2019,201908,2,1,2020,Not Month End,8/23/2018,,"insert into Date_Dimension values(20190823, '2019-8-23',5, 23, 235, 'Friday', 'Fri', 'Weekday', 34, 34, '2019-8-19', 20190819, 8, 8, 'August', 'Aug', 3, 2019, 201908, 2, 1, 2020, 'Not Month End', '2018-8-23')"
20190824,8/24/2019,6,24,236,Saturday,Sat,Weekend,34,34,8/19/2019,20190819,8,8,August,Aug,3,2019,201908,2,1,2020,Not Month End,8/24/2018,,"insert into Date_Dimension values(20190824, '2019-8-24',6, 24, 236, 'Saturday', 'Sat', 'Weekend', 34, 34, '2019-8-19', 20190819, 8, 8, 'August', 'Aug', 3, 2019, 201908, 2, 1, 2020, 'Not Month End', '2018-8-24')"
20190825,8/25/2019,7,25,237,Sunday,Sun,Weekend,34,34,8/19/2019,20190819,8,8,August,Aug,3,2019,201908,2,1,2020,Not Month End,8/25/2018,,"insert into Date_Dimension values(20190825, '2019-8-25',7, 25, 237, 'Sunday', 'Sun', 'Weekend', 34, 34, '2019-8-19', 20190819, 8, 8, 'August', 'Aug', 3, 2019, 201908, 2, 1, 2020, 'Not Month End', '2018-8-25')"
20190826,8/26/2019,1,26,238,Monday,Mon,Weekday,35,35,8/26/2019,20190826,8,8,August,Aug,3,2019,201908,2,1,2020,Not Month End,8/26/2018,,"insert into Date_Dimension values(20190826, '2019-8-26',1, 26, 238, 'Monday', 'Mon', 'Weekday', 35, 35, '2019-8-26', 20190826, 8, 8, 'August', 'Aug', 3, 2019, 201908, 2, 1, 2020, 'Not Month End', '2018-8-26')"
20190827,8/27/2019,2,27,239,Tuesday,Tue,Weekday,35,35,8/26/2019,20190826,8,8,August,Aug,3,2019,201908,2,1,2020,Not Month End,8/27/2018,,"insert into Date_Dimension values(20190827, '2019-8-27',2, 27, 239, 'Tuesday', 'Tue', 'Weekday', 35, 35, '2019-8-26', 20190826, 8, 8, 'August', 'Aug', 3, 2019, 201908, 2, 1, 2020, 'Not Month End', '2018-8-27')"
20190828,8/28/2019,3,28,240,Wednesday,Wed,Weekday,35,35,8/26/2019,20190826,8,8,August,Aug,3,2019,201908,2,1,2020,Not Month End,8/28/2018,,"insert into Date_Dimension values(20190828, '2019-8-28',3, 28, 240, 'Wednesday', 'Wed', 'Weekday', 35, 35, '2019-8-26', 20190826, 8, 8, 'August', 'Aug', 3, 2019, 201908, 2, 1, 2020, 'Not Month End', '2018-8-28')"
20190829,8/29/2019,4,29,241,Thursday,Thu,Weekday,35,35,8/26/2019,20190826,8,8,August,Aug,3,2019,201908,2,1,2020,Not Month End,8/29/2018,,"insert into Date_Dimension values(20190829, '2019-8-29',4, 29, 241, 'Thursday', 'Thu', 'Weekday', 35, 35, '2019-8-26', 20190826, 8, 8, 'August', 'Aug', 3, 2019, 201908, 2, 1, 2020, 'Not Month End', '2018-8-29')"
20190830,8/30/2019,5,30,242,Friday,Fri,Weekday,35,35,8/26/2019,20190826,8,8,August,Aug,3,2019,201908,2,1,2020,Not Month End,8/30/2018,,"insert into Date_Dimension values(20190830, '2019-8-30',5, 30, 242, 'Friday', 'Fri', 'Weekday', 35, 35, '2019-8-26', 20190826, 8, 8, 'August', 'Aug', 3, 2019, 201908, 2, 1, 2020, 'Not Month End', '2018-8-30')"
20190831,8/31/2019,6,31,243,Saturday,Sat,Weekend,35,35,8/26/2019,20190826,8,8,August,Aug,3,2019,201908,2,1,2020,Month End,8/31/2018,,"insert into Date_Dimension values(20190831, '2019-8-31',6, 31, 243, 'Saturday', 'Sat', 'Weekend', 35, 35, '2019-8-26', 20190826, 8, 8, 'August', 'Aug', 3, 2019, 201908, 2, 1, 2020, 'Month End', '2018-8-31')"
20190901,9/1/2019,7,1,244,Sunday,Sun,Weekend,35,35,8/26/2019,20190826,9,9,September,Sep,3,2019,201909,3,1,2020,Not Month End,9/1/2018,,"insert into Date_Dimension values(20190901, '2019-9-1',7, 1, 244, 'Sunday', 'Sun', 'Weekend', 35, 35, '2019-8-26', 20190826, 9, 9, 'September', 'Sep', 3, 2019, 201909, 3, 1, 2020, 'Not Month End', '2018-9-1')"
20190902,9/2/2019,1,2,245,Monday,Mon,Weekday,36,36,9/2/2019,20190902,9,9,September,Sep,3,2019,201909,3,1,2020,Not Month End,9/2/2018,,"insert into Date_Dimension values(20190902, '2019-9-2',1, 2, 245, 'Monday', 'Mon', 'Weekday', 36, 36, '2019-9-2', 20190902, 9, 9, 'September', 'Sep', 3, 2019, 201909, 3, 1, 2020, 'Not Month End', '2018-9-2')"
20190903,9/3/2019,2,3,246,Tuesday,Tue,Weekday,36,36,9/2/2019,20190902,9,9,September,Sep,3,2019,201909,3,1,2020,Not Month End,9/3/2018,,"insert into Date_Dimension values(20190903, '2019-9-3',2, 3, 246, 'Tuesday', 'Tue', 'Weekday', 36, 36, '2019-9-2', 20190902, 9, 9, 'September', 'Sep', 3, 2019, 201909, 3, 1, 2020, 'Not Month End', '2018-9-3')"
20190904,9/4/2019,3,4,247,Wednesday,Wed,Weekday,36,36,9/2/2019,20190902,9,9,September,Sep,3,2019,201909,3,1,2020,Not Month End,9/4/2018,,"insert into Date_Dimension values(20190904, '2019-9-4',3, 4, 247, 'Wednesday', 'Wed', 'Weekday', 36, 36, '2019-9-2', 20190902, 9, 9, 'September', 'Sep', 3, 2019, 201909, 3, 1, 2020, 'Not Month End', '2018-9-4')"
20190905,9/5/2019,4,5,248,Thursday,Thu,Weekday,36,36,9/2/2019,20190902,9,9,September,Sep,3,2019,201909,3,1,2020,Not Month End,9/5/2018,,"insert into Date_Dimension values(20190905, '2019-9-5',4, 5, 248, 'Thursday', 'Thu', 'Weekday', 36, 36, '2019-9-2', 20190902, 9, 9, 'September', 'Sep', 3, 2019, 201909, 3, 1, 2020, 'Not Month End', '2018-9-5')"
20190906,9/6/2019,5,6,249,Friday,Fri,Weekday,36,36,9/2/2019,20190902,9,9,September,Sep,3,2019,201909,3,1,2020,Not Month End,9/6/2018,,"insert into Date_Dimension values(20190906, '2019-9-6',5, 6, 249, 'Friday', 'Fri', 'Weekday', 36, 36, '2019-9-2', 20190902, 9, 9, 'September', 'Sep', 3, 2019, 201909, 3, 1, 2020, 'Not Month End', '2018-9-6')"
20190907,9/7/2019,6,7,250,Saturday,Sat,Weekend,36,36,9/2/2019,20190902,9,9,September,Sep,3,2019,201909,3,1,2020,Not Month End,9/7/2018,,"insert into Date_Dimension values(20190907, '2019-9-7',6, 7, 250, 'Saturday', 'Sat', 'Weekend', 36, 36, '2019-9-2', 20190902, 9, 9, 'September', 'Sep', 3, 2019, 201909, 3, 1, 2020, 'Not Month End', '2018-9-7')"
20190908,9/8/2019,7,8,251,Sunday,Sun,Weekend,36,36,9/2/2019,20190902,9,9,September,Sep,3,2019,201909,3,1,2020,Not Month End,9/8/2018,,"insert into Date_Dimension values(20190908, '2019-9-8',7, 8, 251, 'Sunday', 'Sun', 'Weekend', 36, 36, '2019-9-2', 20190902, 9, 9, 'September', 'Sep', 3, 2019, 201909, 3, 1, 2020, 'Not Month End', '2018-9-8')"
20190909,9/9/2019,1,9,252,Monday,Mon,Weekday,37,37,9/9/2019,20190909,9,9,September,Sep,3,2019,201909,3,1,2020,Not Month End,9/9/2018,,"insert into Date_Dimension values(20190909, '2019-9-9',1, 9, 252, 'Monday', 'Mon', 'Weekday', 37, 37, '2019-9-9', 20190909, 9, 9, 'September', 'Sep', 3, 2019, 201909, 3, 1, 2020, 'Not Month End', '2018-9-9')"
20190910,9/10/2019,2,10,253,Tuesday,Tue,Weekday,37,37,9/9/2019,20190909,9,9,September,Sep,3,2019,201909,3,1,2020,Not Month End,9/10/2018,,"insert into Date_Dimension values(20190910, '2019-9-10',2, 10, 253, 'Tuesday', 'Tue', 'Weekday', 37, 37, '2019-9-9', 20190909, 9, 9, 'September', 'Sep', 3, 2019, 201909, 3, 1, 2020, 'Not Month End', '2018-9-10')"
20190911,9/11/2019,3,11,254,Wednesday,Wed,Weekday,37,37,9/9/2019,20190909,9,9,September,Sep,3,2019,201909,3,1,2020,Not Month End,9/11/2018,,"insert into Date_Dimension values(20190911, '2019-9-11',3, 11, 254, 'Wednesday', 'Wed', 'Weekday', 37, 37, '2019-9-9', 20190909, 9, 9, 'September', 'Sep', 3, 2019, 201909, 3, 1, 2020, 'Not Month End', '2018-9-11')"
20190912,9/12/2019,4,12,255,Thursday,Thu,Weekday,37,37,9/9/2019,20190909,9,9,September,Sep,3,2019,201909,3,1,2020,Not Month End,9/12/2018,,"insert into Date_Dimension values(20190912, '2019-9-12',4, 12, 255, 'Thursday', 'Thu', 'Weekday', 37, 37, '2019-9-9', 20190909, 9, 9, 'September', 'Sep', 3, 2019, 201909, 3, 1, 2020, 'Not Month End', '2018-9-12')"
20190913,9/13/2019,5,13,256,Friday,Fri,Weekday,37,37,9/9/2019,20190909,9,9,September,Sep,3,2019,201909,3,1,2020,Not Month End,9/13/2018,,"insert into Date_Dimension values(20190913, '2019-9-13',5, 13, 256, 'Friday', 'Fri', 'Weekday', 37, 37, '2019-9-9', 20190909, 9, 9, 'September', 'Sep', 3, 2019, 201909, 3, 1, 2020, 'Not Month End', '2018-9-13')"
20190914,9/14/2019,6,14,257,Saturday,Sat,Weekend,37,37,9/9/2019,20190909,9,9,September,Sep,3,2019,201909,3,1,2020,Not Month End,9/14/2018,,"insert into Date_Dimension values(20190914, '2019-9-14',6, 14, 257, 'Saturday', 'Sat', 'Weekend', 37, 37, '2019-9-9', 20190909, 9, 9, 'September', 'Sep', 3, 2019, 201909, 3, 1, 2020, 'Not Month End', '2018-9-14')"
20190915,9/15/2019,7,15,258,Sunday,Sun,Weekend,37,37,9/9/2019,20190909,9,9,September,Sep,3,2019,201909,3,1,2020,Not Month End,9/15/2018,,"insert into Date_Dimension values(20190915, '2019-9-15',7, 15, 258, 'Sunday', 'Sun', 'Weekend', 37, 37, '2019-9-9', 20190909, 9, 9, 'September', 'Sep', 3, 2019, 201909, 3, 1, 2020, 'Not Month End', '2018-9-15')"
20190916,9/16/2019,1,16,259,Monday,Mon,Weekday,38,38,9/16/2019,20190916,9,9,September,Sep,3,2019,201909,3,1,2020,Not Month End,9/16/2018,,"insert into Date_Dimension values(20190916, '2019-9-16',1, 16, 259, 'Monday', 'Mon', 'Weekday', 38, 38, '2019-9-16', 20190916, 9, 9, 'September', 'Sep', 3, 2019, 201909, 3, 1, 2020, 'Not Month End', '2018-9-16')"
20190917,9/17/2019,2,17,260,Tuesday,Tue,Weekday,38,38,9/16/2019,20190916,9,9,September,Sep,3,2019,201909,3,1,2020,Not Month End,9/17/2018,,"insert into Date_Dimension values(20190917, '2019-9-17',2, 17, 260, 'Tuesday', 'Tue', 'Weekday', 38, 38, '2019-9-16', 20190916, 9, 9, 'September', 'Sep', 3, 2019, 201909, 3, 1, 2020, 'Not Month End', '2018-9-17')"
20190918,9/18/2019,3,18,261,Wednesday,Wed,Weekday,38,38,9/16/2019,20190916,9,9,September,Sep,3,2019,201909,3,1,2020,Not Month End,9/18/2018,,"insert into Date_Dimension values(20190918, '2019-9-18',3, 18, 261, 'Wednesday', 'Wed', 'Weekday', 38, 38, '2019-9-16', 20190916, 9, 9, 'September', 'Sep', 3, 2019, 201909, 3, 1, 2020, 'Not Month End', '2018-9-18')"
20190919,9/19/2019,4,19,262,Thursday,Thu,Weekday,38,38,9/16/2019,20190916,9,9,September,Sep,3,2019,201909,3,1,2020,Not Month End,9/19/2018,,"insert into Date_Dimension values(20190919, '2019-9-19',4, 19, 262, 'Thursday', 'Thu', 'Weekday', 38, 38, '2019-9-16', 20190916, 9, 9, 'September', 'Sep', 3, 2019, 201909, 3, 1, 2020, 'Not Month End', '2018-9-19')"
20190920,9/20/2019,5,20,263,Friday,Fri,Weekday,38,38,9/16/2019,20190916,9,9,September,Sep,3,2019,201909,3,1,2020,Not Month End,9/20/2018,,"insert into Date_Dimension values(20190920, '2019-9-20',5, 20, 263, 'Friday', 'Fri', 'Weekday', 38, 38, '2019-9-16', 20190916, 9, 9, 'September', 'Sep', 3, 2019, 201909, 3, 1, 2020, 'Not Month End', '2018-9-20')"
20190921,9/21/2019,6,21,264,Saturday,Sat,Weekend,38,38,9/16/2019,20190916,9,9,September,Sep,3,2019,201909,3,1,2020,Not Month End,9/21/2018,,"insert into Date_Dimension values(20190921, '2019-9-21',6, 21, 264, 'Saturday', 'Sat', 'Weekend', 38, 38, '2019-9-16', 20190916, 9, 9, 'September', 'Sep', 3, 2019, 201909, 3, 1, 2020, 'Not Month End', '2018-9-21')"
20190922,9/22/2019,7,22,265,Sunday,Sun,Weekend,38,38,9/16/2019,20190916,9,9,September,Sep,3,2019,201909,3,1,2020,Not Month End,9/22/2018,,"insert into Date_Dimension values(20190922, '2019-9-22',7, 22, 265, 'Sunday', 'Sun', 'Weekend', 38, 38, '2019-9-16', 20190916, 9, 9, 'September', 'Sep', 3, 2019, 201909, 3, 1, 2020, 'Not Month End', '2018-9-22')"
20190923,9/23/2019,1,23,266,Monday,Mon,Weekday,39,39,9/23/2019,20190923,9,9,September,Sep,3,2019,201909,3,1,2020,Not Month End,9/23/2018,,"insert into Date_Dimension values(20190923, '2019-9-23',1, 23, 266, 'Monday', 'Mon', 'Weekday', 39, 39, '2019-9-23', 20190923, 9, 9, 'September', 'Sep', 3, 2019, 201909, 3, 1, 2020, 'Not Month End', '2018-9-23')"
20190924,9/24/2019,2,24,267,Tuesday,Tue,Weekday,39,39,9/23/2019,20190923,9,9,September,Sep,3,2019,201909,3,1,2020,Not Month End,9/24/2018,,"insert into Date_Dimension values(20190924, '2019-9-24',2, 24, 267, 'Tuesday', 'Tue', 'Weekday', 39, 39, '2019-9-23', 20190923, 9, 9, 'September', 'Sep', 3, 2019, 201909, 3, 1, 2020, 'Not Month End', '2018-9-24')"
20190925,9/25/2019,3,25,268,Wednesday,Wed,Weekday,39,39,9/23/2019,20190923,9,9,September,Sep,3,2019,201909,3,1,2020,Not Month End,9/25/2018,,"insert into Date_Dimension values(20190925, '2019-9-25',3, 25, 268, 'Wednesday', 'Wed', 'Weekday', 39, 39, '2019-9-23', 20190923, 9, 9, 'September', 'Sep', 3, 2019, 201909, 3, 1, 2020, 'Not Month End', '2018-9-25')"
20190926,9/26/2019,4,26,269,Thursday,Thu,Weekday,39,39,9/23/2019,20190923,9,9,September,Sep,3,2019,201909,3,1,2020,Not Month End,9/26/2018,,"insert into Date_Dimension values(20190926, '2019-9-26',4, 26, 269, 'Thursday', 'Thu', 'Weekday', 39, 39, '2019-9-23', 20190923, 9, 9, 'September', 'Sep', 3, 2019, 201909, 3, 1, 2020, 'Not Month End', '2018-9-26')"
20190927,9/27/2019,5,27,270,Friday,Fri,Weekday,39,39,9/23/2019,20190923,9,9,September,Sep,3,2019,201909,3,1,2020,Not Month End,9/27/2018,,"insert into Date_Dimension values(20190927, '2019-9-27',5, 27, 270, 'Friday', 'Fri', 'Weekday', 39, 39, '2019-9-23', 20190923, 9, 9, 'September', 'Sep', 3, 2019, 201909, 3, 1, 2020, 'Not Month End', '2018-9-27')"
20190928,9/28/2019,6,28,271,Saturday,Sat,Weekend,39,39,9/23/2019,20190923,9,9,September,Sep,3,2019,201909,3,1,2020,Not Month End,9/28/2018,,"insert into Date_Dimension values(20190928, '2019-9-28',6, 28, 271, 'Saturday', 'Sat', 'Weekend', 39, 39, '2019-9-23', 20190923, 9, 9, 'September', 'Sep', 3, 2019, 201909, 3, 1, 2020, 'Not Month End', '2018-9-28')"
20190929,9/29/2019,7,29,272,Sunday,Sun,Weekend,39,39,9/23/2019,20190923,9,9,September,Sep,3,2019,201909,3,1,2020,Not Month End,9/29/2018,,"insert into Date_Dimension values(20190929, '2019-9-29',7, 29, 272, 'Sunday', 'Sun', 'Weekend', 39, 39, '2019-9-23', 20190923, 9, 9, 'September', 'Sep', 3, 2019, 201909, 3, 1, 2020, 'Not Month End', '2018-9-29')"
20190930,9/30/2019,1,30,273,Monday,Mon,Weekday,40,40,9/30/2019,20190930,9,9,September,Sep,3,2019,201909,3,1,2020,Month End,9/30/2018,,"insert into Date_Dimension values(20190930, '2019-9-30',1, 30, 273, 'Monday', 'Mon', 'Weekday', 40, 40, '2019-9-30', 20190930, 9, 9, 'September', 'Sep', 3, 2019, 201909, 3, 1, 2020, 'Month End', '2018-9-30')"
20191001,10/1/2019,2,1,274,Tuesday,Tue,Weekday,40,40,9/30/2019,20190930,10,10,October,Oct,4,2019,201910,4,2,2020,Not Month End,10/1/2018,,"insert into Date_Dimension values(20191001, '2019-10-1',2, 1, 274, 'Tuesday', 'Tue', 'Weekday', 40, 40, '2019-9-30', 20190930, 10, 10, 'October', 'Oct', 4, 2019, 201910, 4, 2, 2020, 'Not Month End', '2018-10-1')"
20191002,10/2/2019,3,2,275,Wednesday,Wed,Weekday,40,40,9/30/2019,20190930,10,10,October,Oct,4,2019,201910,4,2,2020,Not Month End,10/2/2018,,"insert into Date_Dimension values(20191002, '2019-10-2',3, 2, 275, 'Wednesday', 'Wed', 'Weekday', 40, 40, '2019-9-30', 20190930, 10, 10, 'October', 'Oct', 4, 2019, 201910, 4, 2, 2020, 'Not Month End', '2018-10-2')"
20191003,10/3/2019,4,3,276,Thursday,Thu,Weekday,40,40,9/30/2019,20190930,10,10,October,Oct,4,2019,201910,4,2,2020,Not Month End,10/3/2018,,"insert into Date_Dimension values(20191003, '2019-10-3',4, 3, 276, 'Thursday', 'Thu', 'Weekday', 40, 40, '2019-9-30', 20190930, 10, 10, 'October', 'Oct', 4, 2019, 201910, 4, 2, 2020, 'Not Month End', '2018-10-3')"
20191004,10/4/2019,5,4,277,Friday,Fri,Weekday,40,40,9/30/2019,20190930,10,10,October,Oct,4,2019,201910,4,2,2020,Not Month End,10/4/2018,,"insert into Date_Dimension values(20191004, '2019-10-4',5, 4, 277, 'Friday', 'Fri', 'Weekday', 40, 40, '2019-9-30', 20190930, 10, 10, 'October', 'Oct', 4, 2019, 201910, 4, 2, 2020, 'Not Month End', '2018-10-4')"
20191005,10/5/2019,6,5,278,Saturday,Sat,Weekend,40,40,9/30/2019,20190930,10,10,October,Oct,4,2019,201910,4,2,2020,Not Month End,10/5/2018,,"insert into Date_Dimension values(20191005, '2019-10-5',6, 5, 278, 'Saturday', 'Sat', 'Weekend', 40, 40, '2019-9-30', 20190930, 10, 10, 'October', 'Oct', 4, 2019, 201910, 4, 2, 2020, 'Not Month End', '2018-10-5')"
20191006,10/6/2019,7,6,279,Sunday,Sun,Weekend,40,40,9/30/2019,20190930,10,10,October,Oct,4,2019,201910,4,2,2020,Not Month End,10/6/2018,,"insert into Date_Dimension values(20191006, '2019-10-6',7, 6, 279, 'Sunday', 'Sun', 'Weekend', 40, 40, '2019-9-30', 20190930, 10, 10, 'October', 'Oct', 4, 2019, 201910, 4, 2, 2020, 'Not Month End', '2018-10-6')"
20191007,10/7/2019,1,7,280,Monday,Mon,Weekday,41,41,10/7/2019,20191007,10,10,October,Oct,4,2019,201910,4,2,2020,Not Month End,10/7/2018,,"insert into Date_Dimension values(20191007, '2019-10-7',1, 7, 280, 'Monday', 'Mon', 'Weekday', 41, 41, '2019-10-7', 20191007, 10, 10, 'October', 'Oct', 4, 2019, 201910, 4, 2, 2020, 'Not Month End', '2018-10-7')"
20191008,10/8/2019,2,8,281,Tuesday,Tue,Weekday,41,41,10/7/2019,20191007,10,10,October,Oct,4,2019,201910,4,2,2020,Not Month End,10/8/2018,,"insert into Date_Dimension values(20191008, '2019-10-8',2, 8, 281, 'Tuesday', 'Tue', 'Weekday', 41, 41, '2019-10-7', 20191007, 10, 10, 'October', 'Oct', 4, 2019, 201910, 4, 2, 2020, 'Not Month End', '2018-10-8')"
20191009,10/9/2019,3,9,282,Wednesday,Wed,Weekday,41,41,10/7/2019,20191007,10,10,October,Oct,4,2019,201910,4,2,2020,Not Month End,10/9/2018,,"insert into Date_Dimension values(20191009, '2019-10-9',3, 9, 282, 'Wednesday', 'Wed', 'Weekday', 41, 41, '2019-10-7', 20191007, 10, 10, 'October', 'Oct', 4, 2019, 201910, 4, 2, 2020, 'Not Month End', '2018-10-9')"
20191010,10/10/2019,4,10,283,Thursday,Thu,Weekday,41,41,10/7/2019,20191007,10,10,October,Oct,4,2019,201910,4,2,2020,Not Month End,10/10/2018,,"insert into Date_Dimension values(20191010, '2019-10-10',4, 10, 283, 'Thursday', 'Thu', 'Weekday', 41, 41, '2019-10-7', 20191007, 10, 10, 'October', 'Oct', 4, 2019, 201910, 4, 2, 2020, 'Not Month End', '2018-10-10')"
20191011,10/11/2019,5,11,284,Friday,Fri,Weekday,41,41,10/7/2019,20191007,10,10,October,Oct,4,2019,201910,4,2,2020,Not Month End,10/11/2018,,"insert into Date_Dimension values(20191011, '2019-10-11',5, 11, 284, 'Friday', 'Fri', 'Weekday', 41, 41, '2019-10-7', 20191007, 10, 10, 'October', 'Oct', 4, 2019, 201910, 4, 2, 2020, 'Not Month End', '2018-10-11')"
20191012,10/12/2019,6,12,285,Saturday,Sat,Weekend,41,41,10/7/2019,20191007,10,10,October,Oct,4,2019,201910,4,2,2020,Not Month End,10/12/2018,,"insert into Date_Dimension values(20191012, '2019-10-12',6, 12, 285, 'Saturday', 'Sat', 'Weekend', 41, 41, '2019-10-7', 20191007, 10, 10, 'October', 'Oct', 4, 2019, 201910, 4, 2, 2020, 'Not Month End', '2018-10-12')"
20191013,10/13/2019,7,13,286,Sunday,Sun,Weekend,41,41,10/7/2019,20191007,10,10,October,Oct,4,2019,201910,4,2,2020,Not Month End,10/13/2018,,"insert into Date_Dimension values(20191013, '2019-10-13',7, 13, 286, 'Sunday', 'Sun', 'Weekend', 41, 41, '2019-10-7', 20191007, 10, 10, 'October', 'Oct', 4, 2019, 201910, 4, 2, 2020, 'Not Month End', '2018-10-13')"
20191014,10/14/2019,1,14,287,Monday,Mon,Weekday,42,42,10/14/2019,20191014,10,10,October,Oct,4,2019,201910,4,2,2020,Not Month End,10/14/2018,,"insert into Date_Dimension values(20191014, '2019-10-14',1, 14, 287, 'Monday', 'Mon', 'Weekday', 42, 42, '2019-10-14', 20191014, 10, 10, 'October', 'Oct', 4, 2019, 201910, 4, 2, 2020, 'Not Month End', '2018-10-14')"
20191015,10/15/2019,2,15,288,Tuesday,Tue,Weekday,42,42,10/14/2019,20191014,10,10,October,Oct,4,2019,201910,4,2,2020,Not Month End,10/15/2018,,"insert into Date_Dimension values(20191015, '2019-10-15',2, 15, 288, 'Tuesday', 'Tue', 'Weekday', 42, 42, '2019-10-14', 20191014, 10, 10, 'October', 'Oct', 4, 2019, 201910, 4, 2, 2020, 'Not Month End', '2018-10-15')"
20191016,10/16/2019,3,16,289,Wednesday,Wed,Weekday,42,42,10/14/2019,20191014,10,10,October,Oct,4,2019,201910,4,2,2020,Not Month End,10/16/2018,,"insert into Date_Dimension values(20191016, '2019-10-16',3, 16, 289, 'Wednesday', 'Wed', 'Weekday', 42, 42, '2019-10-14', 20191014, 10, 10, 'October', 'Oct', 4, 2019, 201910, 4, 2, 2020, 'Not Month End', '2018-10-16')"
20191017,10/17/2019,4,17,290,Thursday,Thu,Weekday,42,42,10/14/2019,20191014,10,10,October,Oct,4,2019,201910,4,2,2020,Not Month End,10/17/2018,,"insert into Date_Dimension values(20191017, '2019-10-17',4, 17, 290, 'Thursday', 'Thu', 'Weekday', 42, 42, '2019-10-14', 20191014, 10, 10, 'October', 'Oct', 4, 2019, 201910, 4, 2, 2020, 'Not Month End', '2018-10-17')"
20191018,10/18/2019,5,18,291,Friday,Fri,Weekday,42,42,10/14/2019,20191014,10,10,October,Oct,4,2019,201910,4,2,2020,Not Month End,10/18/2018,,"insert into Date_Dimension values(20191018, '2019-10-18',5, 18, 291, 'Friday', 'Fri', 'Weekday', 42, 42, '2019-10-14', 20191014, 10, 10, 'October', 'Oct', 4, 2019, 201910, 4, 2, 2020, 'Not Month End', '2018-10-18')"
20191019,10/19/2019,6,19,292,Saturday,Sat,Weekend,42,42,10/14/2019,20191014,10,10,October,Oct,4,2019,201910,4,2,2020,Not Month End,10/19/2018,,"insert into Date_Dimension values(20191019, '2019-10-19',6, 19, 292, 'Saturday', 'Sat', 'Weekend', 42, 42, '2019-10-14', 20191014, 10, 10, 'October', 'Oct', 4, 2019, 201910, 4, 2, 2020, 'Not Month End', '2018-10-19')"
20191020,10/20/2019,7,20,293,Sunday,Sun,Weekend,42,42,10/14/2019,20191014,10,10,October,Oct,4,2019,201910,4,2,2020,Not Month End,10/20/2018,,"insert into Date_Dimension values(20191020, '2019-10-20',7, 20, 293, 'Sunday', 'Sun', 'Weekend', 42, 42, '2019-10-14', 20191014, 10, 10, 'October', 'Oct', 4, 2019, 201910, 4, 2, 2020, 'Not Month End', '2018-10-20')"
20191021,10/21/2019,1,21,294,Monday,Mon,Weekday,43,43,10/21/2019,20191021,10,10,October,Oct,4,2019,201910,4,2,2020,Not Month End,10/21/2018,,"insert into Date_Dimension values(20191021, '2019-10-21',1, 21, 294, 'Monday', 'Mon', 'Weekday', 43, 43, '2019-10-21', 20191021, 10, 10, 'October', 'Oct', 4, 2019, 201910, 4, 2, 2020, 'Not Month End', '2018-10-21')"
20191022,10/22/2019,2,22,295,Tuesday,Tue,Weekday,43,43,10/21/2019,20191021,10,10,October,Oct,4,2019,201910,4,2,2020,Not Month End,10/22/2018,,"insert into Date_Dimension values(20191022, '2019-10-22',2, 22, 295, 'Tuesday', 'Tue', 'Weekday', 43, 43, '2019-10-21', 20191021, 10, 10, 'October', 'Oct', 4, 2019, 201910, 4, 2, 2020, 'Not Month End', '2018-10-22')"
20191023,10/23/2019,3,23,296,Wednesday,Wed,Weekday,43,43,10/21/2019,20191021,10,10,October,Oct,4,2019,201910,4,2,2020,Not Month End,10/23/2018,,"insert into Date_Dimension values(20191023, '2019-10-23',3, 23, 296, 'Wednesday', 'Wed', 'Weekday', 43, 43, '2019-10-21', 20191021, 10, 10, 'October', 'Oct', 4, 2019, 201910, 4, 2, 2020, 'Not Month End', '2018-10-23')"
20191024,10/24/2019,4,24,297,Thursday,Thu,Weekday,43,43,10/21/2019,20191021,10,10,October,Oct,4,2019,201910,4,2,2020,Not Month End,10/24/2018,,"insert into Date_Dimension values(20191024, '2019-10-24',4, 24, 297, 'Thursday', 'Thu', 'Weekday', 43, 43, '2019-10-21', 20191021, 10, 10, 'October', 'Oct', 4, 2019, 201910, 4, 2, 2020, 'Not Month End', '2018-10-24')"
20191025,10/25/2019,5,25,298,Friday,Fri,Weekday,43,43,10/21/2019,20191021,10,10,October,Oct,4,2019,201910,4,2,2020,Not Month End,10/25/2018,,"insert into Date_Dimension values(20191025, '2019-10-25',5, 25, 298, 'Friday', 'Fri', 'Weekday', 43, 43, '2019-10-21', 20191021, 10, 10, 'October', 'Oct', 4, 2019, 201910, 4, 2, 2020, 'Not Month End', '2018-10-25')"
20191026,10/26/2019,6,26,299,Saturday,Sat,Weekend,43,43,10/21/2019,20191021,10,10,October,Oct,4,2019,201910,4,2,2020,Not Month End,10/26/2018,,"insert into Date_Dimension values(20191026, '2019-10-26',6, 26, 299, 'Saturday', 'Sat', 'Weekend', 43, 43, '2019-10-21', 20191021, 10, 10, 'October', 'Oct', 4, 2019, 201910, 4, 2, 2020, 'Not Month End', '2018-10-26')"
20191027,10/27/2019,7,27,300,Sunday,Sun,Weekend,43,43,10/21/2019,20191021,10,10,October,Oct,4,2019,201910,4,2,2020,Not Month End,10/27/2018,,"insert into Date_Dimension values(20191027, '2019-10-27',7, 27, 300, 'Sunday', 'Sun', 'Weekend', 43, 43, '2019-10-21', 20191021, 10, 10, 'October', 'Oct', 4, 2019, 201910, 4, 2, 2020, 'Not Month End', '2018-10-27')"
20191028,10/28/2019,1,28,301,Monday,Mon,Weekday,44,44,10/28/2019,20191028,10,10,October,Oct,4,2019,201910,4,2,2020,Not Month End,10/28/2018,,"insert into Date_Dimension values(20191028, '2019-10-28',1, 28, 301, 'Monday', 'Mon', 'Weekday', 44, 44, '2019-10-28', 20191028, 10, 10, 'October', 'Oct', 4, 2019, 201910, 4, 2, 2020, 'Not Month End', '2018-10-28')"
20191029,10/29/2019,2,29,302,Tuesday,Tue,Weekday,44,44,10/28/2019,20191028,10,10,October,Oct,4,2019,201910,4,2,2020,Not Month End,10/29/2018,,"insert into Date_Dimension values(20191029, '2019-10-29',2, 29, 302, 'Tuesday', 'Tue', 'Weekday', 44, 44, '2019-10-28', 20191028, 10, 10, 'October', 'Oct', 4, 2019, 201910, 4, 2, 2020, 'Not Month End', '2018-10-29')"
20191030,10/30/2019,3,30,303,Wednesday,Wed,Weekday,44,44,10/28/2019,20191028,10,10,October,Oct,4,2019,201910,4,2,2020,Not Month End,10/30/2018,,"insert into Date_Dimension values(20191030, '2019-10-30',3, 30, 303, 'Wednesday', 'Wed', 'Weekday', 44, 44, '2019-10-28', 20191028, 10, 10, 'October', 'Oct', 4, 2019, 201910, 4, 2, 2020, 'Not Month End', '2018-10-30')"
20191031,10/31/2019,4,31,304,Thursday,Thu,Weekday,44,44,10/28/2019,20191028,10,10,October,Oct,4,2019,201910,4,2,2020,Month End,10/31/2018,,"insert into Date_Dimension values(20191031, '2019-10-31',4, 31, 304, 'Thursday', 'Thu', 'Weekday', 44, 44, '2019-10-28', 20191028, 10, 10, 'October', 'Oct', 4, 2019, 201910, 4, 2, 2020, 'Month End', '2018-10-31')"
20191101,11/1/2019,5,1,305,Friday,Fri,Weekday,44,44,10/28/2019,20191028,11,11,November,Nov,4,2019,201911,5,2,2020,Not Month End,11/1/2018,,"insert into Date_Dimension values(20191101, '2019-11-1',5, 1, 305, 'Friday', 'Fri', 'Weekday', 44, 44, '2019-10-28', 20191028, 11, 11, 'November', 'Nov', 4, 2019, 201911, 5, 2, 2020, 'Not Month End', '2018-11-1')"
20191102,11/2/2019,6,2,306,Saturday,Sat,Weekend,44,44,10/28/2019,20191028,11,11,November,Nov,4,2019,201911,5,2,2020,Not Month End,11/2/2018,,"insert into Date_Dimension values(20191102, '2019-11-2',6, 2, 306, 'Saturday', 'Sat', 'Weekend', 44, 44, '2019-10-28', 20191028, 11, 11, 'November', 'Nov', 4, 2019, 201911, 5, 2, 2020, 'Not Month End', '2018-11-2')"
20191103,11/3/2019,7,3,307,Sunday,Sun,Weekend,44,44,10/28/2019,20191028,11,11,November,Nov,4,2019,201911,5,2,2020,Not Month End,11/3/2018,,"insert into Date_Dimension values(20191103, '2019-11-3',7, 3, 307, 'Sunday', 'Sun', 'Weekend', 44, 44, '2019-10-28', 20191028, 11, 11, 'November', 'Nov', 4, 2019, 201911, 5, 2, 2020, 'Not Month End', '2018-11-3')"
20191104,11/4/2019,1,4,308,Monday,Mon,Weekday,45,45,11/4/2019,20191104,11,11,November,Nov,4,2019,201911,5,2,2020,Not Month End,11/4/2018,,"insert into Date_Dimension values(20191104, '2019-11-4',1, 4, 308, 'Monday', 'Mon', 'Weekday', 45, 45, '2019-11-4', 20191104, 11, 11, 'November', 'Nov', 4, 2019, 201911, 5, 2, 2020, 'Not Month End', '2018-11-4')"
20191105,11/5/2019,2,5,309,Tuesday,Tue,Weekday,45,45,11/4/2019,20191104,11,11,November,Nov,4,2019,201911,5,2,2020,Not Month End,11/5/2018,,"insert into Date_Dimension values(20191105, '2019-11-5',2, 5, 309, 'Tuesday', 'Tue', 'Weekday', 45, 45, '2019-11-4', 20191104, 11, 11, 'November', 'Nov', 4, 2019, 201911, 5, 2, 2020, 'Not Month End', '2018-11-5')"
20191106,11/6/2019,3,6,310,Wednesday,Wed,Weekday,45,45,11/4/2019,20191104,11,11,November,Nov,4,2019,201911,5,2,2020,Not Month End,11/6/2018,,"insert into Date_Dimension values(20191106, '2019-11-6',3, 6, 310, 'Wednesday', 'Wed', 'Weekday', 45, 45, '2019-11-4', 20191104, 11, 11, 'November', 'Nov', 4, 2019, 201911, 5, 2, 2020, 'Not Month End', '2018-11-6')"
20191107,11/7/2019,4,7,311,Thursday,Thu,Weekday,45,45,11/4/2019,20191104,11,11,November,Nov,4,2019,201911,5,2,2020,Not Month End,11/7/2018,,"insert into Date_Dimension values(20191107, '2019-11-7',4, 7, 311, 'Thursday', 'Thu', 'Weekday', 45, 45, '2019-11-4', 20191104, 11, 11, 'November', 'Nov', 4, 2019, 201911, 5, 2, 2020, 'Not Month End', '2018-11-7')"
20191108,11/8/2019,5,8,312,Friday,Fri,Weekday,45,45,11/4/2019,20191104,11,11,November,Nov,4,2019,201911,5,2,2020,Not Month End,11/8/2018,,"insert into Date_Dimension values(20191108, '2019-11-8',5, 8, 312, 'Friday', 'Fri', 'Weekday', 45, 45, '2019-11-4', 20191104, 11, 11, 'November', 'Nov', 4, 2019, 201911, 5, 2, 2020, 'Not Month End', '2018-11-8')"
20191109,11/9/2019,6,9,313,Saturday,Sat,Weekend,45,45,11/4/2019,20191104,11,11,November,Nov,4,2019,201911,5,2,2020,Not Month End,11/9/2018,,"insert into Date_Dimension values(20191109, '2019-11-9',6, 9, 313, 'Saturday', 'Sat', 'Weekend', 45, 45, '2019-11-4', 20191104, 11, 11, 'November', 'Nov', 4, 2019, 201911, 5, 2, 2020, 'Not Month End', '2018-11-9')"
20191110,11/10/2019,7,10,314,Sunday,Sun,Weekend,45,45,11/4/2019,20191104,11,11,November,Nov,4,2019,201911,5,2,2020,Not Month End,11/10/2018,,"insert into Date_Dimension values(20191110, '2019-11-10',7, 10, 314, 'Sunday', 'Sun', 'Weekend', 45, 45, '2019-11-4', 20191104, 11, 11, 'November', 'Nov', 4, 2019, 201911, 5, 2, 2020, 'Not Month End', '2018-11-10')"
20191111,11/11/2019,1,11,315,Monday,Mon,Weekday,46,46,11/11/2019,20191111,11,11,November,Nov,4,2019,201911,5,2,2020,Not Month End,11/11/2018,,"insert into Date_Dimension values(20191111, '2019-11-11',1, 11, 315, 'Monday', 'Mon', 'Weekday', 46, 46, '2019-11-11', 20191111, 11, 11, 'November', 'Nov', 4, 2019, 201911, 5, 2, 2020, 'Not Month End', '2018-11-11')"
20191112,11/12/2019,2,12,316,Tuesday,Tue,Weekday,46,46,11/11/2019,20191111,11,11,November,Nov,4,2019,201911,5,2,2020,Not Month End,11/12/2018,,"insert into Date_Dimension values(20191112, '2019-11-12',2, 12, 316, 'Tuesday', 'Tue', 'Weekday', 46, 46, '2019-11-11', 20191111, 11, 11, 'November', 'Nov', 4, 2019, 201911, 5, 2, 2020, 'Not Month End', '2018-11-12')"
20191113,11/13/2019,3,13,317,Wednesday,Wed,Weekday,46,46,11/11/2019,20191111,11,11,November,Nov,4,2019,201911,5,2,2020,Not Month End,11/13/2018,,"insert into Date_Dimension values(20191113, '2019-11-13',3, 13, 317, 'Wednesday', 'Wed', 'Weekday', 46, 46, '2019-11-11', 20191111, 11, 11, 'November', 'Nov', 4, 2019, 201911, 5, 2, 2020, 'Not Month End', '2018-11-13')"
20191114,11/14/2019,4,14,318,Thursday,Thu,Weekday,46,46,11/11/2019,20191111,11,11,November,Nov,4,2019,201911,5,2,2020,Not Month End,11/14/2018,,"insert into Date_Dimension values(20191114, '2019-11-14',4, 14, 318, 'Thursday', 'Thu', 'Weekday', 46, 46, '2019-11-11', 20191111, 11, 11, 'November', 'Nov', 4, 2019, 201911, 5, 2, 2020, 'Not Month End', '2018-11-14')"
20191115,11/15/2019,5,15,319,Friday,Fri,Weekday,46,46,11/11/2019,20191111,11,11,November,Nov,4,2019,201911,5,2,2020,Not Month End,11/15/2018,,"insert into Date_Dimension values(20191115, '2019-11-15',5, 15, 319, 'Friday', 'Fri', 'Weekday', 46, 46, '2019-11-11', 20191111, 11, 11, 'November', 'Nov', 4, 2019, 201911, 5, 2, 2020, 'Not Month End', '2018-11-15')"
20191116,11/16/2019,6,16,320,Saturday,Sat,Weekend,46,46,11/11/2019,20191111,11,11,November,Nov,4,2019,201911,5,2,2020,Not Month End,11/16/2018,,"insert into Date_Dimension values(20191116, '2019-11-16',6, 16, 320, 'Saturday', 'Sat', 'Weekend', 46, 46, '2019-11-11', 20191111, 11, 11, 'November', 'Nov', 4, 2019, 201911, 5, 2, 2020, 'Not Month End', '2018-11-16')"
20191117,11/17/2019,7,17,321,Sunday,Sun,Weekend,46,46,11/11/2019,20191111,11,11,November,Nov,4,2019,201911,5,2,2020,Not Month End,11/17/2018,,"insert into Date_Dimension values(20191117, '2019-11-17',7, 17, 321, 'Sunday', 'Sun', 'Weekend', 46, 46, '2019-11-11', 20191111, 11, 11, 'November', 'Nov', 4, 2019, 201911, 5, 2, 2020, 'Not Month End', '2018-11-17')"
20191118,11/18/2019,1,18,322,Monday,Mon,Weekday,47,47,11/18/2019,20191118,11,11,November,Nov,4,2019,201911,5,2,2020,Not Month End,11/18/2018,,"insert into Date_Dimension values(20191118, '2019-11-18',1, 18, 322, 'Monday', 'Mon', 'Weekday', 47, 47, '2019-11-18', 20191118, 11, 11, 'November', 'Nov', 4, 2019, 201911, 5, 2, 2020, 'Not Month End', '2018-11-18')"
20191119,11/19/2019,2,19,323,Tuesday,Tue,Weekday,47,47,11/18/2019,20191118,11,11,November,Nov,4,2019,201911,5,2,2020,Not Month End,11/19/2018,,"insert into Date_Dimension values(20191119, '2019-11-19',2, 19, 323, 'Tuesday', 'Tue', 'Weekday', 47, 47, '2019-11-18', 20191118, 11, 11, 'November', 'Nov', 4, 2019, 201911, 5, 2, 2020, 'Not Month End', '2018-11-19')"
20191120,11/20/2019,3,20,324,Wednesday,Wed,Weekday,47,47,11/18/2019,20191118,11,11,November,Nov,4,2019,201911,5,2,2020,Not Month End,11/20/2018,,"insert into Date_Dimension values(20191120, '2019-11-20',3, 20, 324, 'Wednesday', 'Wed', 'Weekday', 47, 47, '2019-11-18', 20191118, 11, 11, 'November', 'Nov', 4, 2019, 201911, 5, 2, 2020, 'Not Month End', '2018-11-20')"
20191121,11/21/2019,4,21,325,Thursday,Thu,Weekday,47,47,11/18/2019,20191118,11,11,November,Nov,4,2019,201911,5,2,2020,Not Month End,11/21/2018,,"insert into Date_Dimension values(20191121, '2019-11-21',4, 21, 325, 'Thursday', 'Thu', 'Weekday', 47, 47, '2019-11-18', 20191118, 11, 11, 'November', 'Nov', 4, 2019, 201911, 5, 2, 2020, 'Not Month End', '2018-11-21')"
20191122,11/22/2019,5,22,326,Friday,Fri,Weekday,47,47,11/18/2019,20191118,11,11,November,Nov,4,2019,201911,5,2,2020,Not Month End,11/22/2018,,"insert into Date_Dimension values(20191122, '2019-11-22',5, 22, 326, 'Friday', 'Fri', 'Weekday', 47, 47, '2019-11-18', 20191118, 11, 11, 'November', 'Nov', 4, 2019, 201911, 5, 2, 2020, 'Not Month End', '2018-11-22')"
20191123,11/23/2019,6,23,327,Saturday,Sat,Weekend,47,47,11/18/2019,20191118,11,11,November,Nov,4,2019,201911,5,2,2020,Not Month End,11/23/2018,,"insert into Date_Dimension values(20191123, '2019-11-23',6, 23, 327, 'Saturday', 'Sat', 'Weekend', 47, 47, '2019-11-18', 20191118, 11, 11, 'November', 'Nov', 4, 2019, 201911, 5, 2, 2020, 'Not Month End', '2018-11-23')"
20191124,11/24/2019,7,24,328,Sunday,Sun,Weekend,47,47,11/18/2019,20191118,11,11,November,Nov,4,2019,201911,5,2,2020,Not Month End,11/24/2018,,"insert into Date_Dimension values(20191124, '2019-11-24',7, 24, 328, 'Sunday', 'Sun', 'Weekend', 47, 47, '2019-11-18', 20191118, 11, 11, 'November', 'Nov', 4, 2019, 201911, 5, 2, 2020, 'Not Month End', '2018-11-24')"
20191125,11/25/2019,1,25,329,Monday,Mon,Weekday,48,48,11/25/2019,20191125,11,11,November,Nov,4,2019,201911,5,2,2020,Not Month End,11/25/2018,,"insert into Date_Dimension values(20191125, '2019-11-25',1, 25, 329, 'Monday', 'Mon', 'Weekday', 48, 48, '2019-11-25', 20191125, 11, 11, 'November', 'Nov', 4, 2019, 201911, 5, 2, 2020, 'Not Month End', '2018-11-25')"
20191126,11/26/2019,2,26,330,Tuesday,Tue,Weekday,48,48,11/25/2019,20191125,11,11,November,Nov,4,2019,201911,5,2,2020,Not Month End,11/26/2018,,"insert into Date_Dimension values(20191126, '2019-11-26',2, 26, 330, 'Tuesday', 'Tue', 'Weekday', 48, 48, '2019-11-25', 20191125, 11, 11, 'November', 'Nov', 4, 2019, 201911, 5, 2, 2020, 'Not Month End', '2018-11-26')"
20191127,11/27/2019,3,27,331,Wednesday,Wed,Weekday,48,48,11/25/2019,20191125,11,11,November,Nov,4,2019,201911,5,2,2020,Not Month End,11/27/2018,,"insert into Date_Dimension values(20191127, '2019-11-27',3, 27, 331, 'Wednesday', 'Wed', 'Weekday', 48, 48, '2019-11-25', 20191125, 11, 11, 'November', 'Nov', 4, 2019, 201911, 5, 2, 2020, 'Not Month End', '2018-11-27')"
20191128,11/28/2019,4,28,332,Thursday,Thu,Weekday,48,48,11/25/2019,20191125,11,11,November,Nov,4,2019,201911,5,2,2020,Not Month End,11/28/2018,,"insert into Date_Dimension values(20191128, '2019-11-28',4, 28, 332, 'Thursday', 'Thu', 'Weekday', 48, 48, '2019-11-25', 20191125, 11, 11, 'November', 'Nov', 4, 2019, 201911, 5, 2, 2020, 'Not Month End', '2018-11-28')"
20191129,11/29/2019,5,29,333,Friday,Fri,Weekday,48,48,11/25/2019,20191125,11,11,November,Nov,4,2019,201911,5,2,2020,Not Month End,11/29/2018,,"insert into Date_Dimension values(20191129, '2019-11-29',5, 29, 333, 'Friday', 'Fri', 'Weekday', 48, 48, '2019-11-25', 20191125, 11, 11, 'November', 'Nov', 4, 2019, 201911, 5, 2, 2020, 'Not Month End', '2018-11-29')"
20191130,11/30/2019,6,30,334,Saturday,Sat,Weekend,48,48,11/25/2019,20191125,11,11,November,Nov,4,2019,201911,5,2,2020,Month End,11/30/2018,,"insert into Date_Dimension values(20191130, '2019-11-30',6, 30, 334, 'Saturday', 'Sat', 'Weekend', 48, 48, '2019-11-25', 20191125, 11, 11, 'November', 'Nov', 4, 2019, 201911, 5, 2, 2020, 'Month End', '2018-11-30')"
20191201,12/1/2019,7,1,335,Sunday,Sun,Weekend,48,48,11/25/2019,20191125,12,12,December,Dec,4,2019,201912,6,2,2020,Not Month End,12/1/2018,,"insert into Date_Dimension values(20191201, '2019-12-1',7, 1, 335, 'Sunday', 'Sun', 'Weekend', 48, 48, '2019-11-25', 20191125, 12, 12, 'December', 'Dec', 4, 2019, 201912, 6, 2, 2020, 'Not Month End', '2018-12-1')"
20191202,12/2/2019,1,2,336,Monday,Mon,Weekday,49,49,12/2/2019,20191202,12,12,December,Dec,4,2019,201912,6,2,2020,Not Month End,12/2/2018,,"insert into Date_Dimension values(20191202, '2019-12-2',1, 2, 336, 'Monday', 'Mon', 'Weekday', 49, 49, '2019-12-2', 20191202, 12, 12, 'December', 'Dec', 4, 2019, 201912, 6, 2, 2020, 'Not Month End', '2018-12-2')"
20191203,12/3/2019,2,3,337,Tuesday,Tue,Weekday,49,49,12/2/2019,20191202,12,12,December,Dec,4,2019,201912,6,2,2020,Not Month End,12/3/2018,,"insert into Date_Dimension values(20191203, '2019-12-3',2, 3, 337, 'Tuesday', 'Tue', 'Weekday', 49, 49, '2019-12-2', 20191202, 12, 12, 'December', 'Dec', 4, 2019, 201912, 6, 2, 2020, 'Not Month End', '2018-12-3')"
20191204,12/4/2019,3,4,338,Wednesday,Wed,Weekday,49,49,12/2/2019,20191202,12,12,December,Dec,4,2019,201912,6,2,2020,Not Month End,12/4/2018,,"insert into Date_Dimension values(20191204, '2019-12-4',3, 4, 338, 'Wednesday', 'Wed', 'Weekday', 49, 49, '2019-12-2', 20191202, 12, 12, 'December', 'Dec', 4, 2019, 201912, 6, 2, 2020, 'Not Month End', '2018-12-4')"
20191205,12/5/2019,4,5,339,Thursday,Thu,Weekday,49,49,12/2/2019,20191202,12,12,December,Dec,4,2019,201912,6,2,2020,Not Month End,12/5/2018,,"insert into Date_Dimension values(20191205, '2019-12-5',4, 5, 339, 'Thursday', 'Thu', 'Weekday', 49, 49, '2019-12-2', 20191202, 12, 12, 'December', 'Dec', 4, 2019, 201912, 6, 2, 2020, 'Not Month End', '2018-12-5')"
20191206,12/6/2019,5,6,340,Friday,Fri,Weekday,49,49,12/2/2019,20191202,12,12,December,Dec,4,2019,201912,6,2,2020,Not Month End,12/6/2018,,"insert into Date_Dimension values(20191206, '2019-12-6',5, 6, 340, 'Friday', 'Fri', 'Weekday', 49, 49, '2019-12-2', 20191202, 12, 12, 'December', 'Dec', 4, 2019, 201912, 6, 2, 2020, 'Not Month End', '2018-12-6')"
20191207,12/7/2019,6,7,341,Saturday,Sat,Weekend,49,49,12/2/2019,20191202,12,12,December,Dec,4,2019,201912,6,2,2020,Not Month End,12/7/2018,,"insert into Date_Dimension values(20191207, '2019-12-7',6, 7, 341, 'Saturday', 'Sat', 'Weekend', 49, 49, '2019-12-2', 20191202, 12, 12, 'December', 'Dec', 4, 2019, 201912, 6, 2, 2020, 'Not Month End', '2018-12-7')"
20191208,12/8/2019,7,8,342,Sunday,Sun,Weekend,49,49,12/2/2019,20191202,12,12,December,Dec,4,2019,201912,6,2,2020,Not Month End,12/8/2018,,"insert into Date_Dimension values(20191208, '2019-12-8',7, 8, 342, 'Sunday', 'Sun', 'Weekend', 49, 49, '2019-12-2', 20191202, 12, 12, 'December', 'Dec', 4, 2019, 201912, 6, 2, 2020, 'Not Month End', '2018-12-8')"
20191209,12/9/2019,1,9,343,Monday,Mon,Weekday,50,50,12/9/2019,20191209,12,12,December,Dec,4,2019,201912,6,2,2020,Not Month End,12/9/2018,,"insert into Date_Dimension values(20191209, '2019-12-9',1, 9, 343, 'Monday', 'Mon', 'Weekday', 50, 50, '2019-12-9', 20191209, 12, 12, 'December', 'Dec', 4, 2019, 201912, 6, 2, 2020, 'Not Month End', '2018-12-9')"
20191210,12/10/2019,2,10,344,Tuesday,Tue,Weekday,50,50,12/9/2019,20191209,12,12,December,Dec,4,2019,201912,6,2,2020,Not Month End,12/10/2018,,"insert into Date_Dimension values(20191210, '2019-12-10',2, 10, 344, 'Tuesday', 'Tue', 'Weekday', 50, 50, '2019-12-9', 20191209, 12, 12, 'December', 'Dec', 4, 2019, 201912, 6, 2, 2020, 'Not Month End', '2018-12-10')"
20191211,12/11/2019,3,11,345,Wednesday,Wed,Weekday,50,50,12/9/2019,20191209,12,12,December,Dec,4,2019,201912,6,2,2020,Not Month End,12/11/2018,,"insert into Date_Dimension values(20191211, '2019-12-11',3, 11, 345, 'Wednesday', 'Wed', 'Weekday', 50, 50, '2019-12-9', 20191209, 12, 12, 'December', 'Dec', 4, 2019, 201912, 6, 2, 2020, 'Not Month End', '2018-12-11')"
20191212,12/12/2019,4,12,346,Thursday,Thu,Weekday,50,50,12/9/2019,20191209,12,12,December,Dec,4,2019,201912,6,2,2020,Not Month End,12/12/2018,,"insert into Date_Dimension values(20191212, '2019-12-12',4, 12, 346, 'Thursday', 'Thu', 'Weekday', 50, 50, '2019-12-9', 20191209, 12, 12, 'December', 'Dec', 4, 2019, 201912, 6, 2, 2020, 'Not Month End', '2018-12-12')"
20191213,12/13/2019,5,13,347,Friday,Fri,Weekday,50,50,12/9/2019,20191209,12,12,December,Dec,4,2019,201912,6,2,2020,Not Month End,12/13/2018,,"insert into Date_Dimension values(20191213, '2019-12-13',5, 13, 347, 'Friday', 'Fri', 'Weekday', 50, 50, '2019-12-9', 20191209, 12, 12, 'December', 'Dec', 4, 2019, 201912, 6, 2, 2020, 'Not Month End', '2018-12-13')"
20191214,12/14/2019,6,14,348,Saturday,Sat,Weekend,50,50,12/9/2019,20191209,12,12,December,Dec,4,2019,201912,6,2,2020,Not Month End,12/14/2018,,"insert into Date_Dimension values(20191214, '2019-12-14',6, 14, 348, 'Saturday', 'Sat', 'Weekend', 50, 50, '2019-12-9', 20191209, 12, 12, 'December', 'Dec', 4, 2019, 201912, 6, 2, 2020, 'Not Month End', '2018-12-14')"
20191215,12/15/2019,7,15,349,Sunday,Sun,Weekend,50,50,12/9/2019,20191209,12,12,December,Dec,4,2019,201912,6,2,2020,Not Month End,12/15/2018,,"insert into Date_Dimension values(20191215, '2019-12-15',7, 15, 349, 'Sunday', 'Sun', 'Weekend', 50, 50, '2019-12-9', 20191209, 12, 12, 'December', 'Dec', 4, 2019, 201912, 6, 2, 2020, 'Not Month End', '2018-12-15')"
20191216,12/16/2019,1,16,350,Monday,Mon,Weekday,51,51,12/16/2019,20191216,12,12,December,Dec,4,2019,201912,6,2,2020,Not Month End,12/16/2018,,"insert into Date_Dimension values(20191216, '2019-12-16',1, 16, 350, 'Monday', 'Mon', 'Weekday', 51, 51, '2019-12-16', 20191216, 12, 12, 'December', 'Dec', 4, 2019, 201912, 6, 2, 2020, 'Not Month End', '2018-12-16')"
20191217,12/17/2019,2,17,351,Tuesday,Tue,Weekday,51,51,12/16/2019,20191216,12,12,December,Dec,4,2019,201912,6,2,2020,Not Month End,12/17/2018,,"insert into Date_Dimension values(20191217, '2019-12-17',2, 17, 351, 'Tuesday', 'Tue', 'Weekday', 51, 51, '2019-12-16', 20191216, 12, 12, 'December', 'Dec', 4, 2019, 201912, 6, 2, 2020, 'Not Month End', '2018-12-17')"
20191218,12/18/2019,3,18,352,Wednesday,Wed,Weekday,51,51,12/16/2019,20191216,12,12,December,Dec,4,2019,201912,6,2,2020,Not Month End,12/18/2018,,"insert into Date_Dimension values(20191218, '2019-12-18',3, 18, 352, 'Wednesday', 'Wed', 'Weekday', 51, 51, '2019-12-16', 20191216, 12, 12, 'December', 'Dec', 4, 2019, 201912, 6, 2, 2020, 'Not Month End', '2018-12-18')"
20191219,12/19/2019,4,19,353,Thursday,Thu,Weekday,51,51,12/16/2019,20191216,12,12,December,Dec,4,2019,201912,6,2,2020,Not Month End,12/19/2018,,"insert into Date_Dimension values(20191219, '2019-12-19',4, 19, 353, 'Thursday', 'Thu', 'Weekday', 51, 51, '2019-12-16', 20191216, 12, 12, 'December', 'Dec', 4, 2019, 201912, 6, 2, 2020, 'Not Month End', '2018-12-19')"
20191220,12/20/2019,5,20,354,Friday,Fri,Weekday,51,51,12/16/2019,20191216,12,12,December,Dec,4,2019,201912,6,2,2020,Not Month End,12/20/2018,,"insert into Date_Dimension values(20191220, '2019-12-20',5, 20, 354, 'Friday', 'Fri', 'Weekday', 51, 51, '2019-12-16', 20191216, 12, 12, 'December', 'Dec', 4, 2019, 201912, 6, 2, 2020, 'Not Month End', '2018-12-20')"
20191221,12/21/2019,6,21,355,Saturday,Sat,Weekend,51,51,12/16/2019,20191216,12,12,December,Dec,4,2019,201912,6,2,2020,Not Month End,12/21/2018,,"insert into Date_Dimension values(20191221, '2019-12-21',6, 21, 355, 'Saturday', 'Sat', 'Weekend', 51, 51, '2019-12-16', 20191216, 12, 12, 'December', 'Dec', 4, 2019, 201912, 6, 2, 2020, 'Not Month End', '2018-12-21')"
20191222,12/22/2019,7,22,356,Sunday,Sun,Weekend,51,51,12/16/2019,20191216,12,12,December,Dec,4,2019,201912,6,2,2020,Not Month End,12/22/2018,,"insert into Date_Dimension values(20191222, '2019-12-22',7, 22, 356, 'Sunday', 'Sun', 'Weekend', 51, 51, '2019-12-16', 20191216, 12, 12, 'December', 'Dec', 4, 2019, 201912, 6, 2, 2020, 'Not Month End', '2018-12-22')"
20191223,12/23/2019,1,23,357,Monday,Mon,Weekday,52,52,12/23/2019,20191223,12,12,December,Dec,4,2019,201912,6,2,2020,Not Month End,12/23/2018,,"insert into Date_Dimension values(20191223, '2019-12-23',1, 23, 357, 'Monday', 'Mon', 'Weekday', 52, 52, '2019-12-23', 20191223, 12, 12, 'December', 'Dec', 4, 2019, 201912, 6, 2, 2020, 'Not Month End', '2018-12-23')"
20191224,12/24/2019,2,24,358,Tuesday,Tue,Weekday,52,52,12/23/2019,20191223,12,12,December,Dec,4,2019,201912,6,2,2020,Not Month End,12/24/2018,,"insert into Date_Dimension values(20191224, '2019-12-24',2, 24, 358, 'Tuesday', 'Tue', 'Weekday', 52, 52, '2019-12-23', 20191223, 12, 12, 'December', 'Dec', 4, 2019, 201912, 6, 2, 2020, 'Not Month End', '2018-12-24')"
20191225,12/25/2019,3,25,359,Wednesday,Wed,Weekday,52,52,12/23/2019,20191223,12,12,December,Dec,4,2019,201912,6,2,2020,Not Month End,12/25/2018,,"insert into Date_Dimension values(20191225, '2019-12-25',3, 25, 359, 'Wednesday', 'Wed', 'Weekday', 52, 52, '2019-12-23', 20191223, 12, 12, 'December', 'Dec', 4, 2019, 201912, 6, 2, 2020, 'Not Month End', '2018-12-25')"
20191226,12/26/2019,4,26,360,Thursday,Thu,Weekday,52,52,12/23/2019,20191223,12,12,December,Dec,4,2019,201912,6,2,2020,Not Month End,12/26/2018,,"insert into Date_Dimension values(20191226, '2019-12-26',4, 26, 360, 'Thursday', 'Thu', 'Weekday', 52, 52, '2019-12-23', 20191223, 12, 12, 'December', 'Dec', 4, 2019, 201912, 6, 2, 2020, 'Not Month End', '2018-12-26')"
20191227,12/27/2019,5,27,361,Friday,Fri,Weekday,52,52,12/23/2019,20191223,12,12,December,Dec,4,2019,201912,6,2,2020,Not Month End,12/27/2018,,"insert into Date_Dimension values(20191227, '2019-12-27',5, 27, 361, 'Friday', 'Fri', 'Weekday', 52, 52, '2019-12-23', 20191223, 12, 12, 'December', 'Dec', 4, 2019, 201912, 6, 2, 2020, 'Not Month End', '2018-12-27')"
20191228,12/28/2019,6,28,362,Saturday,Sat,Weekend,52,52,12/23/2019,20191223,12,12,December,Dec,4,2019,201912,6,2,2020,Not Month End,12/28/2018,,"insert into Date_Dimension values(20191228, '2019-12-28',6, 28, 362, 'Saturday', 'Sat', 'Weekend', 52, 52, '2019-12-23', 20191223, 12, 12, 'December', 'Dec', 4, 2019, 201912, 6, 2, 2020, 'Not Month End', '2018-12-28')"
20191229,12/29/2019,7,29,363,Sunday,Sun,Weekend,52,52,12/23/2019,20191223,12,12,December,Dec,4,2019,201912,6,2,2020,Not Month End,12/29/2018,,"insert into Date_Dimension values(20191229, '2019-12-29',7, 29, 363, 'Sunday', 'Sun', 'Weekend', 52, 52, '2019-12-23', 20191223, 12, 12, 'December', 'Dec', 4, 2019, 201912, 6, 2, 2020, 'Not Month End', '2018-12-29')"
20191230,12/30/2019,1,30,364,Monday,Mon,Weekday,53,53,12/30/2019,20191230,12,12,December,Dec,4,2019,201912,6,2,2020,Not Month End,12/30/2018,,"insert into Date_Dimension values(20191230, '2019-12-30',1, 30, 364, 'Monday', 'Mon', 'Weekday', 53, 53, '2019-12-30', 20191230, 12, 12, 'December', 'Dec', 4, 2019, 201912, 6, 2, 2020, 'Not Month End', '2018-12-30')"
20191231,12/31/2019,2,31,365,Tuesday,Tue,Weekday,53,53,12/30/2019,20191230,12,12,December,Dec,4,2019,201912,6,2,2020,Month End,12/31/2018,,"insert into Date_Dimension values(20191231, '2019-12-31',2, 31, 365, 'Tuesday', 'Tue', 'Weekday', 53, 53, '2019-12-30', 20191230, 12, 12, 'December', 'Dec', 4, 2019, 201912, 6, 2, 2020, 'Month End', '2018-12-31')"
20200101,1/1/2020,3,1,366,Wednesday,Wed,Weekday,1,54,12/30/2019,20191230,1,13,January,Jan,1,2020,202001,7,3,2020,Not Month End,1/1/2019,,"insert into Date_Dimension values(20200101, '2020-1-1',3, 1, 366, 'Wednesday', 'Wed', 'Weekday', 1, 54, '2019-12-30', 20191230, 1, 13, 'January', 'Jan', 1, 2020, 202001, 7, 3, 2020, 'Not Month End', '2019-1-1')"
20200102,1/2/2020,4,2,367,Thursday,Thu,Weekday,1,54,12/30/2019,20191230,1,13,January,Jan,1,2020,202001,7,3,2020,Not Month End,1/2/2019,,"insert into Date_Dimension values(20200102, '2020-1-2',4, 2, 367, 'Thursday', 'Thu', 'Weekday', 1, 54, '2019-12-30', 20191230, 1, 13, 'January', 'Jan', 1, 2020, 202001, 7, 3, 2020, 'Not Month End', '2019-1-2')"
20200103,1/3/2020,5,3,368,Friday,Fri,Weekday,1,54,12/30/2019,20191230,1,13,January,Jan,1,2020,202001,7,3,2020,Not Month End,1/3/2019,,"insert into Date_Dimension values(20200103, '2020-1-3',5, 3, 368, 'Friday', 'Fri', 'Weekday', 1, 54, '2019-12-30', 20191230, 1, 13, 'January', 'Jan', 1, 2020, 202001, 7, 3, 2020, 'Not Month End', '2019-1-3')"
20200104,1/4/2020,6,4,369,Saturday,Sat,Weekend,1,54,12/30/2019,20191230,1,13,January,Jan,1,2020,202001,7,3,2020,Not Month End,1/4/2019,,"insert into Date_Dimension values(20200104, '2020-1-4',6, 4, 369, 'Saturday', 'Sat', 'Weekend', 1, 54, '2019-12-30', 20191230, 1, 13, 'January', 'Jan', 1, 2020, 202001, 7, 3, 2020, 'Not Month End', '2019-1-4')"
20200105,1/5/2020,7,5,370,Sunday,Sun,Weekend,1,54,12/30/2019,20191230,1,13,January,Jan,1,2020,202001,7,3,2020,Not Month End,1/5/2019,,"insert into Date_Dimension values(20200105, '2020-1-5',7, 5, 370, 'Sunday', 'Sun', 'Weekend', 1, 54, '2019-12-30', 20191230, 1, 13, 'January', 'Jan', 1, 2020, 202001, 7, 3, 2020, 'Not Month End', '2019-1-5')"
20200106,1/6/2020,1,6,371,Monday,Mon,Weekday,2,55,1/6/2020,20200106,1,13,January,Jan,1,2020,202001,7,3,2020,Not Month End,1/6/2019,,"insert into Date_Dimension values(20200106, '2020-1-6',1, 6, 371, 'Monday', 'Mon', 'Weekday', 2, 55, '2020-1-6', 20200106, 1, 13, 'January', 'Jan', 1, 2020, 202001, 7, 3, 2020, 'Not Month End', '2019-1-6')"
20200107,1/7/2020,2,7,372,Tuesday,Tue,Weekday,2,55,1/6/2020,20200106,1,13,January,Jan,1,2020,202001,7,3,2020,Not Month End,1/7/2019,,"insert into Date_Dimension values(20200107, '2020-1-7',2, 7, 372, 'Tuesday', 'Tue', 'Weekday', 2, 55, '2020-1-6', 20200106, 1, 13, 'January', 'Jan', 1, 2020, 202001, 7, 3, 2020, 'Not Month End', '2019-1-7')"
20200108,1/8/2020,3,8,373,Wednesday,Wed,Weekday,2,55,1/6/2020,20200106,1,13,January,Jan,1,2020,202001,7,3,2020,Not Month End,1/8/2019,,"insert into Date_Dimension values(20200108, '2020-1-8',3, 8, 373, 'Wednesday', 'Wed', 'Weekday', 2, 55, '2020-1-6', 20200106, 1, 13, 'January', 'Jan', 1, 2020, 202001, 7, 3, 2020, 'Not Month End', '2019-1-8')"
20200109,1/9/2020,4,9,374,Thursday,Thu,Weekday,2,55,1/6/2020,20200106,1,13,January,Jan,1,2020,202001,7,3,2020,Not Month End,1/9/2019,,"insert into Date_Dimension values(20200109, '2020-1-9',4, 9, 374, 'Thursday', 'Thu', 'Weekday', 2, 55, '2020-1-6', 20200106, 1, 13, 'January', 'Jan', 1, 2020, 202001, 7, 3, 2020, 'Not Month End', '2019-1-9')"
20200110,1/10/2020,5,10,375,Friday,Fri,Weekday,2,55,1/6/2020,20200106,1,13,January,Jan,1,2020,202001,7,3,2020,Not Month End,1/10/2019,,"insert into Date_Dimension values(20200110, '2020-1-10',5, 10, 375, 'Friday', 'Fri', 'Weekday', 2, 55, '2020-1-6', 20200106, 1, 13, 'January', 'Jan', 1, 2020, 202001, 7, 3, 2020, 'Not Month End', '2019-1-10')"
20200111,1/11/2020,6,11,376,Saturday,Sat,Weekend,2,55,1/6/2020,20200106,1,13,January,Jan,1,2020,202001,7,3,2020,Not Month End,1/11/2019,,"insert into Date_Dimension values(20200111, '2020-1-11',6, 11, 376, 'Saturday', 'Sat', 'Weekend', 2, 55, '2020-1-6', 20200106, 1, 13, 'January', 'Jan', 1, 2020, 202001, 7, 3, 2020, 'Not Month End', '2019-1-11')"
20200112,1/12/2020,7,12,377,Sunday,Sun,Weekend,2,55,1/6/2020,20200106,1,13,January,Jan,1,2020,202001,7,3,2020,Not Month End,1/12/2019,,"insert into Date_Dimension values(20200112, '2020-1-12',7, 12, 377, 'Sunday', 'Sun', 'Weekend', 2, 55, '2020-1-6', 20200106, 1, 13, 'January', 'Jan', 1, 2020, 202001, 7, 3, 2020, 'Not Month End', '2019-1-12')"
20200113,1/13/2020,1,13,378,Monday,Mon,Weekday,3,56,1/13/2020,20200113,1,13,January,Jan,1,2020,202001,7,3,2020,Not Month End,1/13/2019,,"insert into Date_Dimension values(20200113, '2020-1-13',1, 13, 378, 'Monday', 'Mon', 'Weekday', 3, 56, '2020-1-13', 20200113, 1, 13, 'January', 'Jan', 1, 2020, 202001, 7, 3, 2020, 'Not Month End', '2019-1-13')"
20200114,1/14/2020,2,14,379,Tuesday,Tue,Weekday,3,56,1/13/2020,20200113,1,13,January,Jan,1,2020,202001,7,3,2020,Not Month End,1/14/2019,,"insert into Date_Dimension values(20200114, '2020-1-14',2, 14, 379, 'Tuesday', 'Tue', 'Weekday', 3, 56, '2020-1-13', 20200113, 1, 13, 'January', 'Jan', 1, 2020, 202001, 7, 3, 2020, 'Not Month End', '2019-1-14')"
20200115,1/15/2020,3,15,380,Wednesday,Wed,Weekday,3,56,1/13/2020,20200113,1,13,January,Jan,1,2020,202001,7,3,2020,Not Month End,1/15/2019,,"insert into Date_Dimension values(20200115, '2020-1-15',3, 15, 380, 'Wednesday', 'Wed', 'Weekday', 3, 56, '2020-1-13', 20200113, 1, 13, 'January', 'Jan', 1, 2020, 202001, 7, 3, 2020, 'Not Month End', '2019-1-15')"
20200116,1/16/2020,4,16,381,Thursday,Thu,Weekday,3,56,1/13/2020,20200113,1,13,January,Jan,1,2020,202001,7,3,2020,Not Month End,1/16/2019,,"insert into Date_Dimension values(20200116, '2020-1-16',4, 16, 381, 'Thursday', 'Thu', 'Weekday', 3, 56, '2020-1-13', 20200113, 1, 13, 'January', 'Jan', 1, 2020, 202001, 7, 3, 2020, 'Not Month End', '2019-1-16')"
20200117,1/17/2020,5,17,382,Friday,Fri,Weekday,3,56,1/13/2020,20200113,1,13,January,Jan,1,2020,202001,7,3,2020,Not Month End,1/17/2019,,"insert into Date_Dimension values(20200117, '2020-1-17',5, 17, 382, 'Friday', 'Fri', 'Weekday', 3, 56, '2020-1-13', 20200113, 1, 13, 'January', 'Jan', 1, 2020, 202001, 7, 3, 2020, 'Not Month End', '2019-1-17')"
20200118,1/18/2020,6,18,383,Saturday,Sat,Weekend,3,56,1/13/2020,20200113,1,13,January,Jan,1,2020,202001,7,3,2020,Not Month End,1/18/2019,,"insert into Date_Dimension values(20200118, '2020-1-18',6, 18, 383, 'Saturday', 'Sat', 'Weekend', 3, 56, '2020-1-13', 20200113, 1, 13, 'January', 'Jan', 1, 2020, 202001, 7, 3, 2020, 'Not Month End', '2019-1-18')"
20200119,1/19/2020,7,19,384,Sunday,Sun,Weekend,3,56,1/13/2020,20200113,1,13,January,Jan,1,2020,202001,7,3,2020,Not Month End,1/19/2019,,"insert into Date_Dimension values(20200119, '2020-1-19',7, 19, 384, 'Sunday', 'Sun', 'Weekend', 3, 56, '2020-1-13', 20200113, 1, 13, 'January', 'Jan', 1, 2020, 202001, 7, 3, 2020, 'Not Month End', '2019-1-19')"
20200120,1/20/2020,1,20,385,Monday,Mon,Weekday,4,57,1/20/2020,20200120,1,13,January,Jan,1,2020,202001,7,3,2020,Not Month End,1/20/2019,,"insert into Date_Dimension values(20200120, '2020-1-20',1, 20, 385, 'Monday', 'Mon', 'Weekday', 4, 57, '2020-1-20', 20200120, 1, 13, 'January', 'Jan', 1, 2020, 202001, 7, 3, 2020, 'Not Month End', '2019-1-20')"
20200121,1/21/2020,2,21,386,Tuesday,Tue,Weekday,4,57,1/20/2020,20200120,1,13,January,Jan,1,2020,202001,7,3,2020,Not Month End,1/21/2019,,"insert into Date_Dimension values(20200121, '2020-1-21',2, 21, 386, 'Tuesday', 'Tue', 'Weekday', 4, 57, '2020-1-20', 20200120, 1, 13, 'January', 'Jan', 1, 2020, 202001, 7, 3, 2020, 'Not Month End', '2019-1-21')"
20200122,1/22/2020,3,22,387,Wednesday,Wed,Weekday,4,57,1/20/2020,20200120,1,13,January,Jan,1,2020,202001,7,3,2020,Not Month End,1/22/2019,,"insert into Date_Dimension values(20200122, '2020-1-22',3, 22, 387, 'Wednesday', 'Wed', 'Weekday', 4, 57, '2020-1-20', 20200120, 1, 13, 'January', 'Jan', 1, 2020, 202001, 7, 3, 2020, 'Not Month End', '2019-1-22')"
20200123,1/23/2020,4,23,388,Thursday,Thu,Weekday,4,57,1/20/2020,20200120,1,13,January,Jan,1,2020,202001,7,3,2020,Not Month End,1/23/2019,,"insert into Date_Dimension values(20200123, '2020-1-23',4, 23, 388, 'Thursday', 'Thu', 'Weekday', 4, 57, '2020-1-20', 20200120, 1, 13, 'January', 'Jan', 1, 2020, 202001, 7, 3, 2020, 'Not Month End', '2019-1-23')"
20200124,1/24/2020,5,24,389,Friday,Fri,Weekday,4,57,1/20/2020,20200120,1,13,January,Jan,1,2020,202001,7,3,2020,Not Month End,1/24/2019,,"insert into Date_Dimension values(20200124, '2020-1-24',5, 24, 389, 'Friday', 'Fri', 'Weekday', 4, 57, '2020-1-20', 20200120, 1, 13, 'January', 'Jan', 1, 2020, 202001, 7, 3, 2020, 'Not Month End', '2019-1-24')"
20200125,1/25/2020,6,25,390,Saturday,Sat,Weekend,4,57,1/20/2020,20200120,1,13,January,Jan,1,2020,202001,7,3,2020,Not Month End,1/25/2019,,"insert into Date_Dimension values(20200125, '2020-1-25',6, 25, 390, 'Saturday', 'Sat', 'Weekend', 4, 57, '2020-1-20', 20200120, 1, 13, 'January', 'Jan', 1, 2020, 202001, 7, 3, 2020, 'Not Month End', '2019-1-25')"
20200126,1/26/2020,7,26,391,Sunday,Sun,Weekend,4,57,1/20/2020,20200120,1,13,January,Jan,1,2020,202001,7,3,2020,Not Month End,1/26/2019,,"insert into Date_Dimension values(20200126, '2020-1-26',7, 26, 391, 'Sunday', 'Sun', 'Weekend', 4, 57, '2020-1-20', 20200120, 1, 13, 'January', 'Jan', 1, 2020, 202001, 7, 3, 2020, 'Not Month End', '2019-1-26')"
20200127,1/27/2020,1,27,392,Monday,Mon,Weekday,5,58,1/27/2020,20200127,1,13,January,Jan,1,2020,202001,7,3,2020,Not Month End,1/27/2019,,"insert into Date_Dimension values(20200127, '2020-1-27',1, 27, 392, 'Monday', 'Mon', 'Weekday', 5, 58, '2020-1-27', 20200127, 1, 13, 'January', 'Jan', 1, 2020, 202001, 7, 3, 2020, 'Not Month End', '2019-1-27')"
20200128,1/28/2020,2,28,393,Tuesday,Tue,Weekday,5,58,1/27/2020,20200127,1,13,January,Jan,1,2020,202001,7,3,2020,Not Month End,1/28/2019,,"insert into Date_Dimension values(20200128, '2020-1-28',2, 28, 393, 'Tuesday', 'Tue', 'Weekday', 5, 58, '2020-1-27', 20200127, 1, 13, 'January', 'Jan', 1, 2020, 202001, 7, 3, 2020, 'Not Month End', '2019-1-28')"
20200129,1/29/2020,3,29,394,Wednesday,Wed,Weekday,5,58,1/27/2020,20200127,1,13,January,Jan,1,2020,202001,7,3,2020,Not Month End,1/29/2019,,"insert into Date_Dimension values(20200129, '2020-1-29',3, 29, 394, 'Wednesday', 'Wed', 'Weekday', 5, 58, '2020-1-27', 20200127, 1, 13, 'January', 'Jan', 1, 2020, 202001, 7, 3, 2020, 'Not Month End', '2019-1-29')"
20200130,1/30/2020,4,30,395,Thursday,Thu,Weekday,5,58,1/27/2020,20200127,1,13,January,Jan,1,2020,202001,7,3,2020,Not Month End,1/30/2019,,"insert into Date_Dimension values(20200130, '2020-1-30',4, 30, 395, 'Thursday', 'Thu', 'Weekday', 5, 58, '2020-1-27', 20200127, 1, 13, 'January', 'Jan', 1, 2020, 202001, 7, 3, 2020, 'Not Month End', '2019-1-30')"
20200131,1/31/2020,5,31,396,Friday,Fri,Weekday,5,58,1/27/2020,20200127,1,13,January,Jan,1,2020,202001,7,3,2020,Month End,1/31/2019,,"insert into Date_Dimension values(20200131, '2020-1-31',5, 31, 396, 'Friday', 'Fri', 'Weekday', 5, 58, '2020-1-27', 20200127, 1, 13, 'January', 'Jan', 1, 2020, 202001, 7, 3, 2020, 'Month End', '2019-1-31')"
20200201,2/1/2020,6,1,397,Saturday,Sat,Weekend,5,58,1/27/2020,20200127,2,14,February,Feb,1,2020,202002,8,3,2020,Not Month End,2/1/2019,,"insert into Date_Dimension values(20200201, '2020-2-1',6, 1, 397, 'Saturday', 'Sat', 'Weekend', 5, 58, '2020-1-27', 20200127, 2, 14, 'February', 'Feb', 1, 2020, 202002, 8, 3, 2020, 'Not Month End', '2019-2-1')"
20200202,2/2/2020,7,2,398,Sunday,Sun,Weekend,5,58,1/27/2020,20200127,2,14,February,Feb,1,2020,202002,8,3,2020,Not Month End,2/2/2019,,"insert into Date_Dimension values(20200202, '2020-2-2',7, 2, 398, 'Sunday', 'Sun', 'Weekend', 5, 58, '2020-1-27', 20200127, 2, 14, 'February', 'Feb', 1, 2020, 202002, 8, 3, 2020, 'Not Month End', '2019-2-2')"
20200203,2/3/2020,1,3,399,Monday,Mon,Weekday,6,59,2/3/2020,20200203,2,14,February,Feb,1,2020,202002,8,3,2020,Not Month End,2/3/2019,,"insert into Date_Dimension values(20200203, '2020-2-3',1, 3, 399, 'Monday', 'Mon', 'Weekday', 6, 59, '2020-2-3', 20200203, 2, 14, 'February', 'Feb', 1, 2020, 202002, 8, 3, 2020, 'Not Month End', '2019-2-3')"
20200204,2/4/2020,2,4,400,Tuesday,Tue,Weekday,6,59,2/3/2020,20200203,2,14,February,Feb,1,2020,202002,8,3,2020,Not Month End,2/4/2019,,"insert into Date_Dimension values(20200204, '2020-2-4',2, 4, 400, 'Tuesday', 'Tue', 'Weekday', 6, 59, '2020-2-3', 20200203, 2, 14, 'February', 'Feb', 1, 2020, 202002, 8, 3, 2020, 'Not Month End', '2019-2-4')"
20200205,2/5/2020,3,5,401,Wednesday,Wed,Weekday,6,59,2/3/2020,20200203,2,14,February,Feb,1,2020,202002,8,3,2020,Not Month End,2/5/2019,,"insert into Date_Dimension values(20200205, '2020-2-5',3, 5, 401, 'Wednesday', 'Wed', 'Weekday', 6, 59, '2020-2-3', 20200203, 2, 14, 'February', 'Feb', 1, 2020, 202002, 8, 3, 2020, 'Not Month End', '2019-2-5')"
20200206,2/6/2020,4,6,402,Thursday,Thu,Weekday,6,59,2/3/2020,20200203,2,14,February,Feb,1,2020,202002,8,3,2020,Not Month End,2/6/2019,,"insert into Date_Dimension values(20200206, '2020-2-6',4, 6, 402, 'Thursday', 'Thu', 'Weekday', 6, 59, '2020-2-3', 20200203, 2, 14, 'February', 'Feb', 1, 2020, 202002, 8, 3, 2020, 'Not Month End', '2019-2-6')"
20200207,2/7/2020,5,7,403,Friday,Fri,Weekday,6,59,2/3/2020,20200203,2,14,February,Feb,1,2020,202002,8,3,2020,Not Month End,2/7/2019,,"insert into Date_Dimension values(20200207, '2020-2-7',5, 7, 403, 'Friday', 'Fri', 'Weekday', 6, 59, '2020-2-3', 20200203, 2, 14, 'February', 'Feb', 1, 2020, 202002, 8, 3, 2020, 'Not Month End', '2019-2-7')"
20200208,2/8/2020,6,8,404,Saturday,Sat,Weekend,6,59,2/3/2020,20200203,2,14,February,Feb,1,2020,202002,8,3,2020,Not Month End,2/8/2019,,"insert into Date_Dimension values(20200208, '2020-2-8',6, 8, 404, 'Saturday', 'Sat', 'Weekend', 6, 59, '2020-2-3', 20200203, 2, 14, 'February', 'Feb', 1, 2020, 202002, 8, 3, 2020, 'Not Month End', '2019-2-8')"
20200209,2/9/2020,7,9,405,Sunday,Sun,Weekend,6,59,2/3/2020,20200203,2,14,February,Feb,1,2020,202002,8,3,2020,Not Month End,2/9/2019,,"insert into Date_Dimension values(20200209, '2020-2-9',7, 9, 405, 'Sunday', 'Sun', 'Weekend', 6, 59, '2020-2-3', 20200203, 2, 14, 'February', 'Feb', 1, 2020, 202002, 8, 3, 2020, 'Not Month End', '2019-2-9')"
20200210,2/10/2020,1,10,406,Monday,Mon,Weekday,7,60,2/10/2020,20200210,2,14,February,Feb,1,2020,202002,8,3,2020,Not Month End,2/10/2019,,"insert into Date_Dimension values(20200210, '2020-2-10',1, 10, 406, 'Monday', 'Mon', 'Weekday', 7, 60, '2020-2-10', 20200210, 2, 14, 'February', 'Feb', 1, 2020, 202002, 8, 3, 2020, 'Not Month End', '2019-2-10')"
20200211,2/11/2020,2,11,407,Tuesday,Tue,Weekday,7,60,2/10/2020,20200210,2,14,February,Feb,1,2020,202002,8,3,2020,Not Month End,2/11/2019,,"insert into Date_Dimension values(20200211, '2020-2-11',2, 11, 407, 'Tuesday', 'Tue', 'Weekday', 7, 60, '2020-2-10', 20200210, 2, 14, 'February', 'Feb', 1, 2020, 202002, 8, 3, 2020, 'Not Month End', '2019-2-11')"
20200212,2/12/2020,3,12,408,Wednesday,Wed,Weekday,7,60,2/10/2020,20200210,2,14,February,Feb,1,2020,202002,8,3,2020,Not Month End,2/12/2019,,"insert into Date_Dimension values(20200212, '2020-2-12',3, 12, 408, 'Wednesday', 'Wed', 'Weekday', 7, 60, '2020-2-10', 20200210, 2, 14, 'February', 'Feb', 1, 2020, 202002, 8, 3, 2020, 'Not Month End', '2019-2-12')"
20200213,2/13/2020,4,13,409,Thursday,Thu,Weekday,7,60,2/10/2020,20200210,2,14,February,Feb,1,2020,202002,8,3,2020,Not Month End,2/13/2019,,"insert into Date_Dimension values(20200213, '2020-2-13',4, 13, 409, 'Thursday', 'Thu', 'Weekday', 7, 60, '2020-2-10', 20200210, 2, 14, 'February', 'Feb', 1, 2020, 202002, 8, 3, 2020, 'Not Month End', '2019-2-13')"
20200214,2/14/2020,5,14,410,Friday,Fri,Weekday,7,60,2/10/2020,20200210,2,14,February,Feb,1,2020,202002,8,3,2020,Not Month End,2/14/2019,,"insert into Date_Dimension values(20200214, '2020-2-14',5, 14, 410, 'Friday', 'Fri', 'Weekday', 7, 60, '2020-2-10', 20200210, 2, 14, 'February', 'Feb', 1, 2020, 202002, 8, 3, 2020, 'Not Month End', '2019-2-14')"
20200215,2/15/2020,6,15,411,Saturday,Sat,Weekend,7,60,2/10/2020,20200210,2,14,February,Feb,1,2020,202002,8,3,2020,Not Month End,2/15/2019,,"insert into Date_Dimension values(20200215, '2020-2-15',6, 15, 411, 'Saturday', 'Sat', 'Weekend', 7, 60, '2020-2-10', 20200210, 2, 14, 'February', 'Feb', 1, 2020, 202002, 8, 3, 2020, 'Not Month End', '2019-2-15')"
20200216,2/16/2020,7,16,412,Sunday,Sun,Weekend,7,60,2/10/2020,20200210,2,14,February,Feb,1,2020,202002,8,3,2020,Not Month End,2/16/2019,,"insert into Date_Dimension values(20200216, '2020-2-16',7, 16, 412, 'Sunday', 'Sun', 'Weekend', 7, 60, '2020-2-10', 20200210, 2, 14, 'February', 'Feb', 1, 2020, 202002, 8, 3, 2020, 'Not Month End', '2019-2-16')"
20200217,2/17/2020,1,17,413,Monday,Mon,Weekday,8,61,2/17/2020,20200217,2,14,February,Feb,1,2020,202002,8,3,2020,Not Month End,2/17/2019,,"insert into Date_Dimension values(20200217, '2020-2-17',1, 17, 413, 'Monday', 'Mon', 'Weekday', 8, 61, '2020-2-17', 20200217, 2, 14, 'February', 'Feb', 1, 2020, 202002, 8, 3, 2020, 'Not Month End', '2019-2-17')"
20200218,2/18/2020,2,18,414,Tuesday,Tue,Weekday,8,61,2/17/2020,20200217,2,14,February,Feb,1,2020,202002,8,3,2020,Not Month End,2/18/2019,,"insert into Date_Dimension values(20200218, '2020-2-18',2, 18, 414, 'Tuesday', 'Tue', 'Weekday', 8, 61, '2020-2-17', 20200217, 2, 14, 'February', 'Feb', 1, 2020, 202002, 8, 3, 2020, 'Not Month End', '2019-2-18')"
20200219,2/19/2020,3,19,415,Wednesday,Wed,Weekday,8,61,2/17/2020,20200217,2,14,February,Feb,1,2020,202002,8,3,2020,Not Month End,2/19/2019,,"insert into Date_Dimension values(20200219, '2020-2-19',3, 19, 415, 'Wednesday', 'Wed', 'Weekday', 8, 61, '2020-2-17', 20200217, 2, 14, 'February', 'Feb', 1, 2020, 202002, 8, 3, 2020, 'Not Month End', '2019-2-19')"
20200220,2/20/2020,4,20,416,Thursday,Thu,Weekday,8,61,2/17/2020,20200217,2,14,February,Feb,1,2020,202002,8,3,2020,Not Month End,2/20/2019,,"insert into Date_Dimension values(20200220, '2020-2-20',4, 20, 416, 'Thursday', 'Thu', 'Weekday', 8, 61, '2020-2-17', 20200217, 2, 14, 'February', 'Feb', 1, 2020, 202002, 8, 3, 2020, 'Not Month End', '2019-2-20')"
20200221,2/21/2020,5,21,417,Friday,Fri,Weekday,8,61,2/17/2020,20200217,2,14,February,Feb,1,2020,202002,8,3,2020,Not Month End,2/21/2019,,"insert into Date_Dimension values(20200221, '2020-2-21',5, 21, 417, 'Friday', 'Fri', 'Weekday', 8, 61, '2020-2-17', 20200217, 2, 14, 'February', 'Feb', 1, 2020, 202002, 8, 3, 2020, 'Not Month End', '2019-2-21')"
20200222,2/22/2020,6,22,418,Saturday,Sat,Weekend,8,61,2/17/2020,20200217,2,14,February,Feb,1,2020,202002,8,3,2020,Not Month End,2/22/2019,,"insert into Date_Dimension values(20200222, '2020-2-22',6, 22, 418, 'Saturday', 'Sat', 'Weekend', 8, 61, '2020-2-17', 20200217, 2, 14, 'February', 'Feb', 1, 2020, 202002, 8, 3, 2020, 'Not Month End', '2019-2-22')"
20200223,2/23/2020,7,23,419,Sunday,Sun,Weekend,8,61,2/17/2020,20200217,2,14,February,Feb,1,2020,202002,8,3,2020,Not Month End,2/23/2019,,"insert into Date_Dimension values(20200223, '2020-2-23',7, 23, 419, 'Sunday', 'Sun', 'Weekend', 8, 61, '2020-2-17', 20200217, 2, 14, 'February', 'Feb', 1, 2020, 202002, 8, 3, 2020, 'Not Month End', '2019-2-23')"
20200224,2/24/2020,1,24,420,Monday,Mon,Weekday,9,62,2/24/2020,20200224,2,14,February,Feb,1,2020,202002,8,3,2020,Not Month End,2/24/2019,,"insert into Date_Dimension values(20200224, '2020-2-24',1, 24, 420, 'Monday', 'Mon', 'Weekday', 9, 62, '2020-2-24', 20200224, 2, 14, 'February', 'Feb', 1, 2020, 202002, 8, 3, 2020, 'Not Month End', '2019-2-24')"
20200225,2/25/2020,2,25,421,Tuesday,Tue,Weekday,9,62,2/24/2020,20200224,2,14,February,Feb,1,2020,202002,8,3,2020,Not Month End,2/25/2019,,"insert into Date_Dimension values(20200225, '2020-2-25',2, 25, 421, 'Tuesday', 'Tue', 'Weekday', 9, 62, '2020-2-24', 20200224, 2, 14, 'February', 'Feb', 1, 2020, 202002, 8, 3, 2020, 'Not Month End', '2019-2-25')"
20200226,2/26/2020,3,26,422,Wednesday,Wed,Weekday,9,62,2/24/2020,20200224,2,14,February,Feb,1,2020,202002,8,3,2020,Not Month End,2/26/2019,,"insert into Date_Dimension values(20200226, '2020-2-26',3, 26, 422, 'Wednesday', 'Wed', 'Weekday', 9, 62, '2020-2-24', 20200224, 2, 14, 'February', 'Feb', 1, 2020, 202002, 8, 3, 2020, 'Not Month End', '2019-2-26')"
20200227,2/27/2020,4,27,423,Thursday,Thu,Weekday,9,62,2/24/2020,20200224,2,14,February,Feb,1,2020,202002,8,3,2020,Not Month End,2/27/2019,,"insert into Date_Dimension values(20200227, '2020-2-27',4, 27, 423, 'Thursday', 'Thu', 'Weekday', 9, 62, '2020-2-24', 20200224, 2, 14, 'February', 'Feb', 1, 2020, 202002, 8, 3, 2020, 'Not Month End', '2019-2-27')"
20200228,2/28/2020,5,28,424,Friday,Fri,Weekday,9,62,2/24/2020,20200224,2,14,February,Feb,1,2020,202002,8,3,2020,Not Month End,2/28/2019,,"insert into Date_Dimension values(20200228, '2020-2-28',5, 28, 424, 'Friday', 'Fri', 'Weekday', 9, 62, '2020-2-24', 20200224, 2, 14, 'February', 'Feb', 1, 2020, 202002, 8, 3, 2020, 'Not Month End', '2019-2-28')"
20200229,2/29/2020,6,29,425,Saturday,Sat,Weekend,9,62,2/24/2020,20200224,2,14,February,Feb,1,2020,202002,8,3,2020,Month End,3/1/2019,,"insert into Date_Dimension values(20200229, '2020-2-29',6, 29, 425, 'Saturday', 'Sat', 'Weekend', 9, 62, '2020-2-24', 20200224, 2, 14, 'February', 'Feb', 1, 2020, 202002, 8, 3, 2020, 'Month End', '2019-3-1')"
20200301,3/1/2020,7,1,426,Sunday,Sun,Weekend,9,62,2/24/2020,20200224,3,15,March,Mar,1,2020,202003,9,3,2020,Not Month End,3/1/2019,,"insert into Date_Dimension values(20200301, '2020-3-1',7, 1, 426, 'Sunday', 'Sun', 'Weekend', 9, 62, '2020-2-24', 20200224, 3, 15, 'March', 'Mar', 1, 2020, 202003, 9, 3, 2020, 'Not Month End', '2019-3-1')"
20200302,3/2/2020,1,2,427,Monday,Mon,Weekday,10,63,3/2/2020,20200302,3,15,March,Mar,1,2020,202003,9,3,2020,Not Month End,3/2/2019,,"insert into Date_Dimension values(20200302, '2020-3-2',1, 2, 427, 'Monday', 'Mon', 'Weekday', 10, 63, '2020-3-2', 20200302, 3, 15, 'March', 'Mar', 1, 2020, 202003, 9, 3, 2020, 'Not Month End', '2019-3-2')"
20200303,3/3/2020,2,3,428,Tuesday,Tue,Weekday,10,63,3/2/2020,20200302,3,15,March,Mar,1,2020,202003,9,3,2020,Not Month End,3/3/2019,,"insert into Date_Dimension values(20200303, '2020-3-3',2, 3, 428, 'Tuesday', 'Tue', 'Weekday', 10, 63, '2020-3-2', 20200302, 3, 15, 'March', 'Mar', 1, 2020, 202003, 9, 3, 2020, 'Not Month End', '2019-3-3')"
20200304,3/4/2020,3,4,429,Wednesday,Wed,Weekday,10,63,3/2/2020,20200302,3,15,March,Mar,1,2020,202003,9,3,2020,Not Month End,3/4/2019,,"insert into Date_Dimension values(20200304, '2020-3-4',3, 4, 429, 'Wednesday', 'Wed', 'Weekday', 10, 63, '2020-3-2', 20200302, 3, 15, 'March', 'Mar', 1, 2020, 202003, 9, 3, 2020, 'Not Month End', '2019-3-4')"
20200305,3/5/2020,4,5,430,Thursday,Thu,Weekday,10,63,3/2/2020,20200302,3,15,March,Mar,1,2020,202003,9,3,2020,Not Month End,3/5/2019,,"insert into Date_Dimension values(20200305, '2020-3-5',4, 5, 430, 'Thursday', 'Thu', 'Weekday', 10, 63, '2020-3-2', 20200302, 3, 15, 'March', 'Mar', 1, 2020, 202003, 9, 3, 2020, 'Not Month End', '2019-3-5')"
20200306,3/6/2020,5,6,431,Friday,Fri,Weekday,10,63,3/2/2020,20200302,3,15,March,Mar,1,2020,202003,9,3,2020,Not Month End,3/6/2019,,"insert into Date_Dimension values(20200306, '2020-3-6',5, 6, 431, 'Friday', 'Fri', 'Weekday', 10, 63, '2020-3-2', 20200302, 3, 15, 'March', 'Mar', 1, 2020, 202003, 9, 3, 2020, 'Not Month End', '2019-3-6')"
20200307,3/7/2020,6,7,432,Saturday,Sat,Weekend,10,63,3/2/2020,20200302,3,15,March,Mar,1,2020,202003,9,3,2020,Not Month End,3/7/2019,,"insert into Date_Dimension values(20200307, '2020-3-7',6, 7, 432, 'Saturday', 'Sat', 'Weekend', 10, 63, '2020-3-2', 20200302, 3, 15, 'March', 'Mar', 1, 2020, 202003, 9, 3, 2020, 'Not Month End', '2019-3-7')"
20200308,3/8/2020,7,8,433,Sunday,Sun,Weekend,10,63,3/2/2020,20200302,3,15,March,Mar,1,2020,202003,9,3,2020,Not Month End,3/8/2019,,"insert into Date_Dimension values(20200308, '2020-3-8',7, 8, 433, 'Sunday', 'Sun', 'Weekend', 10, 63, '2020-3-2', 20200302, 3, 15, 'March', 'Mar', 1, 2020, 202003, 9, 3, 2020, 'Not Month End', '2019-3-8')"
20200309,3/9/2020,1,9,434,Monday,Mon,Weekday,11,64,3/9/2020,20200309,3,15,March,Mar,1,2020,202003,9,3,2020,Not Month End,3/9/2019,,"insert into Date_Dimension values(20200309, '2020-3-9',1, 9, 434, 'Monday', 'Mon', 'Weekday', 11, 64, '2020-3-9', 20200309, 3, 15, 'March', 'Mar', 1, 2020, 202003, 9, 3, 2020, 'Not Month End', '2019-3-9')"
20200310,3/10/2020,2,10,435,Tuesday,Tue,Weekday,11,64,3/9/2020,20200309,3,15,March,Mar,1,2020,202003,9,3,2020,Not Month End,3/10/2019,,"insert into Date_Dimension values(20200310, '2020-3-10',2, 10, 435, 'Tuesday', 'Tue', 'Weekday', 11, 64, '2020-3-9', 20200309, 3, 15, 'March', 'Mar', 1, 2020, 202003, 9, 3, 2020, 'Not Month End', '2019-3-10')"
20200311,3/11/2020,3,11,436,Wednesday,Wed,Weekday,11,64,3/9/2020,20200309,3,15,March,Mar,1,2020,202003,9,3,2020,Not Month End,3/11/2019,,"insert into Date_Dimension values(20200311, '2020-3-11',3, 11, 436, 'Wednesday', 'Wed', 'Weekday', 11, 64, '2020-3-9', 20200309, 3, 15, 'March', 'Mar', 1, 2020, 202003, 9, 3, 2020, 'Not Month End', '2019-3-11')"
20200312,3/12/2020,4,12,437,Thursday,Thu,Weekday,11,64,3/9/2020,20200309,3,15,March,Mar,1,2020,202003,9,3,2020,Not Month End,3/12/2019,,"insert into Date_Dimension values(20200312, '2020-3-12',4, 12, 437, 'Thursday', 'Thu', 'Weekday', 11, 64, '2020-3-9', 20200309, 3, 15, 'March', 'Mar', 1, 2020, 202003, 9, 3, 2020, 'Not Month End', '2019-3-12')"
20200313,3/13/2020,5,13,438,Friday,Fri,Weekday,11,64,3/9/2020,20200309,3,15,March,Mar,1,2020,202003,9,3,2020,Not Month End,3/13/2019,,"insert into Date_Dimension values(20200313, '2020-3-13',5, 13, 438, 'Friday', 'Fri', 'Weekday', 11, 64, '2020-3-9', 20200309, 3, 15, 'March', 'Mar', 1, 2020, 202003, 9, 3, 2020, 'Not Month End', '2019-3-13')"
20200314,3/14/2020,6,14,439,Saturday,Sat,Weekend,11,64,3/9/2020,20200309,3,15,March,Mar,1,2020,202003,9,3,2020,Not Month End,3/14/2019,,"insert into Date_Dimension values(20200314, '2020-3-14',6, 14, 439, 'Saturday', 'Sat', 'Weekend', 11, 64, '2020-3-9', 20200309, 3, 15, 'March', 'Mar', 1, 2020, 202003, 9, 3, 2020, 'Not Month End', '2019-3-14')"
20200315,3/15/2020,7,15,440,Sunday,Sun,Weekend,11,64,3/9/2020,20200309,3,15,March,Mar,1,2020,202003,9,3,2020,Not Month End,3/15/2019,,"insert into Date_Dimension values(20200315, '2020-3-15',7, 15, 440, 'Sunday', 'Sun', 'Weekend', 11, 64, '2020-3-9', 20200309, 3, 15, 'March', 'Mar', 1, 2020, 202003, 9, 3, 2020, 'Not Month End', '2019-3-15')"
20200316,3/16/2020,1,16,441,Monday,Mon,Weekday,12,65,3/16/2020,20200316,3,15,March,Mar,1,2020,202003,9,3,2020,Not Month End,3/16/2019,,"insert into Date_Dimension values(20200316, '2020-3-16',1, 16, 441, 'Monday', 'Mon', 'Weekday', 12, 65, '2020-3-16', 20200316, 3, 15, 'March', 'Mar', 1, 2020, 202003, 9, 3, 2020, 'Not Month End', '2019-3-16')"
20200317,3/17/2020,2,17,442,Tuesday,Tue,Weekday,12,65,3/16/2020,20200316,3,15,March,Mar,1,2020,202003,9,3,2020,Not Month End,3/17/2019,,"insert into Date_Dimension values(20200317, '2020-3-17',2, 17, 442, 'Tuesday', 'Tue', 'Weekday', 12, 65, '2020-3-16', 20200316, 3, 15, 'March', 'Mar', 1, 2020, 202003, 9, 3, 2020, 'Not Month End', '2019-3-17')"
20200318,3/18/2020,3,18,443,Wednesday,Wed,Weekday,12,65,3/16/2020,20200316,3,15,March,Mar,1,2020,202003,9,3,2020,Not Month End,3/18/2019,,"insert into Date_Dimension values(20200318, '2020-3-18',3, 18, 443, 'Wednesday', 'Wed', 'Weekday', 12, 65, '2020-3-16', 20200316, 3, 15, 'March', 'Mar', 1, 2020, 202003, 9, 3, 2020, 'Not Month End', '2019-3-18')"
20200319,3/19/2020,4,19,444,Thursday,Thu,Weekday,12,65,3/16/2020,20200316,3,15,March,Mar,1,2020,202003,9,3,2020,Not Month End,3/19/2019,,"insert into Date_Dimension values(20200319, '2020-3-19',4, 19, 444, 'Thursday', 'Thu', 'Weekday', 12, 65, '2020-3-16', 20200316, 3, 15, 'March', 'Mar', 1, 2020, 202003, 9, 3, 2020, 'Not Month End', '2019-3-19')"
20200320,3/20/2020,5,20,445,Friday,Fri,Weekday,12,65,3/16/2020,20200316,3,15,March,Mar,1,2020,202003,9,3,2020,Not Month End,3/20/2019,,"insert into Date_Dimension values(20200320, '2020-3-20',5, 20, 445, 'Friday', 'Fri', 'Weekday', 12, 65, '2020-3-16', 20200316, 3, 15, 'March', 'Mar', 1, 2020, 202003, 9, 3, 2020, 'Not Month End', '2019-3-20')"
20200321,3/21/2020,6,21,446,Saturday,Sat,Weekend,12,65,3/16/2020,20200316,3,15,March,Mar,1,2020,202003,9,3,2020,Not Month End,3/21/2019,,"insert into Date_Dimension values(20200321, '2020-3-21',6, 21, 446, 'Saturday', 'Sat', 'Weekend', 12, 65, '2020-3-16', 20200316, 3, 15, 'March', 'Mar', 1, 2020, 202003, 9, 3, 2020, 'Not Month End', '2019-3-21')"
20200322,3/22/2020,7,22,447,Sunday,Sun,Weekend,12,65,3/16/2020,20200316,3,15,March,Mar,1,2020,202003,9,3,2020,Not Month End,3/22/2019,,"insert into Date_Dimension values(20200322, '2020-3-22',7, 22, 447, 'Sunday', 'Sun', 'Weekend', 12, 65, '2020-3-16', 20200316, 3, 15, 'March', 'Mar', 1, 2020, 202003, 9, 3, 2020, 'Not Month End', '2019-3-22')"
20200323,3/23/2020,1,23,448,Monday,Mon,Weekday,13,66,3/23/2020,20200323,3,15,March,Mar,1,2020,202003,9,3,2020,Not Month End,3/23/2019,,"insert into Date_Dimension values(20200323, '2020-3-23',1, 23, 448, 'Monday', 'Mon', 'Weekday', 13, 66, '2020-3-23', 20200323, 3, 15, 'March', 'Mar', 1, 2020, 202003, 9, 3, 2020, 'Not Month End', '2019-3-23')"
20200324,3/24/2020,2,24,449,Tuesday,Tue,Weekday,13,66,3/23/2020,20200323,3,15,March,Mar,1,2020,202003,9,3,2020,Not Month End,3/24/2019,,"insert into Date_Dimension values(20200324, '2020-3-24',2, 24, 449, 'Tuesday', 'Tue', 'Weekday', 13, 66, '2020-3-23', 20200323, 3, 15, 'March', 'Mar', 1, 2020, 202003, 9, 3, 2020, 'Not Month End', '2019-3-24')"
20200325,3/25/2020,3,25,450,Wednesday,Wed,Weekday,13,66,3/23/2020,20200323,3,15,March,Mar,1,2020,202003,9,3,2020,Not Month End,3/25/2019,,"insert into Date_Dimension values(20200325, '2020-3-25',3, 25, 450, 'Wednesday', 'Wed', 'Weekday', 13, 66, '2020-3-23', 20200323, 3, 15, 'March', 'Mar', 1, 2020, 202003, 9, 3, 2020, 'Not Month End', '2019-3-25')"
20200326,3/26/2020,4,26,451,Thursday,Thu,Weekday,13,66,3/23/2020,20200323,3,15,March,Mar,1,2020,202003,9,3,2020,Not Month End,3/26/2019,,"insert into Date_Dimension values(20200326, '2020-3-26',4, 26, 451, 'Thursday', 'Thu', 'Weekday', 13, 66, '2020-3-23', 20200323, 3, 15, 'March', 'Mar', 1, 2020, 202003, 9, 3, 2020, 'Not Month End', '2019-3-26')"
20200327,3/27/2020,5,27,452,Friday,Fri,Weekday,13,66,3/23/2020,20200323,3,15,March,Mar,1,2020,202003,9,3,2020,Not Month End,3/27/2019,,"insert into Date_Dimension values(20200327, '2020-3-27',5, 27, 452, 'Friday', 'Fri', 'Weekday', 13, 66, '2020-3-23', 20200323, 3, 15, 'March', 'Mar', 1, 2020, 202003, 9, 3, 2020, 'Not Month End', '2019-3-27')"
20200328,3/28/2020,6,28,453,Saturday,Sat,Weekend,13,66,3/23/2020,20200323,3,15,March,Mar,1,2020,202003,9,3,2020,Not Month End,3/28/2019,,"insert into Date_Dimension values(20200328, '2020-3-28',6, 28, 453, 'Saturday', 'Sat', 'Weekend', 13, 66, '2020-3-23', 20200323, 3, 15, 'March', 'Mar', 1, 2020, 202003, 9, 3, 2020, 'Not Month End', '2019-3-28')"
20200329,3/29/2020,7,29,454,Sunday,Sun,Weekend,13,66,3/23/2020,20200323,3,15,March,Mar,1,2020,202003,9,3,2020,Not Month End,3/29/2019,,"insert into Date_Dimension values(20200329, '2020-3-29',7, 29, 454, 'Sunday', 'Sun', 'Weekend', 13, 66, '2020-3-23', 20200323, 3, 15, 'March', 'Mar', 1, 2020, 202003, 9, 3, 2020, 'Not Month End', '2019-3-29')"
20200330,3/30/2020,1,30,455,Monday,Mon,Weekday,14,67,3/30/2020,20200330,3,15,March,Mar,1,2020,202003,9,3,2020,Not Month End,3/30/2019,,"insert into Date_Dimension values(20200330, '2020-3-30',1, 30, 455, 'Monday', 'Mon', 'Weekday', 14, 67, '2020-3-30', 20200330, 3, 15, 'March', 'Mar', 1, 2020, 202003, 9, 3, 2020, 'Not Month End', '2019-3-30')"
20200331,3/31/2020,2,31,456,Tuesday,Tue,Weekday,14,67,3/30/2020,20200330,3,15,March,Mar,1,2020,202003,9,3,2020,Month End,3/31/2019,,"insert into Date_Dimension values(20200331, '2020-3-31',2, 31, 456, 'Tuesday', 'Tue', 'Weekday', 14, 67, '2020-3-30', 20200330, 3, 15, 'March', 'Mar', 1, 2020, 202003, 9, 3, 2020, 'Month End', '2019-3-31')"
20200401,4/1/2020,3,1,457,Wednesday,Wed,Weekday,14,67,3/30/2020,20200330,4,16,April,Apr,2,2020,202004,10,4,2020,Not Month End,4/1/2019,,"insert into Date_Dimension values(20200401, '2020-4-1',3, 1, 457, 'Wednesday', 'Wed', 'Weekday', 14, 67, '2020-3-30', 20200330, 4, 16, 'April', 'Apr', 2, 2020, 202004, 10, 4, 2020, 'Not Month End', '2019-4-1')"
20200402,4/2/2020,4,2,458,Thursday,Thu,Weekday,14,67,3/30/2020,20200330,4,16,April,Apr,2,2020,202004,10,4,2020,Not Month End,4/2/2019,,"insert into Date_Dimension values(20200402, '2020-4-2',4, 2, 458, 'Thursday', 'Thu', 'Weekday', 14, 67, '2020-3-30', 20200330, 4, 16, 'April', 'Apr', 2, 2020, 202004, 10, 4, 2020, 'Not Month End', '2019-4-2')"
20200403,4/3/2020,5,3,459,Friday,Fri,Weekday,14,67,3/30/2020,20200330,4,16,April,Apr,2,2020,202004,10,4,2020,Not Month End,4/3/2019,,"insert into Date_Dimension values(20200403, '2020-4-3',5, 3, 459, 'Friday', 'Fri', 'Weekday', 14, 67, '2020-3-30', 20200330, 4, 16, 'April', 'Apr', 2, 2020, 202004, 10, 4, 2020, 'Not Month End', '2019-4-3')"
20200404,4/4/2020,6,4,460,Saturday,Sat,Weekend,14,67,3/30/2020,20200330,4,16,April,Apr,2,2020,202004,10,4,2020,Not Month End,4/4/2019,,"insert into Date_Dimension values(20200404, '2020-4-4',6, 4, 460, 'Saturday', 'Sat', 'Weekend', 14, 67, '2020-3-30', 20200330, 4, 16, 'April', 'Apr', 2, 2020, 202004, 10, 4, 2020, 'Not Month End', '2019-4-4')"
20200405,4/5/2020,7,5,461,Sunday,Sun,Weekend,14,67,3/30/2020,20200330,4,16,April,Apr,2,2020,202004,10,4,2020,Not Month End,4/5/2019,,"insert into Date_Dimension values(20200405, '2020-4-5',7, 5, 461, 'Sunday', 'Sun', 'Weekend', 14, 67, '2020-3-30', 20200330, 4, 16, 'April', 'Apr', 2, 2020, 202004, 10, 4, 2020, 'Not Month End', '2019-4-5')"
20200406,4/6/2020,1,6,462,Monday,Mon,Weekday,15,68,4/6/2020,20200406,4,16,April,Apr,2,2020,202004,10,4,2020,Not Month End,4/6/2019,,"insert into Date_Dimension values(20200406, '2020-4-6',1, 6, 462, 'Monday', 'Mon', 'Weekday', 15, 68, '2020-4-6', 20200406, 4, 16, 'April', 'Apr', 2, 2020, 202004, 10, 4, 2020, 'Not Month End', '2019-4-6')"
20200407,4/7/2020,2,7,463,Tuesday,Tue,Weekday,15,68,4/6/2020,20200406,4,16,April,Apr,2,2020,202004,10,4,2020,Not Month End,4/7/2019,,"insert into Date_Dimension values(20200407, '2020-4-7',2, 7, 463, 'Tuesday', 'Tue', 'Weekday', 15, 68, '2020-4-6', 20200406, 4, 16, 'April', 'Apr', 2, 2020, 202004, 10, 4, 2020, 'Not Month End', '2019-4-7')"
20200408,4/8/2020,3,8,464,Wednesday,Wed,Weekday,15,68,4/6/2020,20200406,4,16,April,Apr,2,2020,202004,10,4,2020,Not Month End,4/8/2019,,"insert into Date_Dimension values(20200408, '2020-4-8',3, 8, 464, 'Wednesday', 'Wed', 'Weekday', 15, 68, '2020-4-6', 20200406, 4, 16, 'April', 'Apr', 2, 2020, 202004, 10, 4, 2020, 'Not Month End', '2019-4-8')"
20200409,4/9/2020,4,9,465,Thursday,Thu,Weekday,15,68,4/6/2020,20200406,4,16,April,Apr,2,2020,202004,10,4,2020,Not Month End,4/9/2019,,"insert into Date_Dimension values(20200409, '2020-4-9',4, 9, 465, 'Thursday', 'Thu', 'Weekday', 15, 68, '2020-4-6', 20200406, 4, 16, 'April', 'Apr', 2, 2020, 202004, 10, 4, 2020, 'Not Month End', '2019-4-9')"
20200410,4/10/2020,5,10,466,Friday,Fri,Weekday,15,68,4/6/2020,20200406,4,16,April,Apr,2,2020,202004,10,4,2020,Not Month End,4/10/2019,,"insert into Date_Dimension values(20200410, '2020-4-10',5, 10, 466, 'Friday', 'Fri', 'Weekday', 15, 68, '2020-4-6', 20200406, 4, 16, 'April', 'Apr', 2, 2020, 202004, 10, 4, 2020, 'Not Month End', '2019-4-10')"
20200411,4/11/2020,6,11,467,Saturday,Sat,Weekend,15,68,4/6/2020,20200406,4,16,April,Apr,2,2020,202004,10,4,2020,Not Month End,4/11/2019,,"insert into Date_Dimension values(20200411, '2020-4-11',6, 11, 467, 'Saturday', 'Sat', 'Weekend', 15, 68, '2020-4-6', 20200406, 4, 16, 'April', 'Apr', 2, 2020, 202004, 10, 4, 2020, 'Not Month End', '2019-4-11')"
20200412,4/12/2020,7,12,468,Sunday,Sun,Weekend,15,68,4/6/2020,20200406,4,16,April,Apr,2,2020,202004,10,4,2020,Not Month End,4/12/2019,,"insert into Date_Dimension values(20200412, '2020-4-12',7, 12, 468, 'Sunday', 'Sun', 'Weekend', 15, 68, '2020-4-6', 20200406, 4, 16, 'April', 'Apr', 2, 2020, 202004, 10, 4, 2020, 'Not Month End', '2019-4-12')"
20200413,4/13/2020,1,13,469,Monday,Mon,Weekday,16,69,4/13/2020,20200413,4,16,April,Apr,2,2020,202004,10,4,2020,Not Month End,4/13/2019,,"insert into Date_Dimension values(20200413, '2020-4-13',1, 13, 469, 'Monday', 'Mon', 'Weekday', 16, 69, '2020-4-13', 20200413, 4, 16, 'April', 'Apr', 2, 2020, 202004, 10, 4, 2020, 'Not Month End', '2019-4-13')"
20200414,4/14/2020,2,14,470,Tuesday,Tue,Weekday,16,69,4/13/2020,20200413,4,16,April,Apr,2,2020,202004,10,4,2020,Not Month End,4/14/2019,,"insert into Date_Dimension values(20200414, '2020-4-14',2, 14, 470, 'Tuesday', 'Tue', 'Weekday', 16, 69, '2020-4-13', 20200413, 4, 16, 'April', 'Apr', 2, 2020, 202004, 10, 4, 2020, 'Not Month End', '2019-4-14')"
20200415,4/15/2020,3,15,471,Wednesday,Wed,Weekday,16,69,4/13/2020,20200413,4,16,April,Apr,2,2020,202004,10,4,2020,Not Month End,4/15/2019,,"insert into Date_Dimension values(20200415, '2020-4-15',3, 15, 471, 'Wednesday', 'Wed', 'Weekday', 16, 69, '2020-4-13', 20200413, 4, 16, 'April', 'Apr', 2, 2020, 202004, 10, 4, 2020, 'Not Month End', '2019-4-15')"
20200416,4/16/2020,4,16,472,Thursday,Thu,Weekday,16,69,4/13/2020,20200413,4,16,April,Apr,2,2020,202004,10,4,2020,Not Month End,4/16/2019,,"insert into Date_Dimension values(20200416, '2020-4-16',4, 16, 472, 'Thursday', 'Thu', 'Weekday', 16, 69, '2020-4-13', 20200413, 4, 16, 'April', 'Apr', 2, 2020, 202004, 10, 4, 2020, 'Not Month End', '2019-4-16')"
20200417,4/17/2020,5,17,473,Friday,Fri,Weekday,16,69,4/13/2020,20200413,4,16,April,Apr,2,2020,202004,10,4,2020,Not Month End,4/17/2019,,"insert into Date_Dimension values(20200417, '2020-4-17',5, 17, 473, 'Friday', 'Fri', 'Weekday', 16, 69, '2020-4-13', 20200413, 4, 16, 'April', 'Apr', 2, 2020, 202004, 10, 4, 2020, 'Not Month End', '2019-4-17')"
20200418,4/18/2020,6,18,474,Saturday,Sat,Weekend,16,69,4/13/2020,20200413,4,16,April,Apr,2,2020,202004,10,4,2020,Not Month End,4/18/2019,,"insert into Date_Dimension values(20200418, '2020-4-18',6, 18, 474, 'Saturday', 'Sat', 'Weekend', 16, 69, '2020-4-13', 20200413, 4, 16, 'April', 'Apr', 2, 2020, 202004, 10, 4, 2020, 'Not Month End', '2019-4-18')"
20200419,4/19/2020,7,19,475,Sunday,Sun,Weekend,16,69,4/13/2020,20200413,4,16,April,Apr,2,2020,202004,10,4,2020,Not Month End,4/19/2019,,"insert into Date_Dimension values(20200419, '2020-4-19',7, 19, 475, 'Sunday', 'Sun', 'Weekend', 16, 69, '2020-4-13', 20200413, 4, 16, 'April', 'Apr', 2, 2020, 202004, 10, 4, 2020, 'Not Month End', '2019-4-19')"
20200420,4/20/2020,1,20,476,Monday,Mon,Weekday,17,70,4/20/2020,20200420,4,16,April,Apr,2,2020,202004,10,4,2020,Not Month End,4/20/2019,,"insert into Date_Dimension values(20200420, '2020-4-20',1, 20, 476, 'Monday', 'Mon', 'Weekday', 17, 70, '2020-4-20', 20200420, 4, 16, 'April', 'Apr', 2, 2020, 202004, 10, 4, 2020, 'Not Month End', '2019-4-20')"
20200421,4/21/2020,2,21,477,Tuesday,Tue,Weekday,17,70,4/20/2020,20200420,4,16,April,Apr,2,2020,202004,10,4,2020,Not Month End,4/21/2019,,"insert into Date_Dimension values(20200421, '2020-4-21',2, 21, 477, 'Tuesday', 'Tue', 'Weekday', 17, 70, '2020-4-20', 20200420, 4, 16, 'April', 'Apr', 2, 2020, 202004, 10, 4, 2020, 'Not Month End', '2019-4-21')"
20200422,4/22/2020,3,22,478,Wednesday,Wed,Weekday,17,70,4/20/2020,20200420,4,16,April,Apr,2,2020,202004,10,4,2020,Not Month End,4/22/2019,,"insert into Date_Dimension values(20200422, '2020-4-22',3, 22, 478, 'Wednesday', 'Wed', 'Weekday', 17, 70, '2020-4-20', 20200420, 4, 16, 'April', 'Apr', 2, 2020, 202004, 10, 4, 2020, 'Not Month End', '2019-4-22')"
20200423,4/23/2020,4,23,479,Thursday,Thu,Weekday,17,70,4/20/2020,20200420,4,16,April,Apr,2,2020,202004,10,4,2020,Not Month End,4/23/2019,,"insert into Date_Dimension values(20200423, '2020-4-23',4, 23, 479, 'Thursday', 'Thu', 'Weekday', 17, 70, '2020-4-20', 20200420, 4, 16, 'April', 'Apr', 2, 2020, 202004, 10, 4, 2020, 'Not Month End', '2019-4-23')"
20200424,4/24/2020,5,24,480,Friday,Fri,Weekday,17,70,4/20/2020,20200420,4,16,April,Apr,2,2020,202004,10,4,2020,Not Month End,4/24/2019,,"insert into Date_Dimension values(20200424, '2020-4-24',5, 24, 480, 'Friday', 'Fri', 'Weekday', 17, 70, '2020-4-20', 20200420, 4, 16, 'April', 'Apr', 2, 2020, 202004, 10, 4, 2020, 'Not Month End', '2019-4-24')"
20200425,4/25/2020,6,25,481,Saturday,Sat,Weekend,17,70,4/20/2020,20200420,4,16,April,Apr,2,2020,202004,10,4,2020,Not Month End,4/25/2019,,"insert into Date_Dimension values(20200425, '2020-4-25',6, 25, 481, 'Saturday', 'Sat', 'Weekend', 17, 70, '2020-4-20', 20200420, 4, 16, 'April', 'Apr', 2, 2020, 202004, 10, 4, 2020, 'Not Month End', '2019-4-25')"
20200426,4/26/2020,7,26,482,Sunday,Sun,Weekend,17,70,4/20/2020,20200420,4,16,April,Apr,2,2020,202004,10,4,2020,Not Month End,4/26/2019,,"insert into Date_Dimension values(20200426, '2020-4-26',7, 26, 482, 'Sunday', 'Sun', 'Weekend', 17, 70, '2020-4-20', 20200420, 4, 16, 'April', 'Apr', 2, 2020, 202004, 10, 4, 2020, 'Not Month End', '2019-4-26')"
20200427,4/27/2020,1,27,483,Monday,Mon,Weekday,18,71,4/27/2020,20200427,4,16,April,Apr,2,2020,202004,10,4,2020,Not Month End,4/27/2019,,"insert into Date_Dimension values(20200427, '2020-4-27',1, 27, 483, 'Monday', 'Mon', 'Weekday', 18, 71, '2020-4-27', 20200427, 4, 16, 'April', 'Apr', 2, 2020, 202004, 10, 4, 2020, 'Not Month End', '2019-4-27')"
20200428,4/28/2020,2,28,484,Tuesday,Tue,Weekday,18,71,4/27/2020,20200427,4,16,April,Apr,2,2020,202004,10,4,2020,Not Month End,4/28/2019,,"insert into Date_Dimension values(20200428, '2020-4-28',2, 28, 484, 'Tuesday', 'Tue', 'Weekday', 18, 71, '2020-4-27', 20200427, 4, 16, 'April', 'Apr', 2, 2020, 202004, 10, 4, 2020, 'Not Month End', '2019-4-28')"
20200429,4/29/2020,3,29,485,Wednesday,Wed,Weekday,18,71,4/27/2020,20200427,4,16,April,Apr,2,2020,202004,10,4,2020,Not Month End,4/29/2019,,"insert into Date_Dimension values(20200429, '2020-4-29',3, 29, 485, 'Wednesday', 'Wed', 'Weekday', 18, 71, '2020-4-27', 20200427, 4, 16, 'April', 'Apr', 2, 2020, 202004, 10, 4, 2020, 'Not Month End', '2019-4-29')"
20200430,4/30/2020,4,30,486,Thursday,Thu,Weekday,18,71,4/27/2020,20200427,4,16,April,Apr,2,2020,202004,10,4,2020,Month End,4/30/2019,,"insert into Date_Dimension values(20200430, '2020-4-30',4, 30, 486, 'Thursday', 'Thu', 'Weekday', 18, 71, '2020-4-27', 20200427, 4, 16, 'April', 'Apr', 2, 2020, 202004, 10, 4, 2020, 'Month End', '2019-4-30')"
20200501,5/1/2020,5,1,487,Friday,Fri,Weekday,18,71,4/27/2020,20200427,5,17,May,May,2,2020,202005,11,4,2020,Not Month End,5/1/2019,,"insert into Date_Dimension values(20200501, '2020-5-1',5, 1, 487, 'Friday', 'Fri', 'Weekday', 18, 71, '2020-4-27', 20200427, 5, 17, 'May', 'May', 2, 2020, 202005, 11, 4, 2020, 'Not Month End', '2019-5-1')"
20200502,5/2/2020,6,2,488,Saturday,Sat,Weekend,18,71,4/27/2020,20200427,5,17,May,May,2,2020,202005,11,4,2020,Not Month End,5/2/2019,,"insert into Date_Dimension values(20200502, '2020-5-2',6, 2, 488, 'Saturday', 'Sat', 'Weekend', 18, 71, '2020-4-27', 20200427, 5, 17, 'May', 'May', 2, 2020, 202005, 11, 4, 2020, 'Not Month End', '2019-5-2')"
20200503,5/3/2020,7,3,489,Sunday,Sun,Weekend,18,71,4/27/2020,20200427,5,17,May,May,2,2020,202005,11,4,2020,Not Month End,5/3/2019,,"insert into Date_Dimension values(20200503, '2020-5-3',7, 3, 489, 'Sunday', 'Sun', 'Weekend', 18, 71, '2020-4-27', 20200427, 5, 17, 'May', 'May', 2, 2020, 202005, 11, 4, 2020, 'Not Month End', '2019-5-3')"
20200504,5/4/2020,1,4,490,Monday,Mon,Weekday,19,72,5/4/2020,20200504,5,17,May,May,2,2020,202005,11,4,2020,Not Month End,5/4/2019,,"insert into Date_Dimension values(20200504, '2020-5-4',1, 4, 490, 'Monday', 'Mon', 'Weekday', 19, 72, '2020-5-4', 20200504, 5, 17, 'May', 'May', 2, 2020, 202005, 11, 4, 2020, 'Not Month End', '2019-5-4')"
20200505,5/5/2020,2,5,491,Tuesday,Tue,Weekday,19,72,5/4/2020,20200504,5,17,May,May,2,2020,202005,11,4,2020,Not Month End,5/5/2019,,"insert into Date_Dimension values(20200505, '2020-5-5',2, 5, 491, 'Tuesday', 'Tue', 'Weekday', 19, 72, '2020-5-4', 20200504, 5, 17, 'May', 'May', 2, 2020, 202005, 11, 4, 2020, 'Not Month End', '2019-5-5')"
20200506,5/6/2020,3,6,492,Wednesday,Wed,Weekday,19,72,5/4/2020,20200504,5,17,May,May,2,2020,202005,11,4,2020,Not Month End,5/6/2019,,"insert into Date_Dimension values(20200506, '2020-5-6',3, 6, 492, 'Wednesday', 'Wed', 'Weekday', 19, 72, '2020-5-4', 20200504, 5, 17, 'May', 'May', 2, 2020, 202005, 11, 4, 2020, 'Not Month End', '2019-5-6')"
20200507,5/7/2020,4,7,493,Thursday,Thu,Weekday,19,72,5/4/2020,20200504,5,17,May,May,2,2020,202005,11,4,2020,Not Month End,5/7/2019,,"insert into Date_Dimension values(20200507, '2020-5-7',4, 7, 493, 'Thursday', 'Thu', 'Weekday', 19, 72, '2020-5-4', 20200504, 5, 17, 'May', 'May', 2, 2020, 202005, 11, 4, 2020, 'Not Month End', '2019-5-7')"
20200508,5/8/2020,5,8,494,Friday,Fri,Weekday,19,72,5/4/2020,20200504,5,17,May,May,2,2020,202005,11,4,2020,Not Month End,5/8/2019,,"insert into Date_Dimension values(20200508, '2020-5-8',5, 8, 494, 'Friday', 'Fri', 'Weekday', 19, 72, '2020-5-4', 20200504, 5, 17, 'May', 'May', 2, 2020, 202005, 11, 4, 2020, 'Not Month End', '2019-5-8')"
20200509,5/9/2020,6,9,495,Saturday,Sat,Weekend,19,72,5/4/2020,20200504,5,17,May,May,2,2020,202005,11,4,2020,Not Month End,5/9/2019,,"insert into Date_Dimension values(20200509, '2020-5-9',6, 9, 495, 'Saturday', 'Sat', 'Weekend', 19, 72, '2020-5-4', 20200504, 5, 17, 'May', 'May', 2, 2020, 202005, 11, 4, 2020, 'Not Month End', '2019-5-9')"
20200510,5/10/2020,7,10,496,Sunday,Sun,Weekend,19,72,5/4/2020,20200504,5,17,May,May,2,2020,202005,11,4,2020,Not Month End,5/10/2019,,"insert into Date_Dimension values(20200510, '2020-5-10',7, 10, 496, 'Sunday', 'Sun', 'Weekend', 19, 72, '2020-5-4', 20200504, 5, 17, 'May', 'May', 2, 2020, 202005, 11, 4, 2020, 'Not Month End', '2019-5-10')"
20200511,5/11/2020,1,11,497,Monday,Mon,Weekday,20,73,5/11/2020,20200511,5,17,May,May,2,2020,202005,11,4,2020,Not Month End,5/11/2019,,"insert into Date_Dimension values(20200511, '2020-5-11',1, 11, 497, 'Monday', 'Mon', 'Weekday', 20, 73, '2020-5-11', 20200511, 5, 17, 'May', 'May', 2, 2020, 202005, 11, 4, 2020, 'Not Month End', '2019-5-11')"
20200512,5/12/2020,2,12,498,Tuesday,Tue,Weekday,20,73,5/11/2020,20200511,5,17,May,May,2,2020,202005,11,4,2020,Not Month End,5/12/2019,,"insert into Date_Dimension values(20200512, '2020-5-12',2, 12, 498, 'Tuesday', 'Tue', 'Weekday', 20, 73, '2020-5-11', 20200511, 5, 17, 'May', 'May', 2, 2020, 202005, 11, 4, 2020, 'Not Month End', '2019-5-12')"
20200513,5/13/2020,3,13,499,Wednesday,Wed,Weekday,20,73,5/11/2020,20200511,5,17,May,May,2,2020,202005,11,4,2020,Not Month End,5/13/2019,,"insert into Date_Dimension values(20200513, '2020-5-13',3, 13, 499, 'Wednesday', 'Wed', 'Weekday', 20, 73, '2020-5-11', 20200511, 5, 17, 'May', 'May', 2, 2020, 202005, 11, 4, 2020, 'Not Month End', '2019-5-13')"
20200514,5/14/2020,4,14,500,Thursday,Thu,Weekday,20,73,5/11/2020,20200511,5,17,May,May,2,2020,202005,11,4,2020,Not Month End,5/14/2019,,"insert into Date_Dimension values(20200514, '2020-5-14',4, 14, 500, 'Thursday', 'Thu', 'Weekday', 20, 73, '2020-5-11', 20200511, 5, 17, 'May', 'May', 2, 2020, 202005, 11, 4, 2020, 'Not Month End', '2019-5-14')"
20200515,5/15/2020,5,15,501,Friday,Fri,Weekday,20,73,5/11/2020,20200511,5,17,May,May,2,2020,202005,11,4,2020,Not Month End,5/15/2019,,"insert into Date_Dimension values(20200515, '2020-5-15',5, 15, 501, 'Friday', 'Fri', 'Weekday', 20, 73, '2020-5-11', 20200511, 5, 17, 'May', 'May', 2, 2020, 202005, 11, 4, 2020, 'Not Month End', '2019-5-15')"
20200516,5/16/2020,6,16,502,Saturday,Sat,Weekend,20,73,5/11/2020,20200511,5,17,May,May,2,2020,202005,11,4,2020,Not Month End,5/16/2019,,"insert into Date_Dimension values(20200516, '2020-5-16',6, 16, 502, 'Saturday', 'Sat', 'Weekend', 20, 73, '2020-5-11', 20200511, 5, 17, 'May', 'May', 2, 2020, 202005, 11, 4, 2020, 'Not Month End', '2019-5-16')"
20200517,5/17/2020,7,17,503,Sunday,Sun,Weekend,20,73,5/11/2020,20200511,5,17,May,May,2,2020,202005,11,4,2020,Not Month End,5/17/2019,,"insert into Date_Dimension values(20200517, '2020-5-17',7, 17, 503, 'Sunday', 'Sun', 'Weekend', 20, 73, '2020-5-11', 20200511, 5, 17, 'May', 'May', 2, 2020, 202005, 11, 4, 2020, 'Not Month End', '2019-5-17')"
20200518,5/18/2020,1,18,504,Monday,Mon,Weekday,21,74,5/18/2020,20200518,5,17,May,May,2,2020,202005,11,4,2020,Not Month End,5/18/2019,,"insert into Date_Dimension values(20200518, '2020-5-18',1, 18, 504, 'Monday', 'Mon', 'Weekday', 21, 74, '2020-5-18', 20200518, 5, 17, 'May', 'May', 2, 2020, 202005, 11, 4, 2020, 'Not Month End', '2019-5-18')"
20200519,5/19/2020,2,19,505,Tuesday,Tue,Weekday,21,74,5/18/2020,20200518,5,17,May,May,2,2020,202005,11,4,2020,Not Month End,5/19/2019,,"insert into Date_Dimension values(20200519, '2020-5-19',2, 19, 505, 'Tuesday', 'Tue', 'Weekday', 21, 74, '2020-5-18', 20200518, 5, 17, 'May', 'May', 2, 2020, 202005, 11, 4, 2020, 'Not Month End', '2019-5-19')"
20200520,5/20/2020,3,20,506,Wednesday,Wed,Weekday,21,74,5/18/2020,20200518,5,17,May,May,2,2020,202005,11,4,2020,Not Month End,5/20/2019,,"insert into Date_Dimension values(20200520, '2020-5-20',3, 20, 506, 'Wednesday', 'Wed', 'Weekday', 21, 74, '2020-5-18', 20200518, 5, 17, 'May', 'May', 2, 2020, 202005, 11, 4, 2020, 'Not Month End', '2019-5-20')"
20200521,5/21/2020,4,21,507,Thursday,Thu,Weekday,21,74,5/18/2020,20200518,5,17,May,May,2,2020,202005,11,4,2020,Not Month End,5/21/2019,,"insert into Date_Dimension values(20200521, '2020-5-21',4, 21, 507, 'Thursday', 'Thu', 'Weekday', 21, 74, '2020-5-18', 20200518, 5, 17, 'May', 'May', 2, 2020, 202005, 11, 4, 2020, 'Not Month End', '2019-5-21')"
20200522,5/22/2020,5,22,508,Friday,Fri,Weekday,21,74,5/18/2020,20200518,5,17,May,May,2,2020,202005,11,4,2020,Not Month End,5/22/2019,,"insert into Date_Dimension values(20200522, '2020-5-22',5, 22, 508, 'Friday', 'Fri', 'Weekday', 21, 74, '2020-5-18', 20200518, 5, 17, 'May', 'May', 2, 2020, 202005, 11, 4, 2020, 'Not Month End', '2019-5-22')"
20200523,5/23/2020,6,23,509,Saturday,Sat,Weekend,21,74,5/18/2020,20200518,5,17,May,May,2,2020,202005,11,4,2020,Not Month End,5/23/2019,,"insert into Date_Dimension values(20200523, '2020-5-23',6, 23, 509, 'Saturday', 'Sat', 'Weekend', 21, 74, '2020-5-18', 20200518, 5, 17, 'May', 'May', 2, 2020, 202005, 11, 4, 2020, 'Not Month End', '2019-5-23')"
20200524,5/24/2020,7,24,510,Sunday,Sun,Weekend,21,74,5/18/2020,20200518,5,17,May,May,2,2020,202005,11,4,2020,Not Month End,5/24/2019,,"insert into Date_Dimension values(20200524, '2020-5-24',7, 24, 510, 'Sunday', 'Sun', 'Weekend', 21, 74, '2020-5-18', 20200518, 5, 17, 'May', 'May', 2, 2020, 202005, 11, 4, 2020, 'Not Month End', '2019-5-24')"
20200525,5/25/2020,1,25,511,Monday,Mon,Weekday,22,75,5/25/2020,20200525,5,17,May,May,2,2020,202005,11,4,2020,Not Month End,5/25/2019,,"insert into Date_Dimension values(20200525, '2020-5-25',1, 25, 511, 'Monday', 'Mon', 'Weekday', 22, 75, '2020-5-25', 20200525, 5, 17, 'May', 'May', 2, 2020, 202005, 11, 4, 2020, 'Not Month End', '2019-5-25')"
20200526,5/26/2020,2,26,512,Tuesday,Tue,Weekday,22,75,5/25/2020,20200525,5,17,May,May,2,2020,202005,11,4,2020,Not Month End,5/26/2019,,"insert into Date_Dimension values(20200526, '2020-5-26',2, 26, 512, 'Tuesday', 'Tue', 'Weekday', 22, 75, '2020-5-25', 20200525, 5, 17, 'May', 'May', 2, 2020, 202005, 11, 4, 2020, 'Not Month End', '2019-5-26')"
20200527,5/27/2020,3,27,513,Wednesday,Wed,Weekday,22,75,5/25/2020,20200525,5,17,May,May,2,2020,202005,11,4,2020,Not Month End,5/27/2019,,"insert into Date_Dimension values(20200527, '2020-5-27',3, 27, 513, 'Wednesday', 'Wed', 'Weekday', 22, 75, '2020-5-25', 20200525, 5, 17, 'May', 'May', 2, 2020, 202005, 11, 4, 2020, 'Not Month End', '2019-5-27')"
20200528,5/28/2020,4,28,514,Thursday,Thu,Weekday,22,75,5/25/2020,20200525,5,17,May,May,2,2020,202005,11,4,2020,Not Month End,5/28/2019,,"insert into Date_Dimension values(20200528, '2020-5-28',4, 28, 514, 'Thursday', 'Thu', 'Weekday', 22, 75, '2020-5-25', 20200525, 5, 17, 'May', 'May', 2, 2020, 202005, 11, 4, 2020, 'Not Month End', '2019-5-28')"
20200529,5/29/2020,5,29,515,Friday,Fri,Weekday,22,75,5/25/2020,20200525,5,17,May,May,2,2020,202005,11,4,2020,Not Month End,5/29/2019,,"insert into Date_Dimension values(20200529, '2020-5-29',5, 29, 515, 'Friday', 'Fri', 'Weekday', 22, 75, '2020-5-25', 20200525, 5, 17, 'May', 'May', 2, 2020, 202005, 11, 4, 2020, 'Not Month End', '2019-5-29')"
20200530,5/30/2020,6,30,516,Saturday,Sat,Weekend,22,75,5/25/2020,20200525,5,17,May,May,2,2020,202005,11,4,2020,Not Month End,5/30/2019,,"insert into Date_Dimension values(20200530, '2020-5-30',6, 30, 516, 'Saturday', 'Sat', 'Weekend', 22, 75, '2020-5-25', 20200525, 5, 17, 'May', 'May', 2, 2020, 202005, 11, 4, 2020, 'Not Month End', '2019-5-30')"
20200531,5/31/2020,7,31,517,Sunday,Sun,Weekend,22,75,5/25/2020,20200525,5,17,May,May,2,2020,202005,11,4,2020,Month End,5/31/2019,,"insert into Date_Dimension values(20200531, '2020-5-31',7, 31, 517, 'Sunday', 'Sun', 'Weekend', 22, 75, '2020-5-25', 20200525, 5, 17, 'May', 'May', 2, 2020, 202005, 11, 4, 2020, 'Month End', '2019-5-31')"
20200601,6/1/2020,1,1,518,Monday,Mon,Weekday,23,76,6/1/2020,20200601,6,18,June,Jun,2,2020,202006,12,4,2020,Not Month End,6/1/2019,,"insert into Date_Dimension values(20200601, '2020-6-1',1, 1, 518, 'Monday', 'Mon', 'Weekday', 23, 76, '2020-6-1', 20200601, 6, 18, 'June', 'Jun', 2, 2020, 202006, 12, 4, 2020, 'Not Month End', '2019-6-1')"
20200602,6/2/2020,2,2,519,Tuesday,Tue,Weekday,23,76,6/1/2020,20200601,6,18,June,Jun,2,2020,202006,12,4,2020,Not Month End,6/2/2019,,"insert into Date_Dimension values(20200602, '2020-6-2',2, 2, 519, 'Tuesday', 'Tue', 'Weekday', 23, 76, '2020-6-1', 20200601, 6, 18, 'June', 'Jun', 2, 2020, 202006, 12, 4, 2020, 'Not Month End', '2019-6-2')"
20200603,6/3/2020,3,3,520,Wednesday,Wed,Weekday,23,76,6/1/2020,20200601,6,18,June,Jun,2,2020,202006,12,4,2020,Not Month End,6/3/2019,,"insert into Date_Dimension values(20200603, '2020-6-3',3, 3, 520, 'Wednesday', 'Wed', 'Weekday', 23, 76, '2020-6-1', 20200601, 6, 18, 'June', 'Jun', 2, 2020, 202006, 12, 4, 2020, 'Not Month End', '2019-6-3')"
20200604,6/4/2020,4,4,521,Thursday,Thu,Weekday,23,76,6/1/2020,20200601,6,18,June,Jun,2,2020,202006,12,4,2020,Not Month End,6/4/2019,,"insert into Date_Dimension values(20200604, '2020-6-4',4, 4, 521, 'Thursday', 'Thu', 'Weekday', 23, 76, '2020-6-1', 20200601, 6, 18, 'June', 'Jun', 2, 2020, 202006, 12, 4, 2020, 'Not Month End', '2019-6-4')"
20200605,6/5/2020,5,5,522,Friday,Fri,Weekday,23,76,6/1/2020,20200601,6,18,June,Jun,2,2020,202006,12,4,2020,Not Month End,6/5/2019,,"insert into Date_Dimension values(20200605, '2020-6-5',5, 5, 522, 'Friday', 'Fri', 'Weekday', 23, 76, '2020-6-1', 20200601, 6, 18, 'June', 'Jun', 2, 2020, 202006, 12, 4, 2020, 'Not Month End', '2019-6-5')"
20200606,6/6/2020,6,6,523,Saturday,Sat,Weekend,23,76,6/1/2020,20200601,6,18,June,Jun,2,2020,202006,12,4,2020,Not Month End,6/6/2019,,"insert into Date_Dimension values(20200606, '2020-6-6',6, 6, 523, 'Saturday', 'Sat', 'Weekend', 23, 76, '2020-6-1', 20200601, 6, 18, 'June', 'Jun', 2, 2020, 202006, 12, 4, 2020, 'Not Month End', '2019-6-6')"
20200607,6/7/2020,7,7,524,Sunday,Sun,Weekend,23,76,6/1/2020,20200601,6,18,June,Jun,2,2020,202006,12,4,2020,Not Month End,6/7/2019,,"insert into Date_Dimension values(20200607, '2020-6-7',7, 7, 524, 'Sunday', 'Sun', 'Weekend', 23, 76, '2020-6-1', 20200601, 6, 18, 'June', 'Jun', 2, 2020, 202006, 12, 4, 2020, 'Not Month End', '2019-6-7')"
20200608,6/8/2020,1,8,525,Monday,Mon,Weekday,24,77,6/8/2020,20200608,6,18,June,Jun,2,2020,202006,12,4,2020,Not Month End,6/8/2019,,"insert into Date_Dimension values(20200608, '2020-6-8',1, 8, 525, 'Monday', 'Mon', 'Weekday', 24, 77, '2020-6-8', 20200608, 6, 18, 'June', 'Jun', 2, 2020, 202006, 12, 4, 2020, 'Not Month End', '2019-6-8')"
20200609,6/9/2020,2,9,526,Tuesday,Tue,Weekday,24,77,6/8/2020,20200608,6,18,June,Jun,2,2020,202006,12,4,2020,Not Month End,6/9/2019,,"insert into Date_Dimension values(20200609, '2020-6-9',2, 9, 526, 'Tuesday', 'Tue', 'Weekday', 24, 77, '2020-6-8', 20200608, 6, 18, 'June', 'Jun', 2, 2020, 202006, 12, 4, 2020, 'Not Month End', '2019-6-9')"
20200610,6/10/2020,3,10,527,Wednesday,Wed,Weekday,24,77,6/8/2020,20200608,6,18,June,Jun,2,2020,202006,12,4,2020,Not Month End,6/10/2019,,"insert into Date_Dimension values(20200610, '2020-6-10',3, 10, 527, 'Wednesday', 'Wed', 'Weekday', 24, 77, '2020-6-8', 20200608, 6, 18, 'June', 'Jun', 2, 2020, 202006, 12, 4, 2020, 'Not Month End', '2019-6-10')"
20200611,6/11/2020,4,11,528,Thursday,Thu,Weekday,24,77,6/8/2020,20200608,6,18,June,Jun,2,2020,202006,12,4,2020,Not Month End,6/11/2019,,"insert into Date_Dimension values(20200611, '2020-6-11',4, 11, 528, 'Thursday', 'Thu', 'Weekday', 24, 77, '2020-6-8', 20200608, 6, 18, 'June', 'Jun', 2, 2020, 202006, 12, 4, 2020, 'Not Month End', '2019-6-11')"
20200612,6/12/2020,5,12,529,Friday,Fri,Weekday,24,77,6/8/2020,20200608,6,18,June,Jun,2,2020,202006,12,4,2020,Not Month End,6/12/2019,,"insert into Date_Dimension values(20200612, '2020-6-12',5, 12, 529, 'Friday', 'Fri', 'Weekday', 24, 77, '2020-6-8', 20200608, 6, 18, 'June', 'Jun', 2, 2020, 202006, 12, 4, 2020, 'Not Month End', '2019-6-12')"
20200613,6/13/2020,6,13,530,Saturday,Sat,Weekend,24,77,6/8/2020,20200608,6,18,June,Jun,2,2020,202006,12,4,2020,Not Month End,6/13/2019,,"insert into Date_Dimension values(20200613, '2020-6-13',6, 13, 530, 'Saturday', 'Sat', 'Weekend', 24, 77, '2020-6-8', 20200608, 6, 18, 'June', 'Jun', 2, 2020, 202006, 12, 4, 2020, 'Not Month End', '2019-6-13')"
20200614,6/14/2020,7,14,531,Sunday,Sun,Weekend,24,77,6/8/2020,20200608,6,18,June,Jun,2,2020,202006,12,4,2020,Not Month End,6/14/2019,,"insert into Date_Dimension values(20200614, '2020-6-14',7, 14, 531, 'Sunday', 'Sun', 'Weekend', 24, 77, '2020-6-8', 20200608, 6, 18, 'June', 'Jun', 2, 2020, 202006, 12, 4, 2020, 'Not Month End', '2019-6-14')"
20200615,6/15/2020,1,15,532,Monday,Mon,Weekday,25,78,6/15/2020,20200615,6,18,June,Jun,2,2020,202006,12,4,2020,Not Month End,6/15/2019,,"insert into Date_Dimension values(20200615, '2020-6-15',1, 15, 532, 'Monday', 'Mon', 'Weekday', 25, 78, '2020-6-15', 20200615, 6, 18, 'June', 'Jun', 2, 2020, 202006, 12, 4, 2020, 'Not Month End', '2019-6-15')"
20200616,6/16/2020,2,16,533,Tuesday,Tue,Weekday,25,78,6/15/2020,20200615,6,18,June,Jun,2,2020,202006,12,4,2020,Not Month End,6/16/2019,,"insert into Date_Dimension values(20200616, '2020-6-16',2, 16, 533, 'Tuesday', 'Tue', 'Weekday', 25, 78, '2020-6-15', 20200615, 6, 18, 'June', 'Jun', 2, 2020, 202006, 12, 4, 2020, 'Not Month End', '2019-6-16')"
20200617,6/17/2020,3,17,534,Wednesday,Wed,Weekday,25,78,6/15/2020,20200615,6,18,June,Jun,2,2020,202006,12,4,2020,Not Month End,6/17/2019,,"insert into Date_Dimension values(20200617, '2020-6-17',3, 17, 534, 'Wednesday', 'Wed', 'Weekday', 25, 78, '2020-6-15', 20200615, 6, 18, 'June', 'Jun', 2, 2020, 202006, 12, 4, 2020, 'Not Month End', '2019-6-17')"
20200618,6/18/2020,4,18,535,Thursday,Thu,Weekday,25,78,6/15/2020,20200615,6,18,June,Jun,2,2020,202006,12,4,2020,Not Month End,6/18/2019,,"insert into Date_Dimension values(20200618, '2020-6-18',4, 18, 535, 'Thursday', 'Thu', 'Weekday', 25, 78, '2020-6-15', 20200615, 6, 18, 'June', 'Jun', 2, 2020, 202006, 12, 4, 2020, 'Not Month End', '2019-6-18')"
20200619,6/19/2020,5,19,536,Friday,Fri,Weekday,25,78,6/15/2020,20200615,6,18,June,Jun,2,2020,202006,12,4,2020,Not Month End,6/19/2019,,"insert into Date_Dimension values(20200619, '2020-6-19',5, 19, 536, 'Friday', 'Fri', 'Weekday', 25, 78, '2020-6-15', 20200615, 6, 18, 'June', 'Jun', 2, 2020, 202006, 12, 4, 2020, 'Not Month End', '2019-6-19')"
20200620,6/20/2020,6,20,537,Saturday,Sat,Weekend,25,78,6/15/2020,20200615,6,18,June,Jun,2,2020,202006,12,4,2020,Not Month End,6/20/2019,,"insert into Date_Dimension values(20200620, '2020-6-20',6, 20, 537, 'Saturday', 'Sat', 'Weekend', 25, 78, '2020-6-15', 20200615, 6, 18, 'June', 'Jun', 2, 2020, 202006, 12, 4, 2020, 'Not Month End', '2019-6-20')"
20200621,6/21/2020,7,21,538,Sunday,Sun,Weekend,25,78,6/15/2020,20200615,6,18,June,Jun,2,2020,202006,12,4,2020,Not Month End,6/21/2019,,"insert into Date_Dimension values(20200621, '2020-6-21',7, 21, 538, 'Sunday', 'Sun', 'Weekend', 25, 78, '2020-6-15', 20200615, 6, 18, 'June', 'Jun', 2, 2020, 202006, 12, 4, 2020, 'Not Month End', '2019-6-21')"
20200622,6/22/2020,1,22,539,Monday,Mon,Weekday,26,79,6/22/2020,20200622,6,18,June,Jun,2,2020,202006,12,4,2020,Not Month End,6/22/2019,,"insert into Date_Dimension values(20200622, '2020-6-22',1, 22, 539, 'Monday', 'Mon', 'Weekday', 26, 79, '2020-6-22', 20200622, 6, 18, 'June', 'Jun', 2, 2020, 202006, 12, 4, 2020, 'Not Month End', '2019-6-22')"
20200623,6/23/2020,2,23,540,Tuesday,Tue,Weekday,26,79,6/22/2020,20200622,6,18,June,Jun,2,2020,202006,12,4,2020,Not Month End,6/23/2019,,"insert into Date_Dimension values(20200623, '2020-6-23',2, 23, 540, 'Tuesday', 'Tue', 'Weekday', 26, 79, '2020-6-22', 20200622, 6, 18, 'June', 'Jun', 2, 2020, 202006, 12, 4, 2020, 'Not Month End', '2019-6-23')"
20200624,6/24/2020,3,24,541,Wednesday,Wed,Weekday,26,79,6/22/2020,20200622,6,18,June,Jun,2,2020,202006,12,4,2020,Not Month End,6/24/2019,,"insert into Date_Dimension values(20200624, '2020-6-24',3, 24, 541, 'Wednesday', 'Wed', 'Weekday', 26, 79, '2020-6-22', 20200622, 6, 18, 'June', 'Jun', 2, 2020, 202006, 12, 4, 2020, 'Not Month End', '2019-6-24')"
20200625,6/25/2020,4,25,542,Thursday,Thu,Weekday,26,79,6/22/2020,20200622,6,18,June,Jun,2,2020,202006,12,4,2020,Not Month End,6/25/2019,,"insert into Date_Dimension values(20200625, '2020-6-25',4, 25, 542, 'Thursday', 'Thu', 'Weekday', 26, 79, '2020-6-22', 20200622, 6, 18, 'June', 'Jun', 2, 2020, 202006, 12, 4, 2020, 'Not Month End', '2019-6-25')"
20200626,6/26/2020,5,26,543,Friday,Fri,Weekday,26,79,6/22/2020,20200622,6,18,June,Jun,2,2020,202006,12,4,2020,Not Month End,6/26/2019,,"insert into Date_Dimension values(20200626, '2020-6-26',5, 26, 543, 'Friday', 'Fri', 'Weekday', 26, 79, '2020-6-22', 20200622, 6, 18, 'June', 'Jun', 2, 2020, 202006, 12, 4, 2020, 'Not Month End', '2019-6-26')"
20200627,6/27/2020,6,27,544,Saturday,Sat,Weekend,26,79,6/22/2020,20200622,6,18,June,Jun,2,2020,202006,12,4,2020,Not Month End,6/27/2019,,"insert into Date_Dimension values(20200627, '2020-6-27',6, 27, 544, 'Saturday', 'Sat', 'Weekend', 26, 79, '2020-6-22', 20200622, 6, 18, 'June', 'Jun', 2, 2020, 202006, 12, 4, 2020, 'Not Month End', '2019-6-27')"
20200628,6/28/2020,7,28,545,Sunday,Sun,Weekend,26,79,6/22/2020,20200622,6,18,June,Jun,2,2020,202006,12,4,2020,Not Month End,6/28/2019,,"insert into Date_Dimension values(20200628, '2020-6-28',7, 28, 545, 'Sunday', 'Sun', 'Weekend', 26, 79, '2020-6-22', 20200622, 6, 18, 'June', 'Jun', 2, 2020, 202006, 12, 4, 2020, 'Not Month End', '2019-6-28')"
20200629,6/29/2020,1,29,546,Monday,Mon,Weekday,27,80,6/29/2020,20200629,6,18,June,Jun,2,2020,202006,12,4,2020,Not Month End,6/29/2019,,"insert into Date_Dimension values(20200629, '2020-6-29',1, 29, 546, 'Monday', 'Mon', 'Weekday', 27, 80, '2020-6-29', 20200629, 6, 18, 'June', 'Jun', 2, 2020, 202006, 12, 4, 2020, 'Not Month End', '2019-6-29')"
20200630,6/30/2020,2,30,547,Tuesday,Tue,Weekday,27,80,6/29/2020,20200629,6,18,June,Jun,2,2020,202006,12,4,2020,Month End,6/30/2019,,"insert into Date_Dimension values(20200630, '2020-6-30',2, 30, 547, 'Tuesday', 'Tue', 'Weekday', 27, 80, '2020-6-29', 20200629, 6, 18, 'June', 'Jun', 2, 2020, 202006, 12, 4, 2020, 'Month End', '2019-6-30')"
20200701,7/1/2020,3,1,548,Wednesday,Wed,Weekday,27,80,6/29/2020,20200629,7,19,July,Jul,3,2020,202007,1,1,2021,Not Month End,7/1/2019,,"insert into Date_Dimension values(20200701, '2020-7-1',3, 1, 548, 'Wednesday', 'Wed', 'Weekday', 27, 80, '2020-6-29', 20200629, 7, 19, 'July', 'Jul', 3, 2020, 202007, 1, 1, 2021, 'Not Month End', '2019-7-1')"
20200702,7/2/2020,4,2,549,Thursday,Thu,Weekday,27,80,6/29/2020,20200629,7,19,July,Jul,3,2020,202007,1,1,2021,Not Month End,7/2/2019,,"insert into Date_Dimension values(20200702, '2020-7-2',4, 2, 549, 'Thursday', 'Thu', 'Weekday', 27, 80, '2020-6-29', 20200629, 7, 19, 'July', 'Jul', 3, 2020, 202007, 1, 1, 2021, 'Not Month End', '2019-7-2')"
20200703,7/3/2020,5,3,550,Friday,Fri,Weekday,27,80,6/29/2020,20200629,7,19,July,Jul,3,2020,202007,1,1,2021,Not Month End,7/3/2019,,"insert into Date_Dimension values(20200703, '2020-7-3',5, 3, 550, 'Friday', 'Fri', 'Weekday', 27, 80, '2020-6-29', 20200629, 7, 19, 'July', 'Jul', 3, 2020, 202007, 1, 1, 2021, 'Not Month End', '2019-7-3')"
20200704,7/4/2020,6,4,551,Saturday,Sat,Weekend,27,80,6/29/2020,20200629,7,19,July,Jul,3,2020,202007,1,1,2021,Not Month End,7/4/2019,,"insert into Date_Dimension values(20200704, '2020-7-4',6, 4, 551, 'Saturday', 'Sat', 'Weekend', 27, 80, '2020-6-29', 20200629, 7, 19, 'July', 'Jul', 3, 2020, 202007, 1, 1, 2021, 'Not Month End', '2019-7-4')"
20200705,7/5/2020,7,5,552,Sunday,Sun,Weekend,27,80,6/29/2020,20200629,7,19,July,Jul,3,2020,202007,1,1,2021,Not Month End,7/5/2019,,"insert into Date_Dimension values(20200705, '2020-7-5',7, 5, 552, 'Sunday', 'Sun', 'Weekend', 27, 80, '2020-6-29', 20200629, 7, 19, 'July', 'Jul', 3, 2020, 202007, 1, 1, 2021, 'Not Month End', '2019-7-5')"
20200706,7/6/2020,1,6,553,Monday,Mon,Weekday,28,81,7/6/2020,20200706,7,19,July,Jul,3,2020,202007,1,1,2021,Not Month End,7/6/2019,,"insert into Date_Dimension values(20200706, '2020-7-6',1, 6, 553, 'Monday', 'Mon', 'Weekday', 28, 81, '2020-7-6', 20200706, 7, 19, 'July', 'Jul', 3, 2020, 202007, 1, 1, 2021, 'Not Month End', '2019-7-6')"
20200707,7/7/2020,2,7,554,Tuesday,Tue,Weekday,28,81,7/6/2020,20200706,7,19,July,Jul,3,2020,202007,1,1,2021,Not Month End,7/7/2019,,"insert into Date_Dimension values(20200707, '2020-7-7',2, 7, 554, 'Tuesday', 'Tue', 'Weekday', 28, 81, '2020-7-6', 20200706, 7, 19, 'July', 'Jul', 3, 2020, 202007, 1, 1, 2021, 'Not Month End', '2019-7-7')"
20200708,7/8/2020,3,8,555,Wednesday,Wed,Weekday,28,81,7/6/2020,20200706,7,19,July,Jul,3,2020,202007,1,1,2021,Not Month End,7/8/2019,,"insert into Date_Dimension values(20200708, '2020-7-8',3, 8, 555, 'Wednesday', 'Wed', 'Weekday', 28, 81, '2020-7-6', 20200706, 7, 19, 'July', 'Jul', 3, 2020, 202007, 1, 1, 2021, 'Not Month End', '2019-7-8')"
20200709,7/9/2020,4,9,556,Thursday,Thu,Weekday,28,81,7/6/2020,20200706,7,19,July,Jul,3,2020,202007,1,1,2021,Not Month End,7/9/2019,,"insert into Date_Dimension values(20200709, '2020-7-9',4, 9, 556, 'Thursday', 'Thu', 'Weekday', 28, 81, '2020-7-6', 20200706, 7, 19, 'July', 'Jul', 3, 2020, 202007, 1, 1, 2021, 'Not Month End', '2019-7-9')"
20200710,7/10/2020,5,10,557,Friday,Fri,Weekday,28,81,7/6/2020,20200706,7,19,July,Jul,3,2020,202007,1,1,2021,Not Month End,7/10/2019,,"insert into Date_Dimension values(20200710, '2020-7-10',5, 10, 557, 'Friday', 'Fri', 'Weekday', 28, 81, '2020-7-6', 20200706, 7, 19, 'July', 'Jul', 3, 2020, 202007, 1, 1, 2021, 'Not Month End', '2019-7-10')"
20200711,7/11/2020,6,11,558,Saturday,Sat,Weekend,28,81,7/6/2020,20200706,7,19,July,Jul,3,2020,202007,1,1,2021,Not Month End,7/11/2019,,"insert into Date_Dimension values(20200711, '2020-7-11',6, 11, 558, 'Saturday', 'Sat', 'Weekend', 28, 81, '2020-7-6', 20200706, 7, 19, 'July', 'Jul', 3, 2020, 202007, 1, 1, 2021, 'Not Month End', '2019-7-11')"
20200712,7/12/2020,7,12,559,Sunday,Sun,Weekend,28,81,7/6/2020,20200706,7,19,July,Jul,3,2020,202007,1,1,2021,Not Month End,7/12/2019,,"insert into Date_Dimension values(20200712, '2020-7-12',7, 12, 559, 'Sunday', 'Sun', 'Weekend', 28, 81, '2020-7-6', 20200706, 7, 19, 'July', 'Jul', 3, 2020, 202007, 1, 1, 2021, 'Not Month End', '2019-7-12')"
20200713,7/13/2020,1,13,560,Monday,Mon,Weekday,29,82,7/13/2020,20200713,7,19,July,Jul,3,2020,202007,1,1,2021,Not Month End,7/13/2019,,"insert into Date_Dimension values(20200713, '2020-7-13',1, 13, 560, 'Monday', 'Mon', 'Weekday', 29, 82, '2020-7-13', 20200713, 7, 19, 'July', 'Jul', 3, 2020, 202007, 1, 1, 2021, 'Not Month End', '2019-7-13')"
20200714,7/14/2020,2,14,561,Tuesday,Tue,Weekday,29,82,7/13/2020,20200713,7,19,July,Jul,3,2020,202007,1,1,2021,Not Month End,7/14/2019,,"insert into Date_Dimension values(20200714, '2020-7-14',2, 14, 561, 'Tuesday', 'Tue', 'Weekday', 29, 82, '2020-7-13', 20200713, 7, 19, 'July', 'Jul', 3, 2020, 202007, 1, 1, 2021, 'Not Month End', '2019-7-14')"
20200715,7/15/2020,3,15,562,Wednesday,Wed,Weekday,29,82,7/13/2020,20200713,7,19,July,Jul,3,2020,202007,1,1,2021,Not Month End,7/15/2019,,"insert into Date_Dimension values(20200715, '2020-7-15',3, 15, 562, 'Wednesday', 'Wed', 'Weekday', 29, 82, '2020-7-13', 20200713, 7, 19, 'July', 'Jul', 3, 2020, 202007, 1, 1, 2021, 'Not Month End', '2019-7-15')"
20200716,7/16/2020,4,16,563,Thursday,Thu,Weekday,29,82,7/13/2020,20200713,7,19,July,Jul,3,2020,202007,1,1,2021,Not Month End,7/16/2019,,"insert into Date_Dimension values(20200716, '2020-7-16',4, 16, 563, 'Thursday', 'Thu', 'Weekday', 29, 82, '2020-7-13', 20200713, 7, 19, 'July', 'Jul', 3, 2020, 202007, 1, 1, 2021, 'Not Month End', '2019-7-16')"
20200717,7/17/2020,5,17,564,Friday,Fri,Weekday,29,82,7/13/2020,20200713,7,19,July,Jul,3,2020,202007,1,1,2021,Not Month End,7/17/2019,,"insert into Date_Dimension values(20200717, '2020-7-17',5, 17, 564, 'Friday', 'Fri', 'Weekday', 29, 82, '2020-7-13', 20200713, 7, 19, 'July', 'Jul', 3, 2020, 202007, 1, 1, 2021, 'Not Month End', '2019-7-17')"
20200718,7/18/2020,6,18,565,Saturday,Sat,Weekend,29,82,7/13/2020,20200713,7,19,July,Jul,3,2020,202007,1,1,2021,Not Month End,7/18/2019,,"insert into Date_Dimension values(20200718, '2020-7-18',6, 18, 565, 'Saturday', 'Sat', 'Weekend', 29, 82, '2020-7-13', 20200713, 7, 19, 'July', 'Jul', 3, 2020, 202007, 1, 1, 2021, 'Not Month End', '2019-7-18')"
20200719,7/19/2020,7,19,566,Sunday,Sun,Weekend,29,82,7/13/2020,20200713,7,19,July,Jul,3,2020,202007,1,1,2021,Not Month End,7/19/2019,,"insert into Date_Dimension values(20200719, '2020-7-19',7, 19, 566, 'Sunday', 'Sun', 'Weekend', 29, 82, '2020-7-13', 20200713, 7, 19, 'July', 'Jul', 3, 2020, 202007, 1, 1, 2021, 'Not Month End', '2019-7-19')"
20200720,7/20/2020,1,20,567,Monday,Mon,Weekday,30,83,7/20/2020,20200720,7,19,July,Jul,3,2020,202007,1,1,2021,Not Month End,7/20/2019,,"insert into Date_Dimension values(20200720, '2020-7-20',1, 20, 567, 'Monday', 'Mon', 'Weekday', 30, 83, '2020-7-20', 20200720, 7, 19, 'July', 'Jul', 3, 2020, 202007, 1, 1, 2021, 'Not Month End', '2019-7-20')"
20200721,7/21/2020,2,21,568,Tuesday,Tue,Weekday,30,83,7/20/2020,20200720,7,19,July,Jul,3,2020,202007,1,1,2021,Not Month End,7/21/2019,,"insert into Date_Dimension values(20200721, '2020-7-21',2, 21, 568, 'Tuesday', 'Tue', 'Weekday', 30, 83, '2020-7-20', 20200720, 7, 19, 'July', 'Jul', 3, 2020, 202007, 1, 1, 2021, 'Not Month End', '2019-7-21')"
20200722,7/22/2020,3,22,569,Wednesday,Wed,Weekday,30,83,7/20/2020,20200720,7,19,July,Jul,3,2020,202007,1,1,2021,Not Month End,7/22/2019,,"insert into Date_Dimension values(20200722, '2020-7-22',3, 22, 569, 'Wednesday', 'Wed', 'Weekday', 30, 83, '2020-7-20', 20200720, 7, 19, 'July', 'Jul', 3, 2020, 202007, 1, 1, 2021, 'Not Month End', '2019-7-22')"
20200723,7/23/2020,4,23,570,Thursday,Thu,Weekday,30,83,7/20/2020,20200720,7,19,July,Jul,3,2020,202007,1,1,2021,Not Month End,7/23/2019,,"insert into Date_Dimension values(20200723, '2020-7-23',4, 23, 570, 'Thursday', 'Thu', 'Weekday', 30, 83, '2020-7-20', 20200720, 7, 19, 'July', 'Jul', 3, 2020, 202007, 1, 1, 2021, 'Not Month End', '2019-7-23')"
20200724,7/24/2020,5,24,571,Friday,Fri,Weekday,30,83,7/20/2020,20200720,7,19,July,Jul,3,2020,202007,1,1,2021,Not Month End,7/24/2019,,"insert into Date_Dimension values(20200724, '2020-7-24',5, 24, 571, 'Friday', 'Fri', 'Weekday', 30, 83, '2020-7-20', 20200720, 7, 19, 'July', 'Jul', 3, 2020, 202007, 1, 1, 2021, 'Not Month End', '2019-7-24')"
20200725,7/25/2020,6,25,572,Saturday,Sat,Weekend,30,83,7/20/2020,20200720,7,19,July,Jul,3,2020,202007,1,1,2021,Not Month End,7/25/2019,,"insert into Date_Dimension values(20200725, '2020-7-25',6, 25, 572, 'Saturday', 'Sat', 'Weekend', 30, 83, '2020-7-20', 20200720, 7, 19, 'July', 'Jul', 3, 2020, 202007, 1, 1, 2021, 'Not Month End', '2019-7-25')"
20200726,7/26/2020,7,26,573,Sunday,Sun,Weekend,30,83,7/20/2020,20200720,7,19,July,Jul,3,2020,202007,1,1,2021,Not Month End,7/26/2019,,"insert into Date_Dimension values(20200726, '2020-7-26',7, 26, 573, 'Sunday', 'Sun', 'Weekend', 30, 83, '2020-7-20', 20200720, 7, 19, 'July', 'Jul', 3, 2020, 202007, 1, 1, 2021, 'Not Month End', '2019-7-26')"
20200727,7/27/2020,1,27,574,Monday,Mon,Weekday,31,84,7/27/2020,20200727,7,19,July,Jul,3,2020,202007,1,1,2021,Not Month End,7/27/2019,,"insert into Date_Dimension values(20200727, '2020-7-27',1, 27, 574, 'Monday', 'Mon', 'Weekday', 31, 84, '2020-7-27', 20200727, 7, 19, 'July', 'Jul', 3, 2020, 202007, 1, 1, 2021, 'Not Month End', '2019-7-27')"
20200728,7/28/2020,2,28,575,Tuesday,Tue,Weekday,31,84,7/27/2020,20200727,7,19,July,Jul,3,2020,202007,1,1,2021,Not Month End,7/28/2019,,"insert into Date_Dimension values(20200728, '2020-7-28',2, 28, 575, 'Tuesday', 'Tue', 'Weekday', 31, 84, '2020-7-27', 20200727, 7, 19, 'July', 'Jul', 3, 2020, 202007, 1, 1, 2021, 'Not Month End', '2019-7-28')"
20200729,7/29/2020,3,29,576,Wednesday,Wed,Weekday,31,84,7/27/2020,20200727,7,19,July,Jul,3,2020,202007,1,1,2021,Not Month End,7/29/2019,,"insert into Date_Dimension values(20200729, '2020-7-29',3, 29, 576, 'Wednesday', 'Wed', 'Weekday', 31, 84, '2020-7-27', 20200727, 7, 19, 'July', 'Jul', 3, 2020, 202007, 1, 1, 2021, 'Not Month End', '2019-7-29')"
20200730,7/30/2020,4,30,577,Thursday,Thu,Weekday,31,84,7/27/2020,20200727,7,19,July,Jul,3,2020,202007,1,1,2021,Not Month End,7/30/2019,,"insert into Date_Dimension values(20200730, '2020-7-30',4, 30, 577, 'Thursday', 'Thu', 'Weekday', 31, 84, '2020-7-27', 20200727, 7, 19, 'July', 'Jul', 3, 2020, 202007, 1, 1, 2021, 'Not Month End', '2019-7-30')"
20200731,7/31/2020,5,31,578,Friday,Fri,Weekday,31,84,7/27/2020,20200727,7,19,July,Jul,3,2020,202007,1,1,2021,Month End,7/31/2019,,"insert into Date_Dimension values(20200731, '2020-7-31',5, 31, 578, 'Friday', 'Fri', 'Weekday', 31, 84, '2020-7-27', 20200727, 7, 19, 'July', 'Jul', 3, 2020, 202007, 1, 1, 2021, 'Month End', '2019-7-31')"
20200801,8/1/2020,6,1,579,Saturday,Sat,Weekend,31,84,7/27/2020,20200727,8,20,August,Aug,3,2020,202008,2,1,2021,Not Month End,8/1/2019,,"insert into Date_Dimension values(20200801, '2020-8-1',6, 1, 579, 'Saturday', 'Sat', 'Weekend', 31, 84, '2020-7-27', 20200727, 8, 20, 'August', 'Aug', 3, 2020, 202008, 2, 1, 2021, 'Not Month End', '2019-8-1')"
20200802,8/2/2020,7,2,580,Sunday,Sun,Weekend,31,84,7/27/2020,20200727,8,20,August,Aug,3,2020,202008,2,1,2021,Not Month End,8/2/2019,,"insert into Date_Dimension values(20200802, '2020-8-2',7, 2, 580, 'Sunday', 'Sun', 'Weekend', 31, 84, '2020-7-27', 20200727, 8, 20, 'August', 'Aug', 3, 2020, 202008, 2, 1, 2021, 'Not Month End', '2019-8-2')"
20200803,8/3/2020,1,3,581,Monday,Mon,Weekday,32,85,8/3/2020,20200803,8,20,August,Aug,3,2020,202008,2,1,2021,Not Month End,8/3/2019,,"insert into Date_Dimension values(20200803, '2020-8-3',1, 3, 581, 'Monday', 'Mon', 'Weekday', 32, 85, '2020-8-3', 20200803, 8, 20, 'August', 'Aug', 3, 2020, 202008, 2, 1, 2021, 'Not Month End', '2019-8-3')"
20200804,8/4/2020,2,4,582,Tuesday,Tue,Weekday,32,85,8/3/2020,20200803,8,20,August,Aug,3,2020,202008,2,1,2021,Not Month End,8/4/2019,,"insert into Date_Dimension values(20200804, '2020-8-4',2, 4, 582, 'Tuesday', 'Tue', 'Weekday', 32, 85, '2020-8-3', 20200803, 8, 20, 'August', 'Aug', 3, 2020, 202008, 2, 1, 2021, 'Not Month End', '2019-8-4')"
20200805,8/5/2020,3,5,583,Wednesday,Wed,Weekday,32,85,8/3/2020,20200803,8,20,August,Aug,3,2020,202008,2,1,2021,Not Month End,8/5/2019,,"insert into Date_Dimension values(20200805, '2020-8-5',3, 5, 583, 'Wednesday', 'Wed', 'Weekday', 32, 85, '2020-8-3', 20200803, 8, 20, 'August', 'Aug', 3, 2020, 202008, 2, 1, 2021, 'Not Month End', '2019-8-5')"
20200806,8/6/2020,4,6,584,Thursday,Thu,Weekday,32,85,8/3/2020,20200803,8,20,August,Aug,3,2020,202008,2,1,2021,Not Month End,8/6/2019,,"insert into Date_Dimension values(20200806, '2020-8-6',4, 6, 584, 'Thursday', 'Thu', 'Weekday', 32, 85, '2020-8-3', 20200803, 8, 20, 'August', 'Aug', 3, 2020, 202008, 2, 1, 2021, 'Not Month End', '2019-8-6')"
20200807,8/7/2020,5,7,585,Friday,Fri,Weekday,32,85,8/3/2020,20200803,8,20,August,Aug,3,2020,202008,2,1,2021,Not Month End,8/7/2019,,"insert into Date_Dimension values(20200807, '2020-8-7',5, 7, 585, 'Friday', 'Fri', 'Weekday', 32, 85, '2020-8-3', 20200803, 8, 20, 'August', 'Aug', 3, 2020, 202008, 2, 1, 2021, 'Not Month End', '2019-8-7')"
20200808,8/8/2020,6,8,586,Saturday,Sat,Weekend,32,85,8/3/2020,20200803,8,20,August,Aug,3,2020,202008,2,1,2021,Not Month End,8/8/2019,,"insert into Date_Dimension values(20200808, '2020-8-8',6, 8, 586, 'Saturday', 'Sat', 'Weekend', 32, 85, '2020-8-3', 20200803, 8, 20, 'August', 'Aug', 3, 2020, 202008, 2, 1, 2021, 'Not Month End', '2019-8-8')"
20200809,8/9/2020,7,9,587,Sunday,Sun,Weekend,32,85,8/3/2020,20200803,8,20,August,Aug,3,2020,202008,2,1,2021,Not Month End,8/9/2019,,"insert into Date_Dimension values(20200809, '2020-8-9',7, 9, 587, 'Sunday', 'Sun', 'Weekend', 32, 85, '2020-8-3', 20200803, 8, 20, 'August', 'Aug', 3, 2020, 202008, 2, 1, 2021, 'Not Month End', '2019-8-9')"
20200810,8/10/2020,1,10,588,Monday,Mon,Weekday,33,86,8/10/2020,20200810,8,20,August,Aug,3,2020,202008,2,1,2021,Not Month End,8/10/2019,,"insert into Date_Dimension values(20200810, '2020-8-10',1, 10, 588, 'Monday', 'Mon', 'Weekday', 33, 86, '2020-8-10', 20200810, 8, 20, 'August', 'Aug', 3, 2020, 202008, 2, 1, 2021, 'Not Month End', '2019-8-10')"
20200811,8/11/2020,2,11,589,Tuesday,Tue,Weekday,33,86,8/10/2020,20200810,8,20,August,Aug,3,2020,202008,2,1,2021,Not Month End,8/11/2019,,"insert into Date_Dimension values(20200811, '2020-8-11',2, 11, 589, 'Tuesday', 'Tue', 'Weekday', 33, 86, '2020-8-10', 20200810, 8, 20, 'August', 'Aug', 3, 2020, 202008, 2, 1, 2021, 'Not Month End', '2019-8-11')"
20200812,8/12/2020,3,12,590,Wednesday,Wed,Weekday,33,86,8/10/2020,20200810,8,20,August,Aug,3,2020,202008,2,1,2021,Not Month End,8/12/2019,,"insert into Date_Dimension values(20200812, '2020-8-12',3, 12, 590, 'Wednesday', 'Wed', 'Weekday', 33, 86, '2020-8-10', 20200810, 8, 20, 'August', 'Aug', 3, 2020, 202008, 2, 1, 2021, 'Not Month End', '2019-8-12')"
20200813,8/13/2020,4,13,591,Thursday,Thu,Weekday,33,86,8/10/2020,20200810,8,20,August,Aug,3,2020,202008,2,1,2021,Not Month End,8/13/2019,,"insert into Date_Dimension values(20200813, '2020-8-13',4, 13, 591, 'Thursday', 'Thu', 'Weekday', 33, 86, '2020-8-10', 20200810, 8, 20, 'August', 'Aug', 3, 2020, 202008, 2, 1, 2021, 'Not Month End', '2019-8-13')"
20200814,8/14/2020,5,14,592,Friday,Fri,Weekday,33,86,8/10/2020,20200810,8,20,August,Aug,3,2020,202008,2,1,2021,Not Month End,8/14/2019,,"insert into Date_Dimension values(20200814, '2020-8-14',5, 14, 592, 'Friday', 'Fri', 'Weekday', 33, 86, '2020-8-10', 20200810, 8, 20, 'August', 'Aug', 3, 2020, 202008, 2, 1, 2021, 'Not Month End', '2019-8-14')"
20200815,8/15/2020,6,15,593,Saturday,Sat,Weekend,33,86,8/10/2020,20200810,8,20,August,Aug,3,2020,202008,2,1,2021,Not Month End,8/15/2019,,"insert into Date_Dimension values(20200815, '2020-8-15',6, 15, 593, 'Saturday', 'Sat', 'Weekend', 33, 86, '2020-8-10', 20200810, 8, 20, 'August', 'Aug', 3, 2020, 202008, 2, 1, 2021, 'Not Month End', '2019-8-15')"
20200816,8/16/2020,7,16,594,Sunday,Sun,Weekend,33,86,8/10/2020,20200810,8,20,August,Aug,3,2020,202008,2,1,2021,Not Month End,8/16/2019,,"insert into Date_Dimension values(20200816, '2020-8-16',7, 16, 594, 'Sunday', 'Sun', 'Weekend', 33, 86, '2020-8-10', 20200810, 8, 20, 'August', 'Aug', 3, 2020, 202008, 2, 1, 2021, 'Not Month End', '2019-8-16')"
20200817,8/17/2020,1,17,595,Monday,Mon,Weekday,34,87,8/17/2020,20200817,8,20,August,Aug,3,2020,202008,2,1,2021,Not Month End,8/17/2019,,"insert into Date_Dimension values(20200817, '2020-8-17',1, 17, 595, 'Monday', 'Mon', 'Weekday', 34, 87, '2020-8-17', 20200817, 8, 20, 'August', 'Aug', 3, 2020, 202008, 2, 1, 2021, 'Not Month End', '2019-8-17')"
20200818,8/18/2020,2,18,596,Tuesday,Tue,Weekday,34,87,8/17/2020,20200817,8,20,August,Aug,3,2020,202008,2,1,2021,Not Month End,8/18/2019,,"insert into Date_Dimension values(20200818, '2020-8-18',2, 18, 596, 'Tuesday', 'Tue', 'Weekday', 34, 87, '2020-8-17', 20200817, 8, 20, 'August', 'Aug', 3, 2020, 202008, 2, 1, 2021, 'Not Month End', '2019-8-18')"
20200819,8/19/2020,3,19,597,Wednesday,Wed,Weekday,34,87,8/17/2020,20200817,8,20,August,Aug,3,2020,202008,2,1,2021,Not Month End,8/19/2019,,"insert into Date_Dimension values(20200819, '2020-8-19',3, 19, 597, 'Wednesday', 'Wed', 'Weekday', 34, 87, '2020-8-17', 20200817, 8, 20, 'August', 'Aug', 3, 2020, 202008, 2, 1, 2021, 'Not Month End', '2019-8-19')"
20200820,8/20/2020,4,20,598,Thursday,Thu,Weekday,34,87,8/17/2020,20200817,8,20,August,Aug,3,2020,202008,2,1,2021,Not Month End,8/20/2019,,"insert into Date_Dimension values(20200820, '2020-8-20',4, 20, 598, 'Thursday', 'Thu', 'Weekday', 34, 87, '2020-8-17', 20200817, 8, 20, 'August', 'Aug', 3, 2020, 202008, 2, 1, 2021, 'Not Month End', '2019-8-20')"
20200821,8/21/2020,5,21,599,Friday,Fri,Weekday,34,87,8/17/2020,20200817,8,20,August,Aug,3,2020,202008,2,1,2021,Not Month End,8/21/2019,,"insert into Date_Dimension values(20200821, '2020-8-21',5, 21, 599, 'Friday', 'Fri', 'Weekday', 34, 87, '2020-8-17', 20200817, 8, 20, 'August', 'Aug', 3, 2020, 202008, 2, 1, 2021, 'Not Month End', '2019-8-21')"
20200822,8/22/2020,6,22,600,Saturday,Sat,Weekend,34,87,8/17/2020,20200817,8,20,August,Aug,3,2020,202008,2,1,2021,Not Month End,8/22/2019,,"insert into Date_Dimension values(20200822, '2020-8-22',6, 22, 600, 'Saturday', 'Sat', 'Weekend', 34, 87, '2020-8-17', 20200817, 8, 20, 'August', 'Aug', 3, 2020, 202008, 2, 1, 2021, 'Not Month End', '2019-8-22')"
20200823,8/23/2020,7,23,601,Sunday,Sun,Weekend,34,87,8/17/2020,20200817,8,20,August,Aug,3,2020,202008,2,1,2021,Not Month End,8/23/2019,,"insert into Date_Dimension values(20200823, '2020-8-23',7, 23, 601, 'Sunday', 'Sun', 'Weekend', 34, 87, '2020-8-17', 20200817, 8, 20, 'August', 'Aug', 3, 2020, 202008, 2, 1, 2021, 'Not Month End', '2019-8-23')"
20200824,8/24/2020,1,24,602,Monday,Mon,Weekday,35,88,8/24/2020,20200824,8,20,August,Aug,3,2020,202008,2,1,2021,Not Month End,8/24/2019,,"insert into Date_Dimension values(20200824, '2020-8-24',1, 24, 602, 'Monday', 'Mon', 'Weekday', 35, 88, '2020-8-24', 20200824, 8, 20, 'August', 'Aug', 3, 2020, 202008, 2, 1, 2021, 'Not Month End', '2019-8-24')"
20200825,8/25/2020,2,25,603,Tuesday,Tue,Weekday,35,88,8/24/2020,20200824,8,20,August,Aug,3,2020,202008,2,1,2021,Not Month End,8/25/2019,,"insert into Date_Dimension values(20200825, '2020-8-25',2, 25, 603, 'Tuesday', 'Tue', 'Weekday', 35, 88, '2020-8-24', 20200824, 8, 20, 'August', 'Aug', 3, 2020, 202008, 2, 1, 2021, 'Not Month End', '2019-8-25')"
20200826,8/26/2020,3,26,604,Wednesday,Wed,Weekday,35,88,8/24/2020,20200824,8,20,August,Aug,3,2020,202008,2,1,2021,Not Month End,8/26/2019,,"insert into Date_Dimension values(20200826, '2020-8-26',3, 26, 604, 'Wednesday', 'Wed', 'Weekday', 35, 88, '2020-8-24', 20200824, 8, 20, 'August', 'Aug', 3, 2020, 202008, 2, 1, 2021, 'Not Month End', '2019-8-26')"
20200827,8/27/2020,4,27,605,Thursday,Thu,Weekday,35,88,8/24/2020,20200824,8,20,August,Aug,3,2020,202008,2,1,2021,Not Month End,8/27/2019,,"insert into Date_Dimension values(20200827, '2020-8-27',4, 27, 605, 'Thursday', 'Thu', 'Weekday', 35, 88, '2020-8-24', 20200824, 8, 20, 'August', 'Aug', 3, 2020, 202008, 2, 1, 2021, 'Not Month End', '2019-8-27')"
20200828,8/28/2020,5,28,606,Friday,Fri,Weekday,35,88,8/24/2020,20200824,8,20,August,Aug,3,2020,202008,2,1,2021,Not Month End,8/28/2019,,"insert into Date_Dimension values(20200828, '2020-8-28',5, 28, 606, 'Friday', 'Fri', 'Weekday', 35, 88, '2020-8-24', 20200824, 8, 20, 'August', 'Aug', 3, 2020, 202008, 2, 1, 2021, 'Not Month End', '2019-8-28')"
20200829,8/29/2020,6,29,607,Saturday,Sat,Weekend,35,88,8/24/2020,20200824,8,20,August,Aug,3,2020,202008,2,1,2021,Not Month End,8/29/2019,,"insert into Date_Dimension values(20200829, '2020-8-29',6, 29, 607, 'Saturday', 'Sat', 'Weekend', 35, 88, '2020-8-24', 20200824, 8, 20, 'August', 'Aug', 3, 2020, 202008, 2, 1, 2021, 'Not Month End', '2019-8-29')"
20200830,8/30/2020,7,30,608,Sunday,Sun,Weekend,35,88,8/24/2020,20200824,8,20,August,Aug,3,2020,202008,2,1,2021,Not Month End,8/30/2019,,"insert into Date_Dimension values(20200830, '2020-8-30',7, 30, 608, 'Sunday', 'Sun', 'Weekend', 35, 88, '2020-8-24', 20200824, 8, 20, 'August', 'Aug', 3, 2020, 202008, 2, 1, 2021, 'Not Month End', '2019-8-30')"
20200831,8/31/2020,1,31,609,Monday,Mon,Weekday,36,89,8/31/2020,20200831,8,20,August,Aug,3,2020,202008,2,1,2021,Month End,8/31/2019,,"insert into Date_Dimension values(20200831, '2020-8-31',1, 31, 609, 'Monday', 'Mon', 'Weekday', 36, 89, '2020-8-31', 20200831, 8, 20, 'August', 'Aug', 3, 2020, 202008, 2, 1, 2021, 'Month End', '2019-8-31')"
20200901,9/1/2020,2,1,610,Tuesday,Tue,Weekday,36,89,8/31/2020,20200831,9,21,September,Sep,3,2020,202009,3,1,2021,Not Month End,9/1/2019,,"insert into Date_Dimension values(20200901, '2020-9-1',2, 1, 610, 'Tuesday', 'Tue', 'Weekday', 36, 89, '2020-8-31', 20200831, 9, 21, 'September', 'Sep', 3, 2020, 202009, 3, 1, 2021, 'Not Month End', '2019-9-1')"
20200902,9/2/2020,3,2,611,Wednesday,Wed,Weekday,36,89,8/31/2020,20200831,9,21,September,Sep,3,2020,202009,3,1,2021,Not Month End,9/2/2019,,"insert into Date_Dimension values(20200902, '2020-9-2',3, 2, 611, 'Wednesday', 'Wed', 'Weekday', 36, 89, '2020-8-31', 20200831, 9, 21, 'September', 'Sep', 3, 2020, 202009, 3, 1, 2021, 'Not Month End', '2019-9-2')"
20200903,9/3/2020,4,3,612,Thursday,Thu,Weekday,36,89,8/31/2020,20200831,9,21,September,Sep,3,2020,202009,3,1,2021,Not Month End,9/3/2019,,"insert into Date_Dimension values(20200903, '2020-9-3',4, 3, 612, 'Thursday', 'Thu', 'Weekday', 36, 89, '2020-8-31', 20200831, 9, 21, 'September', 'Sep', 3, 2020, 202009, 3, 1, 2021, 'Not Month End', '2019-9-3')"
20200904,9/4/2020,5,4,613,Friday,Fri,Weekday,36,89,8/31/2020,20200831,9,21,September,Sep,3,2020,202009,3,1,2021,Not Month End,9/4/2019,,"insert into Date_Dimension values(20200904, '2020-9-4',5, 4, 613, 'Friday', 'Fri', 'Weekday', 36, 89, '2020-8-31', 20200831, 9, 21, 'September', 'Sep', 3, 2020, 202009, 3, 1, 2021, 'Not Month End', '2019-9-4')"
20200905,9/5/2020,6,5,614,Saturday,Sat,Weekend,36,89,8/31/2020,20200831,9,21,September,Sep,3,2020,202009,3,1,2021,Not Month End,9/5/2019,,"insert into Date_Dimension values(20200905, '2020-9-5',6, 5, 614, 'Saturday', 'Sat', 'Weekend', 36, 89, '2020-8-31', 20200831, 9, 21, 'September', 'Sep', 3, 2020, 202009, 3, 1, 2021, 'Not Month End', '2019-9-5')"
20200906,9/6/2020,7,6,615,Sunday,Sun,Weekend,36,89,8/31/2020,20200831,9,21,September,Sep,3,2020,202009,3,1,2021,Not Month End,9/6/2019,,"insert into Date_Dimension values(20200906, '2020-9-6',7, 6, 615, 'Sunday', 'Sun', 'Weekend', 36, 89, '2020-8-31', 20200831, 9, 21, 'September', 'Sep', 3, 2020, 202009, 3, 1, 2021, 'Not Month End', '2019-9-6')"
20200907,9/7/2020,1,7,616,Monday,Mon,Weekday,37,90,9/7/2020,20200907,9,21,September,Sep,3,2020,202009,3,1,2021,Not Month End,9/7/2019,,"insert into Date_Dimension values(20200907, '2020-9-7',1, 7, 616, 'Monday', 'Mon', 'Weekday', 37, 90, '2020-9-7', 20200907, 9, 21, 'September', 'Sep', 3, 2020, 202009, 3, 1, 2021, 'Not Month End', '2019-9-7')"
20200908,9/8/2020,2,8,617,Tuesday,Tue,Weekday,37,90,9/7/2020,20200907,9,21,September,Sep,3,2020,202009,3,1,2021,Not Month End,9/8/2019,,"insert into Date_Dimension values(20200908, '2020-9-8',2, 8, 617, 'Tuesday', 'Tue', 'Weekday', 37, 90, '2020-9-7', 20200907, 9, 21, 'September', 'Sep', 3, 2020, 202009, 3, 1, 2021, 'Not Month End', '2019-9-8')"
20200909,9/9/2020,3,9,618,Wednesday,Wed,Weekday,37,90,9/7/2020,20200907,9,21,September,Sep,3,2020,202009,3,1,2021,Not Month End,9/9/2019,,"insert into Date_Dimension values(20200909, '2020-9-9',3, 9, 618, 'Wednesday', 'Wed', 'Weekday', 37, 90, '2020-9-7', 20200907, 9, 21, 'September', 'Sep', 3, 2020, 202009, 3, 1, 2021, 'Not Month End', '2019-9-9')"
20200910,9/10/2020,4,10,619,Thursday,Thu,Weekday,37,90,9/7/2020,20200907,9,21,September,Sep,3,2020,202009,3,1,2021,Not Month End,9/10/2019,,"insert into Date_Dimension values(20200910, '2020-9-10',4, 10, 619, 'Thursday', 'Thu', 'Weekday', 37, 90, '2020-9-7', 20200907, 9, 21, 'September', 'Sep', 3, 2020, 202009, 3, 1, 2021, 'Not Month End', '2019-9-10')"
20200911,9/11/2020,5,11,620,Friday,Fri,Weekday,37,90,9/7/2020,20200907,9,21,September,Sep,3,2020,202009,3,1,2021,Not Month End,9/11/2019,,"insert into Date_Dimension values(20200911, '2020-9-11',5, 11, 620, 'Friday', 'Fri', 'Weekday', 37, 90, '2020-9-7', 20200907, 9, 21, 'September', 'Sep', 3, 2020, 202009, 3, 1, 2021, 'Not Month End', '2019-9-11')"
20200912,9/12/2020,6,12,621,Saturday,Sat,Weekend,37,90,9/7/2020,20200907,9,21,September,Sep,3,2020,202009,3,1,2021,Not Month End,9/12/2019,,"insert into Date_Dimension values(20200912, '2020-9-12',6, 12, 621, 'Saturday', 'Sat', 'Weekend', 37, 90, '2020-9-7', 20200907, 9, 21, 'September', 'Sep', 3, 2020, 202009, 3, 1, 2021, 'Not Month End', '2019-9-12')"
20200913,9/13/2020,7,13,622,Sunday,Sun,Weekend,37,90,9/7/2020,20200907,9,21,September,Sep,3,2020,202009,3,1,2021,Not Month End,9/13/2019,,"insert into Date_Dimension values(20200913, '2020-9-13',7, 13, 622, 'Sunday', 'Sun', 'Weekend', 37, 90, '2020-9-7', 20200907, 9, 21, 'September', 'Sep', 3, 2020, 202009, 3, 1, 2021, 'Not Month End', '2019-9-13')"
20200914,9/14/2020,1,14,623,Monday,Mon,Weekday,38,91,9/14/2020,20200914,9,21,September,Sep,3,2020,202009,3,1,2021,Not Month End,9/14/2019,,"insert into Date_Dimension values(20200914, '2020-9-14',1, 14, 623, 'Monday', 'Mon', 'Weekday', 38, 91, '2020-9-14', 20200914, 9, 21, 'September', 'Sep', 3, 2020, 202009, 3, 1, 2021, 'Not Month End', '2019-9-14')"
20200915,9/15/2020,2,15,624,Tuesday,Tue,Weekday,38,91,9/14/2020,20200914,9,21,September,Sep,3,2020,202009,3,1,2021,Not Month End,9/15/2019,,"insert into Date_Dimension values(20200915, '2020-9-15',2, 15, 624, 'Tuesday', 'Tue', 'Weekday', 38, 91, '2020-9-14', 20200914, 9, 21, 'September', 'Sep', 3, 2020, 202009, 3, 1, 2021, 'Not Month End', '2019-9-15')"
20200916,9/16/2020,3,16,625,Wednesday,Wed,Weekday,38,91,9/14/2020,20200914,9,21,September,Sep,3,2020,202009,3,1,2021,Not Month End,9/16/2019,,"insert into Date_Dimension values(20200916, '2020-9-16',3, 16, 625, 'Wednesday', 'Wed', 'Weekday', 38, 91, '2020-9-14', 20200914, 9, 21, 'September', 'Sep', 3, 2020, 202009, 3, 1, 2021, 'Not Month End', '2019-9-16')"
20200917,9/17/2020,4,17,626,Thursday,Thu,Weekday,38,91,9/14/2020,20200914,9,21,September,Sep,3,2020,202009,3,1,2021,Not Month End,9/17/2019,,"insert into Date_Dimension values(20200917, '2020-9-17',4, 17, 626, 'Thursday', 'Thu', 'Weekday', 38, 91, '2020-9-14', 20200914, 9, 21, 'September', 'Sep', 3, 2020, 202009, 3, 1, 2021, 'Not Month End', '2019-9-17')"
20200918,9/18/2020,5,18,627,Friday,Fri,Weekday,38,91,9/14/2020,20200914,9,21,September,Sep,3,2020,202009,3,1,2021,Not Month End,9/18/2019,,"insert into Date_Dimension values(20200918, '2020-9-18',5, 18, 627, 'Friday', 'Fri', 'Weekday', 38, 91, '2020-9-14', 20200914, 9, 21, 'September', 'Sep', 3, 2020, 202009, 3, 1, 2021, 'Not Month End', '2019-9-18')"
20200919,9/19/2020,6,19,628,Saturday,Sat,Weekend,38,91,9/14/2020,20200914,9,21,September,Sep,3,2020,202009,3,1,2021,Not Month End,9/19/2019,,"insert into Date_Dimension values(20200919, '2020-9-19',6, 19, 628, 'Saturday', 'Sat', 'Weekend', 38, 91, '2020-9-14', 20200914, 9, 21, 'September', 'Sep', 3, 2020, 202009, 3, 1, 2021, 'Not Month End', '2019-9-19')"
20200920,9/20/2020,7,20,629,Sunday,Sun,Weekend,38,91,9/14/2020,20200914,9,21,September,Sep,3,2020,202009,3,1,2021,Not Month End,9/20/2019,,"insert into Date_Dimension values(20200920, '2020-9-20',7, 20, 629, 'Sunday', 'Sun', 'Weekend', 38, 91, '2020-9-14', 20200914, 9, 21, 'September', 'Sep', 3, 2020, 202009, 3, 1, 2021, 'Not Month End', '2019-9-20')"
20200921,9/21/2020,1,21,630,Monday,Mon,Weekday,39,92,9/21/2020,20200921,9,21,September,Sep,3,2020,202009,3,1,2021,Not Month End,9/21/2019,,"insert into Date_Dimension values(20200921, '2020-9-21',1, 21, 630, 'Monday', 'Mon', 'Weekday', 39, 92, '2020-9-21', 20200921, 9, 21, 'September', 'Sep', 3, 2020, 202009, 3, 1, 2021, 'Not Month End', '2019-9-21')"
20200922,9/22/2020,2,22,631,Tuesday,Tue,Weekday,39,92,9/21/2020,20200921,9,21,September,Sep,3,2020,202009,3,1,2021,Not Month End,9/22/2019,,"insert into Date_Dimension values(20200922, '2020-9-22',2, 22, 631, 'Tuesday', 'Tue', 'Weekday', 39, 92, '2020-9-21', 20200921, 9, 21, 'September', 'Sep', 3, 2020, 202009, 3, 1, 2021, 'Not Month End', '2019-9-22')"
20200923,9/23/2020,3,23,632,Wednesday,Wed,Weekday,39,92,9/21/2020,20200921,9,21,September,Sep,3,2020,202009,3,1,2021,Not Month End,9/23/2019,,"insert into Date_Dimension values(20200923, '2020-9-23',3, 23, 632, 'Wednesday', 'Wed', 'Weekday', 39, 92, '2020-9-21', 20200921, 9, 21, 'September', 'Sep', 3, 2020, 202009, 3, 1, 2021, 'Not Month End', '2019-9-23')"
20200924,9/24/2020,4,24,633,Thursday,Thu,Weekday,39,92,9/21/2020,20200921,9,21,September,Sep,3,2020,202009,3,1,2021,Not Month End,9/24/2019,,"insert into Date_Dimension values(20200924, '2020-9-24',4, 24, 633, 'Thursday', 'Thu', 'Weekday', 39, 92, '2020-9-21', 20200921, 9, 21, 'September', 'Sep', 3, 2020, 202009, 3, 1, 2021, 'Not Month End', '2019-9-24')"
20200925,9/25/2020,5,25,634,Friday,Fri,Weekday,39,92,9/21/2020,20200921,9,21,September,Sep,3,2020,202009,3,1,2021,Not Month End,9/25/2019,,"insert into Date_Dimension values(20200925, '2020-9-25',5, 25, 634, 'Friday', 'Fri', 'Weekday', 39, 92, '2020-9-21', 20200921, 9, 21, 'September', 'Sep', 3, 2020, 202009, 3, 1, 2021, 'Not Month End', '2019-9-25')"
20200926,9/26/2020,6,26,635,Saturday,Sat,Weekend,39,92,9/21/2020,20200921,9,21,September,Sep,3,2020,202009,3,1,2021,Not Month End,9/26/2019,,"insert into Date_Dimension values(20200926, '2020-9-26',6, 26, 635, 'Saturday', 'Sat', 'Weekend', 39, 92, '2020-9-21', 20200921, 9, 21, 'September', 'Sep', 3, 2020, 202009, 3, 1, 2021, 'Not Month End', '2019-9-26')"
20200927,9/27/2020,7,27,636,Sunday,Sun,Weekend,39,92,9/21/2020,20200921,9,21,September,Sep,3,2020,202009,3,1,2021,Not Month End,9/27/2019,,"insert into Date_Dimension values(20200927, '2020-9-27',7, 27, 636, 'Sunday', 'Sun', 'Weekend', 39, 92, '2020-9-21', 20200921, 9, 21, 'September', 'Sep', 3, 2020, 202009, 3, 1, 2021, 'Not Month End', '2019-9-27')"
20200928,9/28/2020,1,28,637,Monday,Mon,Weekday,40,93,9/28/2020,20200928,9,21,September,Sep,3,2020,202009,3,1,2021,Not Month End,9/28/2019,,"insert into Date_Dimension values(20200928, '2020-9-28',1, 28, 637, 'Monday', 'Mon', 'Weekday', 40, 93, '2020-9-28', 20200928, 9, 21, 'September', 'Sep', 3, 2020, 202009, 3, 1, 2021, 'Not Month End', '2019-9-28')"
20200929,9/29/2020,2,29,638,Tuesday,Tue,Weekday,40,93,9/28/2020,20200928,9,21,September,Sep,3,2020,202009,3,1,2021,Not Month End,9/29/2019,,"insert into Date_Dimension values(20200929, '2020-9-29',2, 29, 638, 'Tuesday', 'Tue', 'Weekday', 40, 93, '2020-9-28', 20200928, 9, 21, 'September', 'Sep', 3, 2020, 202009, 3, 1, 2021, 'Not Month End', '2019-9-29')"
20200930,9/30/2020,3,30,639,Wednesday,Wed,Weekday,40,93,9/28/2020,20200928,9,21,September,Sep,3,2020,202009,3,1,2021,Month End,9/30/2019,,"insert into Date_Dimension values(20200930, '2020-9-30',3, 30, 639, 'Wednesday', 'Wed', 'Weekday', 40, 93, '2020-9-28', 20200928, 9, 21, 'September', 'Sep', 3, 2020, 202009, 3, 1, 2021, 'Month End', '2019-9-30')"
20201001,10/1/2020,4,1,640,Thursday,Thu,Weekday,40,93,9/28/2020,20200928,10,22,October,Oct,4,2020,202010,4,2,2021,Not Month End,10/1/2019,,"insert into Date_Dimension values(20201001, '2020-10-1',4, 1, 640, 'Thursday', 'Thu', 'Weekday', 40, 93, '2020-9-28', 20200928, 10, 22, 'October', 'Oct', 4, 2020, 202010, 4, 2, 2021, 'Not Month End', '2019-10-1')"
20201002,10/2/2020,5,2,641,Friday,Fri,Weekday,40,93,9/28/2020,20200928,10,22,October,Oct,4,2020,202010,4,2,2021,Not Month End,10/2/2019,,"insert into Date_Dimension values(20201002, '2020-10-2',5, 2, 641, 'Friday', 'Fri', 'Weekday', 40, 93, '2020-9-28', 20200928, 10, 22, 'October', 'Oct', 4, 2020, 202010, 4, 2, 2021, 'Not Month End', '2019-10-2')"
20201003,10/3/2020,6,3,642,Saturday,Sat,Weekend,40,93,9/28/2020,20200928,10,22,October,Oct,4,2020,202010,4,2,2021,Not Month End,10/3/2019,,"insert into Date_Dimension values(20201003, '2020-10-3',6, 3, 642, 'Saturday', 'Sat', 'Weekend', 40, 93, '2020-9-28', 20200928, 10, 22, 'October', 'Oct', 4, 2020, 202010, 4, 2, 2021, 'Not Month End', '2019-10-3')"
20201004,10/4/2020,7,4,643,Sunday,Sun,Weekend,40,93,9/28/2020,20200928,10,22,October,Oct,4,2020,202010,4,2,2021,Not Month End,10/4/2019,,"insert into Date_Dimension values(20201004, '2020-10-4',7, 4, 643, 'Sunday', 'Sun', 'Weekend', 40, 93, '2020-9-28', 20200928, 10, 22, 'October', 'Oct', 4, 2020, 202010, 4, 2, 2021, 'Not Month End', '2019-10-4')"
20201005,10/5/2020,1,5,644,Monday,Mon,Weekday,41,94,10/5/2020,20201005,10,22,October,Oct,4,2020,202010,4,2,2021,Not Month End,10/5/2019,,"insert into Date_Dimension values(20201005, '2020-10-5',1, 5, 644, 'Monday', 'Mon', 'Weekday', 41, 94, '2020-10-5', 20201005, 10, 22, 'October', 'Oct', 4, 2020, 202010, 4, 2, 2021, 'Not Month End', '2019-10-5')"
20201006,10/6/2020,2,6,645,Tuesday,Tue,Weekday,41,94,10/5/2020,20201005,10,22,October,Oct,4,2020,202010,4,2,2021,Not Month End,10/6/2019,,"insert into Date_Dimension values(20201006, '2020-10-6',2, 6, 645, 'Tuesday', 'Tue', 'Weekday', 41, 94, '2020-10-5', 20201005, 10, 22, 'October', 'Oct', 4, 2020, 202010, 4, 2, 2021, 'Not Month End', '2019-10-6')"
20201007,10/7/2020,3,7,646,Wednesday,Wed,Weekday,41,94,10/5/2020,20201005,10,22,October,Oct,4,2020,202010,4,2,2021,Not Month End,10/7/2019,,"insert into Date_Dimension values(20201007, '2020-10-7',3, 7, 646, 'Wednesday', 'Wed', 'Weekday', 41, 94, '2020-10-5', 20201005, 10, 22, 'October', 'Oct', 4, 2020, 202010, 4, 2, 2021, 'Not Month End', '2019-10-7')"
20201008,10/8/2020,4,8,647,Thursday,Thu,Weekday,41,94,10/5/2020,20201005,10,22,October,Oct,4,2020,202010,4,2,2021,Not Month End,10/8/2019,,"insert into Date_Dimension values(20201008, '2020-10-8',4, 8, 647, 'Thursday', 'Thu', 'Weekday', 41, 94, '2020-10-5', 20201005, 10, 22, 'October', 'Oct', 4, 2020, 202010, 4, 2, 2021, 'Not Month End', '2019-10-8')"
20201009,10/9/2020,5,9,648,Friday,Fri,Weekday,41,94,10/5/2020,20201005,10,22,October,Oct,4,2020,202010,4,2,2021,Not Month End,10/9/2019,,"insert into Date_Dimension values(20201009, '2020-10-9',5, 9, 648, 'Friday', 'Fri', 'Weekday', 41, 94, '2020-10-5', 20201005, 10, 22, 'October', 'Oct', 4, 2020, 202010, 4, 2, 2021, 'Not Month End', '2019-10-9')"
20201010,10/10/2020,6,10,649,Saturday,Sat,Weekend,41,94,10/5/2020,20201005,10,22,October,Oct,4,2020,202010,4,2,2021,Not Month End,10/10/2019,,"insert into Date_Dimension values(20201010, '2020-10-10',6, 10, 649, 'Saturday', 'Sat', 'Weekend', 41, 94, '2020-10-5', 20201005, 10, 22, 'October', 'Oct', 4, 2020, 202010, 4, 2, 2021, 'Not Month End', '2019-10-10')"
20201011,10/11/2020,7,11,650,Sunday,Sun,Weekend,41,94,10/5/2020,20201005,10,22,October,Oct,4,2020,202010,4,2,2021,Not Month End,10/11/2019,,"insert into Date_Dimension values(20201011, '2020-10-11',7, 11, 650, 'Sunday', 'Sun', 'Weekend', 41, 94, '2020-10-5', 20201005, 10, 22, 'October', 'Oct', 4, 2020, 202010, 4, 2, 2021, 'Not Month End', '2019-10-11')"
20201012,10/12/2020,1,12,651,Monday,Mon,Weekday,42,95,10/12/2020,20201012,10,22,October,Oct,4,2020,202010,4,2,2021,Not Month End,10/12/2019,,"insert into Date_Dimension values(20201012, '2020-10-12',1, 12, 651, 'Monday', 'Mon', 'Weekday', 42, 95, '2020-10-12', 20201012, 10, 22, 'October', 'Oct', 4, 2020, 202010, 4, 2, 2021, 'Not Month End', '2019-10-12')"
20201013,10/13/2020,2,13,652,Tuesday,Tue,Weekday,42,95,10/12/2020,20201012,10,22,October,Oct,4,2020,202010,4,2,2021,Not Month End,10/13/2019,,"insert into Date_Dimension values(20201013, '2020-10-13',2, 13, 652, 'Tuesday', 'Tue', 'Weekday', 42, 95, '2020-10-12', 20201012, 10, 22, 'October', 'Oct', 4, 2020, 202010, 4, 2, 2021, 'Not Month End', '2019-10-13')"
20201014,10/14/2020,3,14,653,Wednesday,Wed,Weekday,42,95,10/12/2020,20201012,10,22,October,Oct,4,2020,202010,4,2,2021,Not Month End,10/14/2019,,"insert into Date_Dimension values(20201014, '2020-10-14',3, 14, 653, 'Wednesday', 'Wed', 'Weekday', 42, 95, '2020-10-12', 20201012, 10, 22, 'October', 'Oct', 4, 2020, 202010, 4, 2, 2021, 'Not Month End', '2019-10-14')"
20201015,10/15/2020,4,15,654,Thursday,Thu,Weekday,42,95,10/12/2020,20201012,10,22,October,Oct,4,2020,202010,4,2,2021,Not Month End,10/15/2019,,"insert into Date_Dimension values(20201015, '2020-10-15',4, 15, 654, 'Thursday', 'Thu', 'Weekday', 42, 95, '2020-10-12', 20201012, 10, 22, 'October', 'Oct', 4, 2020, 202010, 4, 2, 2021, 'Not Month End', '2019-10-15')"
20201016,10/16/2020,5,16,655,Friday,Fri,Weekday,42,95,10/12/2020,20201012,10,22,October,Oct,4,2020,202010,4,2,2021,Not Month End,10/16/2019,,"insert into Date_Dimension values(20201016, '2020-10-16',5, 16, 655, 'Friday', 'Fri', 'Weekday', 42, 95, '2020-10-12', 20201012, 10, 22, 'October', 'Oct', 4, 2020, 202010, 4, 2, 2021, 'Not Month End', '2019-10-16')"
20201017,10/17/2020,6,17,656,Saturday,Sat,Weekend,42,95,10/12/2020,20201012,10,22,October,Oct,4,2020,202010,4,2,2021,Not Month End,10/17/2019,,"insert into Date_Dimension values(20201017, '2020-10-17',6, 17, 656, 'Saturday', 'Sat', 'Weekend', 42, 95, '2020-10-12', 20201012, 10, 22, 'October', 'Oct', 4, 2020, 202010, 4, 2, 2021, 'Not Month End', '2019-10-17')"
20201018,10/18/2020,7,18,657,Sunday,Sun,Weekend,42,95,10/12/2020,20201012,10,22,October,Oct,4,2020,202010,4,2,2021,Not Month End,10/18/2019,,"insert into Date_Dimension values(20201018, '2020-10-18',7, 18, 657, 'Sunday', 'Sun', 'Weekend', 42, 95, '2020-10-12', 20201012, 10, 22, 'October', 'Oct', 4, 2020, 202010, 4, 2, 2021, 'Not Month End', '2019-10-18')"
20201019,10/19/2020,1,19,658,Monday,Mon,Weekday,43,96,10/19/2020,20201019,10,22,October,Oct,4,2020,202010,4,2,2021,Not Month End,10/19/2019,,"insert into Date_Dimension values(20201019, '2020-10-19',1, 19, 658, 'Monday', 'Mon', 'Weekday', 43, 96, '2020-10-19', 20201019, 10, 22, 'October', 'Oct', 4, 2020, 202010, 4, 2, 2021, 'Not Month End', '2019-10-19')"
20201020,10/20/2020,2,20,659,Tuesday,Tue,Weekday,43,96,10/19/2020,20201019,10,22,October,Oct,4,2020,202010,4,2,2021,Not Month End,10/20/2019,,"insert into Date_Dimension values(20201020, '2020-10-20',2, 20, 659, 'Tuesday', 'Tue', 'Weekday', 43, 96, '2020-10-19', 20201019, 10, 22, 'October', 'Oct', 4, 2020, 202010, 4, 2, 2021, 'Not Month End', '2019-10-20')"
20201021,10/21/2020,3,21,660,Wednesday,Wed,Weekday,43,96,10/19/2020,20201019,10,22,October,Oct,4,2020,202010,4,2,2021,Not Month End,10/21/2019,,"insert into Date_Dimension values(20201021, '2020-10-21',3, 21, 660, 'Wednesday', 'Wed', 'Weekday', 43, 96, '2020-10-19', 20201019, 10, 22, 'October', 'Oct', 4, 2020, 202010, 4, 2, 2021, 'Not Month End', '2019-10-21')"
20201022,10/22/2020,4,22,661,Thursday,Thu,Weekday,43,96,10/19/2020,20201019,10,22,October,Oct,4,2020,202010,4,2,2021,Not Month End,10/22/2019,,"insert into Date_Dimension values(20201022, '2020-10-22',4, 22, 661, 'Thursday', 'Thu', 'Weekday', 43, 96, '2020-10-19', 20201019, 10, 22, 'October', 'Oct', 4, 2020, 202010, 4, 2, 2021, 'Not Month End', '2019-10-22')"
20201023,10/23/2020,5,23,662,Friday,Fri,Weekday,43,96,10/19/2020,20201019,10,22,October,Oct,4,2020,202010,4,2,2021,Not Month End,10/23/2019,,"insert into Date_Dimension values(20201023, '2020-10-23',5, 23, 662, 'Friday', 'Fri', 'Weekday', 43, 96, '2020-10-19', 20201019, 10, 22, 'October', 'Oct', 4, 2020, 202010, 4, 2, 2021, 'Not Month End', '2019-10-23')"
20201024,10/24/2020,6,24,663,Saturday,Sat,Weekend,43,96,10/19/2020,20201019,10,22,October,Oct,4,2020,202010,4,2,2021,Not Month End,10/24/2019,,"insert into Date_Dimension values(20201024, '2020-10-24',6, 24, 663, 'Saturday', 'Sat', 'Weekend', 43, 96, '2020-10-19', 20201019, 10, 22, 'October', 'Oct', 4, 2020, 202010, 4, 2, 2021, 'Not Month End', '2019-10-24')"
20201025,10/25/2020,7,25,664,Sunday,Sun,Weekend,43,96,10/19/2020,20201019,10,22,October,Oct,4,2020,202010,4,2,2021,Not Month End,10/25/2019,,"insert into Date_Dimension values(20201025, '2020-10-25',7, 25, 664, 'Sunday', 'Sun', 'Weekend', 43, 96, '2020-10-19', 20201019, 10, 22, 'October', 'Oct', 4, 2020, 202010, 4, 2, 2021, 'Not Month End', '2019-10-25')"
20201026,10/26/2020,1,26,665,Monday,Mon,Weekday,44,97,10/26/2020,20201026,10,22,October,Oct,4,2020,202010,4,2,2021,Not Month End,10/26/2019,,"insert into Date_Dimension values(20201026, '2020-10-26',1, 26, 665, 'Monday', 'Mon', 'Weekday', 44, 97, '2020-10-26', 20201026, 10, 22, 'October', 'Oct', 4, 2020, 202010, 4, 2, 2021, 'Not Month End', '2019-10-26')"
20201027,10/27/2020,2,27,666,Tuesday,Tue,Weekday,44,97,10/26/2020,20201026,10,22,October,Oct,4,2020,202010,4,2,2021,Not Month End,10/27/2019,,"insert into Date_Dimension values(20201027, '2020-10-27',2, 27, 666, 'Tuesday', 'Tue', 'Weekday', 44, 97, '2020-10-26', 20201026, 10, 22, 'October', 'Oct', 4, 2020, 202010, 4, 2, 2021, 'Not Month End', '2019-10-27')"
20201028,10/28/2020,3,28,667,Wednesday,Wed,Weekday,44,97,10/26/2020,20201026,10,22,October,Oct,4,2020,202010,4,2,2021,Not Month End,10/28/2019,,"insert into Date_Dimension values(20201028, '2020-10-28',3, 28, 667, 'Wednesday', 'Wed', 'Weekday', 44, 97, '2020-10-26', 20201026, 10, 22, 'October', 'Oct', 4, 2020, 202010, 4, 2, 2021, 'Not Month End', '2019-10-28')"
20201029,10/29/2020,4,29,668,Thursday,Thu,Weekday,44,97,10/26/2020,20201026,10,22,October,Oct,4,2020,202010,4,2,2021,Not Month End,10/29/2019,,"insert into Date_Dimension values(20201029, '2020-10-29',4, 29, 668, 'Thursday', 'Thu', 'Weekday', 44, 97, '2020-10-26', 20201026, 10, 22, 'October', 'Oct', 4, 2020, 202010, 4, 2, 2021, 'Not Month End', '2019-10-29')"
20201030,10/30/2020,5,30,669,Friday,Fri,Weekday,44,97,10/26/2020,20201026,10,22,October,Oct,4,2020,202010,4,2,2021,Not Month End,10/30/2019,,"insert into Date_Dimension values(20201030, '2020-10-30',5, 30, 669, 'Friday', 'Fri', 'Weekday', 44, 97, '2020-10-26', 20201026, 10, 22, 'October', 'Oct', 4, 2020, 202010, 4, 2, 2021, 'Not Month End', '2019-10-30')"
20201031,10/31/2020,6,31,670,Saturday,Sat,Weekend,44,97,10/26/2020,20201026,10,22,October,Oct,4,2020,202010,4,2,2021,Month End,10/31/2019,,"insert into Date_Dimension values(20201031, '2020-10-31',6, 31, 670, 'Saturday', 'Sat', 'Weekend', 44, 97, '2020-10-26', 20201026, 10, 22, 'October', 'Oct', 4, 2020, 202010, 4, 2, 2021, 'Month End', '2019-10-31')"
20201101,11/1/2020,7,1,671,Sunday,Sun,Weekend,44,97,10/26/2020,20201026,11,23,November,Nov,4,2020,202011,5,2,2021,Not Month End,11/1/2019,,"insert into Date_Dimension values(20201101, '2020-11-1',7, 1, 671, 'Sunday', 'Sun', 'Weekend', 44, 97, '2020-10-26', 20201026, 11, 23, 'November', 'Nov', 4, 2020, 202011, 5, 2, 2021, 'Not Month End', '2019-11-1')"
20201102,11/2/2020,1,2,672,Monday,Mon,Weekday,45,98,11/2/2020,20201102,11,23,November,Nov,4,2020,202011,5,2,2021,Not Month End,11/2/2019,,"insert into Date_Dimension values(20201102, '2020-11-2',1, 2, 672, 'Monday', 'Mon', 'Weekday', 45, 98, '2020-11-2', 20201102, 11, 23, 'November', 'Nov', 4, 2020, 202011, 5, 2, 2021, 'Not Month End', '2019-11-2')"
20201103,11/3/2020,2,3,673,Tuesday,Tue,Weekday,45,98,11/2/2020,20201102,11,23,November,Nov,4,2020,202011,5,2,2021,Not Month End,11/3/2019,,"insert into Date_Dimension values(20201103, '2020-11-3',2, 3, 673, 'Tuesday', 'Tue', 'Weekday', 45, 98, '2020-11-2', 20201102, 11, 23, 'November', 'Nov', 4, 2020, 202011, 5, 2, 2021, 'Not Month End', '2019-11-3')"
20201104,11/4/2020,3,4,674,Wednesday,Wed,Weekday,45,98,11/2/2020,20201102,11,23,November,Nov,4,2020,202011,5,2,2021,Not Month End,11/4/2019,,"insert into Date_Dimension values(20201104, '2020-11-4',3, 4, 674, 'Wednesday', 'Wed', 'Weekday', 45, 98, '2020-11-2', 20201102, 11, 23, 'November', 'Nov', 4, 2020, 202011, 5, 2, 2021, 'Not Month End', '2019-11-4')"
20201105,11/5/2020,4,5,675,Thursday,Thu,Weekday,45,98,11/2/2020,20201102,11,23,November,Nov,4,2020,202011,5,2,2021,Not Month End,11/5/2019,,"insert into Date_Dimension values(20201105, '2020-11-5',4, 5, 675, 'Thursday', 'Thu', 'Weekday', 45, 98, '2020-11-2', 20201102, 11, 23, 'November', 'Nov', 4, 2020, 202011, 5, 2, 2021, 'Not Month End', '2019-11-5')"
20201106,11/6/2020,5,6,676,Friday,Fri,Weekday,45,98,11/2/2020,20201102,11,23,November,Nov,4,2020,202011,5,2,2021,Not Month End,11/6/2019,,"insert into Date_Dimension values(20201106, '2020-11-6',5, 6, 676, 'Friday', 'Fri', 'Weekday', 45, 98, '2020-11-2', 20201102, 11, 23, 'November', 'Nov', 4, 2020, 202011, 5, 2, 2021, 'Not Month End', '2019-11-6')"
20201107,11/7/2020,6,7,677,Saturday,Sat,Weekend,45,98,11/2/2020,20201102,11,23,November,Nov,4,2020,202011,5,2,2021,Not Month End,11/7/2019,,"insert into Date_Dimension values(20201107, '2020-11-7',6, 7, 677, 'Saturday', 'Sat', 'Weekend', 45, 98, '2020-11-2', 20201102, 11, 23, 'November', 'Nov', 4, 2020, 202011, 5, 2, 2021, 'Not Month End', '2019-11-7')"
20201108,11/8/2020,7,8,678,Sunday,Sun,Weekend,45,98,11/2/2020,20201102,11,23,November,Nov,4,2020,202011,5,2,2021,Not Month End,11/8/2019,,"insert into Date_Dimension values(20201108, '2020-11-8',7, 8, 678, 'Sunday', 'Sun', 'Weekend', 45, 98, '2020-11-2', 20201102, 11, 23, 'November', 'Nov', 4, 2020, 202011, 5, 2, 2021, 'Not Month End', '2019-11-8')"
20201109,11/9/2020,1,9,679,Monday,Mon,Weekday,46,99,11/9/2020,20201109,11,23,November,Nov,4,2020,202011,5,2,2021,Not Month End,11/9/2019,,"insert into Date_Dimension values(20201109, '2020-11-9',1, 9, 679, 'Monday', 'Mon', 'Weekday', 46, 99, '2020-11-9', 20201109, 11, 23, 'November', 'Nov', 4, 2020, 202011, 5, 2, 2021, 'Not Month End', '2019-11-9')"
20201110,11/10/2020,2,10,680,Tuesday,Tue,Weekday,46,99,11/9/2020,20201109,11,23,November,Nov,4,2020,202011,5,2,2021,Not Month End,11/10/2019,,"insert into Date_Dimension values(20201110, '2020-11-10',2, 10, 680, 'Tuesday', 'Tue', 'Weekday', 46, 99, '2020-11-9', 20201109, 11, 23, 'November', 'Nov', 4, 2020, 202011, 5, 2, 2021, 'Not Month End', '2019-11-10')"
20201111,11/11/2020,3,11,681,Wednesday,Wed,Weekday,46,99,11/9/2020,20201109,11,23,November,Nov,4,2020,202011,5,2,2021,Not Month End,11/11/2019,,"insert into Date_Dimension values(20201111, '2020-11-11',3, 11, 681, 'Wednesday', 'Wed', 'Weekday', 46, 99, '2020-11-9', 20201109, 11, 23, 'November', 'Nov', 4, 2020, 202011, 5, 2, 2021, 'Not Month End', '2019-11-11')"
20201112,11/12/2020,4,12,682,Thursday,Thu,Weekday,46,99,11/9/2020,20201109,11,23,November,Nov,4,2020,202011,5,2,2021,Not Month End,11/12/2019,,"insert into Date_Dimension values(20201112, '2020-11-12',4, 12, 682, 'Thursday', 'Thu', 'Weekday', 46, 99, '2020-11-9', 20201109, 11, 23, 'November', 'Nov', 4, 2020, 202011, 5, 2, 2021, 'Not Month End', '2019-11-12')"
20201113,11/13/2020,5,13,683,Friday,Fri,Weekday,46,99,11/9/2020,20201109,11,23,November,Nov,4,2020,202011,5,2,2021,Not Month End,11/13/2019,,"insert into Date_Dimension values(20201113, '2020-11-13',5, 13, 683, 'Friday', 'Fri', 'Weekday', 46, 99, '2020-11-9', 20201109, 11, 23, 'November', 'Nov', 4, 2020, 202011, 5, 2, 2021, 'Not Month End', '2019-11-13')"
20201114,11/14/2020,6,14,684,Saturday,Sat,Weekend,46,99,11/9/2020,20201109,11,23,November,Nov,4,2020,202011,5,2,2021,Not Month End,11/14/2019,,"insert into Date_Dimension values(20201114, '2020-11-14',6, 14, 684, 'Saturday', 'Sat', 'Weekend', 46, 99, '2020-11-9', 20201109, 11, 23, 'November', 'Nov', 4, 2020, 202011, 5, 2, 2021, 'Not Month End', '2019-11-14')"
20201115,11/15/2020,7,15,685,Sunday,Sun,Weekend,46,99,11/9/2020,20201109,11,23,November,Nov,4,2020,202011,5,2,2021,Not Month End,11/15/2019,,"insert into Date_Dimension values(20201115, '2020-11-15',7, 15, 685, 'Sunday', 'Sun', 'Weekend', 46, 99, '2020-11-9', 20201109, 11, 23, 'November', 'Nov', 4, 2020, 202011, 5, 2, 2021, 'Not Month End', '2019-11-15')"
20201116,11/16/2020,1,16,686,Monday,Mon,Weekday,47,100,11/16/2020,20201116,11,23,November,Nov,4,2020,202011,5,2,2021,Not Month End,11/16/2019,,"insert into Date_Dimension values(20201116, '2020-11-16',1, 16, 686, 'Monday', 'Mon', 'Weekday', 47, 100, '2020-11-16', 20201116, 11, 23, 'November', 'Nov', 4, 2020, 202011, 5, 2, 2021, 'Not Month End', '2019-11-16')"
20201117,11/17/2020,2,17,687,Tuesday,Tue,Weekday,47,100,11/16/2020,20201116,11,23,November,Nov,4,2020,202011,5,2,2021,Not Month End,11/17/2019,,"insert into Date_Dimension values(20201117, '2020-11-17',2, 17, 687, 'Tuesday', 'Tue', 'Weekday', 47, 100, '2020-11-16', 20201116, 11, 23, 'November', 'Nov', 4, 2020, 202011, 5, 2, 2021, 'Not Month End', '2019-11-17')"
20201118,11/18/2020,3,18,688,Wednesday,Wed,Weekday,47,100,11/16/2020,20201116,11,23,November,Nov,4,2020,202011,5,2,2021,Not Month End,11/18/2019,,"insert into Date_Dimension values(20201118, '2020-11-18',3, 18, 688, 'Wednesday', 'Wed', 'Weekday', 47, 100, '2020-11-16', 20201116, 11, 23, 'November', 'Nov', 4, 2020, 202011, 5, 2, 2021, 'Not Month End', '2019-11-18')"
20201119,11/19/2020,4,19,689,Thursday,Thu,Weekday,47,100,11/16/2020,20201116,11,23,November,Nov,4,2020,202011,5,2,2021,Not Month End,11/19/2019,,"insert into Date_Dimension values(20201119, '2020-11-19',4, 19, 689, 'Thursday', 'Thu', 'Weekday', 47, 100, '2020-11-16', 20201116, 11, 23, 'November', 'Nov', 4, 2020, 202011, 5, 2, 2021, 'Not Month End', '2019-11-19')"
20201120,11/20/2020,5,20,690,Friday,Fri,Weekday,47,100,11/16/2020,20201116,11,23,November,Nov,4,2020,202011,5,2,2021,Not Month End,11/20/2019,,"insert into Date_Dimension values(20201120, '2020-11-20',5, 20, 690, 'Friday', 'Fri', 'Weekday', 47, 100, '2020-11-16', 20201116, 11, 23, 'November', 'Nov', 4, 2020, 202011, 5, 2, 2021, 'Not Month End', '2019-11-20')"
20201121,11/21/2020,6,21,691,Saturday,Sat,Weekend,47,100,11/16/2020,20201116,11,23,November,Nov,4,2020,202011,5,2,2021,Not Month End,11/21/2019,,"insert into Date_Dimension values(20201121, '2020-11-21',6, 21, 691, 'Saturday', 'Sat', 'Weekend', 47, 100, '2020-11-16', 20201116, 11, 23, 'November', 'Nov', 4, 2020, 202011, 5, 2, 2021, 'Not Month End', '2019-11-21')"
20201122,11/22/2020,7,22,692,Sunday,Sun,Weekend,47,100,11/16/2020,20201116,11,23,November,Nov,4,2020,202011,5,2,2021,Not Month End,11/22/2019,,"insert into Date_Dimension values(20201122, '2020-11-22',7, 22, 692, 'Sunday', 'Sun', 'Weekend', 47, 100, '2020-11-16', 20201116, 11, 23, 'November', 'Nov', 4, 2020, 202011, 5, 2, 2021, 'Not Month End', '2019-11-22')"
20201123,11/23/2020,1,23,693,Monday,Mon,Weekday,48,101,11/23/2020,20201123,11,23,November,Nov,4,2020,202011,5,2,2021,Not Month End,11/23/2019,,"insert into Date_Dimension values(20201123, '2020-11-23',1, 23, 693, 'Monday', 'Mon', 'Weekday', 48, 101, '2020-11-23', 20201123, 11, 23, 'November', 'Nov', 4, 2020, 202011, 5, 2, 2021, 'Not Month End', '2019-11-23')"
20201124,11/24/2020,2,24,694,Tuesday,Tue,Weekday,48,101,11/23/2020,20201123,11,23,November,Nov,4,2020,202011,5,2,2021,Not Month End,11/24/2019,,"insert into Date_Dimension values(20201124, '2020-11-24',2, 24, 694, 'Tuesday', 'Tue', 'Weekday', 48, 101, '2020-11-23', 20201123, 11, 23, 'November', 'Nov', 4, 2020, 202011, 5, 2, 2021, 'Not Month End', '2019-11-24')"
20201125,11/25/2020,3,25,695,Wednesday,Wed,Weekday,48,101,11/23/2020,20201123,11,23,November,Nov,4,2020,202011,5,2,2021,Not Month End,11/25/2019,,"insert into Date_Dimension values(20201125, '2020-11-25',3, 25, 695, 'Wednesday', 'Wed', 'Weekday', 48, 101, '2020-11-23', 20201123, 11, 23, 'November', 'Nov', 4, 2020, 202011, 5, 2, 2021, 'Not Month End', '2019-11-25')"
20201126,11/26/2020,4,26,696,Thursday,Thu,Weekday,48,101,11/23/2020,20201123,11,23,November,Nov,4,2020,202011,5,2,2021,Not Month End,11/26/2019,,"insert into Date_Dimension values(20201126, '2020-11-26',4, 26, 696, 'Thursday', 'Thu', 'Weekday', 48, 101, '2020-11-23', 20201123, 11, 23, 'November', 'Nov', 4, 2020, 202011, 5, 2, 2021, 'Not Month End', '2019-11-26')"
20201127,11/27/2020,5,27,697,Friday,Fri,Weekday,48,101,11/23/2020,20201123,11,23,November,Nov,4,2020,202011,5,2,2021,Not Month End,11/27/2019,,"insert into Date_Dimension values(20201127, '2020-11-27',5, 27, 697, 'Friday', 'Fri', 'Weekday', 48, 101, '2020-11-23', 20201123, 11, 23, 'November', 'Nov', 4, 2020, 202011, 5, 2, 2021, 'Not Month End', '2019-11-27')"
20201128,11/28/2020,6,28,698,Saturday,Sat,Weekend,48,101,11/23/2020,20201123,11,23,November,Nov,4,2020,202011,5,2,2021,Not Month End,11/28/2019,,"insert into Date_Dimension values(20201128, '2020-11-28',6, 28, 698, 'Saturday', 'Sat', 'Weekend', 48, 101, '2020-11-23', 20201123, 11, 23, 'November', 'Nov', 4, 2020, 202011, 5, 2, 2021, 'Not Month End', '2019-11-28')"
20201129,11/29/2020,7,29,699,Sunday,Sun,Weekend,48,101,11/23/2020,20201123,11,23,November,Nov,4,2020,202011,5,2,2021,Not Month End,11/29/2019,,"insert into Date_Dimension values(20201129, '2020-11-29',7, 29, 699, 'Sunday', 'Sun', 'Weekend', 48, 101, '2020-11-23', 20201123, 11, 23, 'November', 'Nov', 4, 2020, 202011, 5, 2, 2021, 'Not Month End', '2019-11-29')"
20201130,11/30/2020,1,30,700,Monday,Mon,Weekday,49,102,11/30/2020,20201130,11,23,November,Nov,4,2020,202011,5,2,2021,Month End,11/30/2019,,"insert into Date_Dimension values(20201130, '2020-11-30',1, 30, 700, 'Monday', 'Mon', 'Weekday', 49, 102, '2020-11-30', 20201130, 11, 23, 'November', 'Nov', 4, 2020, 202011, 5, 2, 2021, 'Month End', '2019-11-30')"
20201201,12/1/2020,2,1,701,Tuesday,Tue,Weekday,49,102,11/30/2020,20201130,12,24,December,Dec,4,2020,202012,6,2,2021,Not Month End,12/1/2019,,"insert into Date_Dimension values(20201201, '2020-12-1',2, 1, 701, 'Tuesday', 'Tue', 'Weekday', 49, 102, '2020-11-30', 20201130, 12, 24, 'December', 'Dec', 4, 2020, 202012, 6, 2, 2021, 'Not Month End', '2019-12-1')"
20201202,12/2/2020,3,2,702,Wednesday,Wed,Weekday,49,102,11/30/2020,20201130,12,24,December,Dec,4,2020,202012,6,2,2021,Not Month End,12/2/2019,,"insert into Date_Dimension values(20201202, '2020-12-2',3, 2, 702, 'Wednesday', 'Wed', 'Weekday', 49, 102, '2020-11-30', 20201130, 12, 24, 'December', 'Dec', 4, 2020, 202012, 6, 2, 2021, 'Not Month End', '2019-12-2')"
20201203,12/3/2020,4,3,703,Thursday,Thu,Weekday,49,102,11/30/2020,20201130,12,24,December,Dec,4,2020,202012,6,2,2021,Not Month End,12/3/2019,,"insert into Date_Dimension values(20201203, '2020-12-3',4, 3, 703, 'Thursday', 'Thu', 'Weekday', 49, 102, '2020-11-30', 20201130, 12, 24, 'December', 'Dec', 4, 2020, 202012, 6, 2, 2021, 'Not Month End', '2019-12-3')"
20201204,12/4/2020,5,4,704,Friday,Fri,Weekday,49,102,11/30/2020,20201130,12,24,December,Dec,4,2020,202012,6,2,2021,Not Month End,12/4/2019,,"insert into Date_Dimension values(20201204, '2020-12-4',5, 4, 704, 'Friday', 'Fri', 'Weekday', 49, 102, '2020-11-30', 20201130, 12, 24, 'December', 'Dec', 4, 2020, 202012, 6, 2, 2021, 'Not Month End', '2019-12-4')"
20201205,12/5/2020,6,5,705,Saturday,Sat,Weekend,49,102,11/30/2020,20201130,12,24,December,Dec,4,2020,202012,6,2,2021,Not Month End,12/5/2019,,"insert into Date_Dimension values(20201205, '2020-12-5',6, 5, 705, 'Saturday', 'Sat', 'Weekend', 49, 102, '2020-11-30', 20201130, 12, 24, 'December', 'Dec', 4, 2020, 202012, 6, 2, 2021, 'Not Month End', '2019-12-5')"
20201206,12/6/2020,7,6,706,Sunday,Sun,Weekend,49,102,11/30/2020,20201130,12,24,December,Dec,4,2020,202012,6,2,2021,Not Month End,12/6/2019,,"insert into Date_Dimension values(20201206, '2020-12-6',7, 6, 706, 'Sunday', 'Sun', 'Weekend', 49, 102, '2020-11-30', 20201130, 12, 24, 'December', 'Dec', 4, 2020, 202012, 6, 2, 2021, 'Not Month End', '2019-12-6')"
20201207,12/7/2020,1,7,707,Monday,Mon,Weekday,50,103,12/7/2020,20201207,12,24,December,Dec,4,2020,202012,6,2,2021,Not Month End,12/7/2019,,"insert into Date_Dimension values(20201207, '2020-12-7',1, 7, 707, 'Monday', 'Mon', 'Weekday', 50, 103, '2020-12-7', 20201207, 12, 24, 'December', 'Dec', 4, 2020, 202012, 6, 2, 2021, 'Not Month End', '2019-12-7')"
20201208,12/8/2020,2,8,708,Tuesday,Tue,Weekday,50,103,12/7/2020,20201207,12,24,December,Dec,4,2020,202012,6,2,2021,Not Month End,12/8/2019,,"insert into Date_Dimension values(20201208, '2020-12-8',2, 8, 708, 'Tuesday', 'Tue', 'Weekday', 50, 103, '2020-12-7', 20201207, 12, 24, 'December', 'Dec', 4, 2020, 202012, 6, 2, 2021, 'Not Month End', '2019-12-8')"
20201209,12/9/2020,3,9,709,Wednesday,Wed,Weekday,50,103,12/7/2020,20201207,12,24,December,Dec,4,2020,202012,6,2,2021,Not Month End,12/9/2019,,"insert into Date_Dimension values(20201209, '2020-12-9',3, 9, 709, 'Wednesday', 'Wed', 'Weekday', 50, 103, '2020-12-7', 20201207, 12, 24, 'December', 'Dec', 4, 2020, 202012, 6, 2, 2021, 'Not Month End', '2019-12-9')"
20201210,12/10/2020,4,10,710,Thursday,Thu,Weekday,50,103,12/7/2020,20201207,12,24,December,Dec,4,2020,202012,6,2,2021,Not Month End,12/10/2019,,"insert into Date_Dimension values(20201210, '2020-12-10',4, 10, 710, 'Thursday', 'Thu', 'Weekday', 50, 103, '2020-12-7', 20201207, 12, 24, 'December', 'Dec', 4, 2020, 202012, 6, 2, 2021, 'Not Month End', '2019-12-10')"
20201211,12/11/2020,5,11,711,Friday,Fri,Weekday,50,103,12/7/2020,20201207,12,24,December,Dec,4,2020,202012,6,2,2021,Not Month End,12/11/2019,,"insert into Date_Dimension values(20201211, '2020-12-11',5, 11, 711, 'Friday', 'Fri', 'Weekday', 50, 103, '2020-12-7', 20201207, 12, 24, 'December', 'Dec', 4, 2020, 202012, 6, 2, 2021, 'Not Month End', '2019-12-11')"
20201212,12/12/2020,6,12,712,Saturday,Sat,Weekend,50,103,12/7/2020,20201207,12,24,December,Dec,4,2020,202012,6,2,2021,Not Month End,12/12/2019,,"insert into Date_Dimension values(20201212, '2020-12-12',6, 12, 712, 'Saturday', 'Sat', 'Weekend', 50, 103, '2020-12-7', 20201207, 12, 24, 'December', 'Dec', 4, 2020, 202012, 6, 2, 2021, 'Not Month End', '2019-12-12')"
20201213,12/13/2020,7,13,713,Sunday,Sun,Weekend,50,103,12/7/2020,20201207,12,24,December,Dec,4,2020,202012,6,2,2021,Not Month End,12/13/2019,,"insert into Date_Dimension values(20201213, '2020-12-13',7, 13, 713, 'Sunday', 'Sun', 'Weekend', 50, 103, '2020-12-7', 20201207, 12, 24, 'December', 'Dec', 4, 2020, 202012, 6, 2, 2021, 'Not Month End', '2019-12-13')"
20201214,12/14/2020,1,14,714,Monday,Mon,Weekday,51,104,12/14/2020,20201214,12,24,December,Dec,4,2020,202012,6,2,2021,Not Month End,12/14/2019,,"insert into Date_Dimension values(20201214, '2020-12-14',1, 14, 714, 'Monday', 'Mon', 'Weekday', 51, 104, '2020-12-14', 20201214, 12, 24, 'December', 'Dec', 4, 2020, 202012, 6, 2, 2021, 'Not Month End', '2019-12-14')"
20201215,12/15/2020,2,15,715,Tuesday,Tue,Weekday,51,104,12/14/2020,20201214,12,24,December,Dec,4,2020,202012,6,2,2021,Not Month End,12/15/2019,,"insert into Date_Dimension values(20201215, '2020-12-15',2, 15, 715, 'Tuesday', 'Tue', 'Weekday', 51, 104, '2020-12-14', 20201214, 12, 24, 'December', 'Dec', 4, 2020, 202012, 6, 2, 2021, 'Not Month End', '2019-12-15')"
20201216,12/16/2020,3,16,716,Wednesday,Wed,Weekday,51,104,12/14/2020,20201214,12,24,December,Dec,4,2020,202012,6,2,2021,Not Month End,12/16/2019,,"insert into Date_Dimension values(20201216, '2020-12-16',3, 16, 716, 'Wednesday', 'Wed', 'Weekday', 51, 104, '2020-12-14', 20201214, 12, 24, 'December', 'Dec', 4, 2020, 202012, 6, 2, 2021, 'Not Month End', '2019-12-16')"
20201217,12/17/2020,4,17,717,Thursday,Thu,Weekday,51,104,12/14/2020,20201214,12,24,December,Dec,4,2020,202012,6,2,2021,Not Month End,12/17/2019,,"insert into Date_Dimension values(20201217, '2020-12-17',4, 17, 717, 'Thursday', 'Thu', 'Weekday', 51, 104, '2020-12-14', 20201214, 12, 24, 'December', 'Dec', 4, 2020, 202012, 6, 2, 2021, 'Not Month End', '2019-12-17')"
20201218,12/18/2020,5,18,718,Friday,Fri,Weekday,51,104,12/14/2020,20201214,12,24,December,Dec,4,2020,202012,6,2,2021,Not Month End,12/18/2019,,"insert into Date_Dimension values(20201218, '2020-12-18',5, 18, 718, 'Friday', 'Fri', 'Weekday', 51, 104, '2020-12-14', 20201214, 12, 24, 'December', 'Dec', 4, 2020, 202012, 6, 2, 2021, 'Not Month End', '2019-12-18')"
20201219,12/19/2020,6,19,719,Saturday,Sat,Weekend,51,104,12/14/2020,20201214,12,24,December,Dec,4,2020,202012,6,2,2021,Not Month End,12/19/2019,,"insert into Date_Dimension values(20201219, '2020-12-19',6, 19, 719, 'Saturday', 'Sat', 'Weekend', 51, 104, '2020-12-14', 20201214, 12, 24, 'December', 'Dec', 4, 2020, 202012, 6, 2, 2021, 'Not Month End', '2019-12-19')"
20201220,12/20/2020,7,20,720,Sunday,Sun,Weekend,51,104,12/14/2020,20201214,12,24,December,Dec,4,2020,202012,6,2,2021,Not Month End,12/20/2019,,"insert into Date_Dimension values(20201220, '2020-12-20',7, 20, 720, 'Sunday', 'Sun', 'Weekend', 51, 104, '2020-12-14', 20201214, 12, 24, 'December', 'Dec', 4, 2020, 202012, 6, 2, 2021, 'Not Month End', '2019-12-20')"
20201221,12/21/2020,1,21,721,Monday,Mon,Weekday,52,105,12/21/2020,20201221,12,24,December,Dec,4,2020,202012,6,2,2021,Not Month End,12/21/2019,,"insert into Date_Dimension values(20201221, '2020-12-21',1, 21, 721, 'Monday', 'Mon', 'Weekday', 52, 105, '2020-12-21', 20201221, 12, 24, 'December', 'Dec', 4, 2020, 202012, 6, 2, 2021, 'Not Month End', '2019-12-21')"
20201222,12/22/2020,2,22,722,Tuesday,Tue,Weekday,52,105,12/21/2020,20201221,12,24,December,Dec,4,2020,202012,6,2,2021,Not Month End,12/22/2019,,"insert into Date_Dimension values(20201222, '2020-12-22',2, 22, 722, 'Tuesday', 'Tue', 'Weekday', 52, 105, '2020-12-21', 20201221, 12, 24, 'December', 'Dec', 4, 2020, 202012, 6, 2, 2021, 'Not Month End', '2019-12-22')"
20201223,12/23/2020,3,23,723,Wednesday,Wed,Weekday,52,105,12/21/2020,20201221,12,24,December,Dec,4,2020,202012,6,2,2021,Not Month End,12/23/2019,,"insert into Date_Dimension values(20201223, '2020-12-23',3, 23, 723, 'Wednesday', 'Wed', 'Weekday', 52, 105, '2020-12-21', 20201221, 12, 24, 'December', 'Dec', 4, 2020, 202012, 6, 2, 2021, 'Not Month End', '2019-12-23')"
20201224,12/24/2020,4,24,724,Thursday,Thu,Weekday,52,105,12/21/2020,20201221,12,24,December,Dec,4,2020,202012,6,2,2021,Not Month End,12/24/2019,,"insert into Date_Dimension values(20201224, '2020-12-24',4, 24, 724, 'Thursday', 'Thu', 'Weekday', 52, 105, '2020-12-21', 20201221, 12, 24, 'December', 'Dec', 4, 2020, 202012, 6, 2, 2021, 'Not Month End', '2019-12-24')"
20201225,12/25/2020,5,25,725,Friday,Fri,Weekday,52,105,12/21/2020,20201221,12,24,December,Dec,4,2020,202012,6,2,2021,Not Month End,12/25/2019,,"insert into Date_Dimension values(20201225, '2020-12-25',5, 25, 725, 'Friday', 'Fri', 'Weekday', 52, 105, '2020-12-21', 20201221, 12, 24, 'December', 'Dec', 4, 2020, 202012, 6, 2, 2021, 'Not Month End', '2019-12-25')"
20201226,12/26/2020,6,26,726,Saturday,Sat,Weekend,52,105,12/21/2020,20201221,12,24,December,Dec,4,2020,202012,6,2,2021,Not Month End,12/26/2019,,"insert into Date_Dimension values(20201226, '2020-12-26',6, 26, 726, 'Saturday', 'Sat', 'Weekend', 52, 105, '2020-12-21', 20201221, 12, 24, 'December', 'Dec', 4, 2020, 202012, 6, 2, 2021, 'Not Month End', '2019-12-26')"
20201227,12/27/2020,7,27,727,Sunday,Sun,Weekend,52,105,12/21/2020,20201221,12,24,December,Dec,4,2020,202012,6,2,2021,Not Month End,12/27/2019,,"insert into Date_Dimension values(20201227, '2020-12-27',7, 27, 727, 'Sunday', 'Sun', 'Weekend', 52, 105, '2020-12-21', 20201221, 12, 24, 'December', 'Dec', 4, 2020, 202012, 6, 2, 2021, 'Not Month End', '2019-12-27')"
20201228,12/28/2020,1,28,728,Monday,Mon,Weekday,53,106,12/28/2020,20201228,12,24,December,Dec,4,2020,202012,6,2,2021,Not Month End,12/28/2019,,"insert into Date_Dimension values(20201228, '2020-12-28',1, 28, 728, 'Monday', 'Mon', 'Weekday', 53, 106, '2020-12-28', 20201228, 12, 24, 'December', 'Dec', 4, 2020, 202012, 6, 2, 2021, 'Not Month End', '2019-12-28')"
20201229,12/29/2020,2,29,729,Tuesday,Tue,Weekday,53,106,12/28/2020,20201228,12,24,December,Dec,4,2020,202012,6,2,2021,Not Month End,12/29/2019,,"insert into Date_Dimension values(20201229, '2020-12-29',2, 29, 729, 'Tuesday', 'Tue', 'Weekday', 53, 106, '2020-12-28', 20201228, 12, 24, 'December', 'Dec', 4, 2020, 202012, 6, 2, 2021, 'Not Month End', '2019-12-29')"
20201230,12/30/2020,3,30,730,Wednesday,Wed,Weekday,53,106,12/28/2020,20201228,12,24,December,Dec,4,2020,202012,6,2,2021,Not Month End,12/30/2019,,"insert into Date_Dimension values(20201230, '2020-12-30',3, 30, 730, 'Wednesday', 'Wed', 'Weekday', 53, 106, '2020-12-28', 20201228, 12, 24, 'December', 'Dec', 4, 2020, 202012, 6, 2, 2021, 'Not Month End', '2019-12-30')"
20201231,12/31/2020,4,31,731,Thursday,Thu,Weekday,53,106,12/28/2020,20201228,12,24,December,Dec,4,2020,202012,6,2,2021,Month End,12/31/2019,,"insert into Date_Dimension values(20201231, '2020-12-31',4, 31, 731, 'Thursday', 'Thu', 'Weekday', 53, 106, '2020-12-28', 20201228, 12, 24, 'December', 'Dec', 4, 2020, 202012, 6, 2, 2021, 'Month End', '2019-12-31')"
20210101,1/1/2021,5,1,732,Friday,Fri,Weekday,1,107,12/28/2020,20201228,1,25,January,Jan,1,2021,202101,7,3,2021,Not Month End,1/1/2020,,"insert into Date_Dimension values(20210101, '2021-1-1',5, 1, 732, 'Friday', 'Fri', 'Weekday', 1, 107, '2020-12-28', 20201228, 1, 25, 'January', 'Jan', 1, 2021, 202101, 7, 3, 2021, 'Not Month End', '2020-1-1')"
20210102,1/2/2021,6,2,733,Saturday,Sat,Weekend,1,107,12/28/2020,20201228,1,25,January,Jan,1,2021,202101,7,3,2021,Not Month End,1/2/2020,,"insert into Date_Dimension values(20210102, '2021-1-2',6, 2, 733, 'Saturday', 'Sat', 'Weekend', 1, 107, '2020-12-28', 20201228, 1, 25, 'January', 'Jan', 1, 2021, 202101, 7, 3, 2021, 'Not Month End', '2020-1-2')"
20210103,1/3/2021,7,3,734,Sunday,Sun,Weekend,1,107,12/28/2020,20201228,1,25,January,Jan,1,2021,202101,7,3,2021,Not Month End,1/3/2020,,"insert into Date_Dimension values(20210103, '2021-1-3',7, 3, 734, 'Sunday', 'Sun', 'Weekend', 1, 107, '2020-12-28', 20201228, 1, 25, 'January', 'Jan', 1, 2021, 202101, 7, 3, 2021, 'Not Month End', '2020-1-3')"
20210104,1/4/2021,1,4,735,Monday,Mon,Weekday,2,108,1/4/2021,20210104,1,25,January,Jan,1,2021,202101,7,3,2021,Not Month End,1/4/2020,,"insert into Date_Dimension values(20210104, '2021-1-4',1, 4, 735, 'Monday', 'Mon', 'Weekday', 2, 108, '2021-1-4', 20210104, 1, 25, 'January', 'Jan', 1, 2021, 202101, 7, 3, 2021, 'Not Month End', '2020-1-4')"
20210105,1/5/2021,2,5,736,Tuesday,Tue,Weekday,2,108,1/4/2021,20210104,1,25,January,Jan,1,2021,202101,7,3,2021,Not Month End,1/5/2020,,"insert into Date_Dimension values(20210105, '2021-1-5',2, 5, 736, 'Tuesday', 'Tue', 'Weekday', 2, 108, '2021-1-4', 20210104, 1, 25, 'January', 'Jan', 1, 2021, 202101, 7, 3, 2021, 'Not Month End', '2020-1-5')"
20210106,1/6/2021,3,6,737,Wednesday,Wed,Weekday,2,108,1/4/2021,20210104,1,25,January,Jan,1,2021,202101,7,3,2021,Not Month End,1/6/2020,,"insert into Date_Dimension values(20210106, '2021-1-6',3, 6, 737, 'Wednesday', 'Wed', 'Weekday', 2, 108, '2021-1-4', 20210104, 1, 25, 'January', 'Jan', 1, 2021, 202101, 7, 3, 2021, 'Not Month End', '2020-1-6')"
20210107,1/7/2021,4,7,738,Thursday,Thu,Weekday,2,108,1/4/2021,20210104,1,25,January,Jan,1,2021,202101,7,3,2021,Not Month End,1/7/2020,,"insert into Date_Dimension values(20210107, '2021-1-7',4, 7, 738, 'Thursday', 'Thu', 'Weekday', 2, 108, '2021-1-4', 20210104, 1, 25, 'January', 'Jan', 1, 2021, 202101, 7, 3, 2021, 'Not Month End', '2020-1-7')"
20210108,1/8/2021,5,8,739,Friday,Fri,Weekday,2,108,1/4/2021,20210104,1,25,January,Jan,1,2021,202101,7,3,2021,Not Month End,1/8/2020,,"insert into Date_Dimension values(20210108, '2021-1-8',5, 8, 739, 'Friday', 'Fri', 'Weekday', 2, 108, '2021-1-4', 20210104, 1, 25, 'January', 'Jan', 1, 2021, 202101, 7, 3, 2021, 'Not Month End', '2020-1-8')"
20210109,1/9/2021,6,9,740,Saturday,Sat,Weekend,2,108,1/4/2021,20210104,1,25,January,Jan,1,2021,202101,7,3,2021,Not Month End,1/9/2020,,"insert into Date_Dimension values(20210109, '2021-1-9',6, 9, 740, 'Saturday', 'Sat', 'Weekend', 2, 108, '2021-1-4', 20210104, 1, 25, 'January', 'Jan', 1, 2021, 202101, 7, 3, 2021, 'Not Month End', '2020-1-9')"
20210110,1/10/2021,7,10,741,Sunday,Sun,Weekend,2,108,1/4/2021,20210104,1,25,January,Jan,1,2021,202101,7,3,2021,Not Month End,1/10/2020,,"insert into Date_Dimension values(20210110, '2021-1-10',7, 10, 741, 'Sunday', 'Sun', 'Weekend', 2, 108, '2021-1-4', 20210104, 1, 25, 'January', 'Jan', 1, 2021, 202101, 7, 3, 2021, 'Not Month End', '2020-1-10')"
20210111,1/11/2021,1,11,742,Monday,Mon,Weekday,3,109,1/11/2021,20210111,1,25,January,Jan,1,2021,202101,7,3,2021,Not Month End,1/11/2020,,"insert into Date_Dimension values(20210111, '2021-1-11',1, 11, 742, 'Monday', 'Mon', 'Weekday', 3, 109, '2021-1-11', 20210111, 1, 25, 'January', 'Jan', 1, 2021, 202101, 7, 3, 2021, 'Not Month End', '2020-1-11')"
20210112,1/12/2021,2,12,743,Tuesday,Tue,Weekday,3,109,1/11/2021,20210111,1,25,January,Jan,1,2021,202101,7,3,2021,Not Month End,1/12/2020,,"insert into Date_Dimension values(20210112, '2021-1-12',2, 12, 743, 'Tuesday', 'Tue', 'Weekday', 3, 109, '2021-1-11', 20210111, 1, 25, 'January', 'Jan', 1, 2021, 202101, 7, 3, 2021, 'Not Month End', '2020-1-12')"
20210113,1/13/2021,3,13,744,Wednesday,Wed,Weekday,3,109,1/11/2021,20210111,1,25,January,Jan,1,2021,202101,7,3,2021,Not Month End,1/13/2020,,"insert into Date_Dimension values(20210113, '2021-1-13',3, 13, 744, 'Wednesday', 'Wed', 'Weekday', 3, 109, '2021-1-11', 20210111, 1, 25, 'January', 'Jan', 1, 2021, 202101, 7, 3, 2021, 'Not Month End', '2020-1-13')"
20210114,1/14/2021,4,14,745,Thursday,Thu,Weekday,3,109,1/11/2021,20210111,1,25,January,Jan,1,2021,202101,7,3,2021,Not Month End,1/14/2020,,"insert into Date_Dimension values(20210114, '2021-1-14',4, 14, 745, 'Thursday', 'Thu', 'Weekday', 3, 109, '2021-1-11', 20210111, 1, 25, 'January', 'Jan', 1, 2021, 202101, 7, 3, 2021, 'Not Month End', '2020-1-14')"
20210115,1/15/2021,5,15,746,Friday,Fri,Weekday,3,109,1/11/2021,20210111,1,25,January,Jan,1,2021,202101,7,3,2021,Not Month End,1/15/2020,,"insert into Date_Dimension values(20210115, '2021-1-15',5, 15, 746, 'Friday', 'Fri', 'Weekday', 3, 109, '2021-1-11', 20210111, 1, 25, 'January', 'Jan', 1, 2021, 202101, 7, 3, 2021, 'Not Month End', '2020-1-15')"
20210116,1/16/2021,6,16,747,Saturday,Sat,Weekend,3,109,1/11/2021,20210111,1,25,January,Jan,1,2021,202101,7,3,2021,Not Month End,1/16/2020,,"insert into Date_Dimension values(20210116, '2021-1-16',6, 16, 747, 'Saturday', 'Sat', 'Weekend', 3, 109, '2021-1-11', 20210111, 1, 25, 'January', 'Jan', 1, 2021, 202101, 7, 3, 2021, 'Not Month End', '2020-1-16')"
20210117,1/17/2021,7,17,748,Sunday,Sun,Weekend,3,109,1/11/2021,20210111,1,25,January,Jan,1,2021,202101,7,3,2021,Not Month End,1/17/2020,,"insert into Date_Dimension values(20210117, '2021-1-17',7, 17, 748, 'Sunday', 'Sun', 'Weekend', 3, 109, '2021-1-11', 20210111, 1, 25, 'January', 'Jan', 1, 2021, 202101, 7, 3, 2021, 'Not Month End', '2020-1-17')"
20210118,1/18/2021,1,18,749,Monday,Mon,Weekday,4,110,1/18/2021,20210118,1,25,January,Jan,1,2021,202101,7,3,2021,Not Month End,1/18/2020,,"insert into Date_Dimension values(20210118, '2021-1-18',1, 18, 749, 'Monday', 'Mon', 'Weekday', 4, 110, '2021-1-18', 20210118, 1, 25, 'January', 'Jan', 1, 2021, 202101, 7, 3, 2021, 'Not Month End', '2020-1-18')"
20210119,1/19/2021,2,19,750,Tuesday,Tue,Weekday,4,110,1/18/2021,20210118,1,25,January,Jan,1,2021,202101,7,3,2021,Not Month End,1/19/2020,,"insert into Date_Dimension values(20210119, '2021-1-19',2, 19, 750, 'Tuesday', 'Tue', 'Weekday', 4, 110, '2021-1-18', 20210118, 1, 25, 'January', 'Jan', 1, 2021, 202101, 7, 3, 2021, 'Not Month End', '2020-1-19')"
20210120,1/20/2021,3,20,751,Wednesday,Wed,Weekday,4,110,1/18/2021,20210118,1,25,January,Jan,1,2021,202101,7,3,2021,Not Month End,1/20/2020,,"insert into Date_Dimension values(20210120, '2021-1-20',3, 20, 751, 'Wednesday', 'Wed', 'Weekday', 4, 110, '2021-1-18', 20210118, 1, 25, 'January', 'Jan', 1, 2021, 202101, 7, 3, 2021, 'Not Month End', '2020-1-20')"
20210121,1/21/2021,4,21,752,Thursday,Thu,Weekday,4,110,1/18/2021,20210118,1,25,January,Jan,1,2021,202101,7,3,2021,Not Month End,1/21/2020,,"insert into Date_Dimension values(20210121, '2021-1-21',4, 21, 752, 'Thursday', 'Thu', 'Weekday', 4, 110, '2021-1-18', 20210118, 1, 25, 'January', 'Jan', 1, 2021, 202101, 7, 3, 2021, 'Not Month End', '2020-1-21')"
20210122,1/22/2021,5,22,753,Friday,Fri,Weekday,4,110,1/18/2021,20210118,1,25,January,Jan,1,2021,202101,7,3,2021,Not Month End,1/22/2020,,"insert into Date_Dimension values(20210122, '2021-1-22',5, 22, 753, 'Friday', 'Fri', 'Weekday', 4, 110, '2021-1-18', 20210118, 1, 25, 'January', 'Jan', 1, 2021, 202101, 7, 3, 2021, 'Not Month End', '2020-1-22')"
20210123,1/23/2021,6,23,754,Saturday,Sat,Weekend,4,110,1/18/2021,20210118,1,25,January,Jan,1,2021,202101,7,3,2021,Not Month End,1/23/2020,,"insert into Date_Dimension values(20210123, '2021-1-23',6, 23, 754, 'Saturday', 'Sat', 'Weekend', 4, 110, '2021-1-18', 20210118, 1, 25, 'January', 'Jan', 1, 2021, 202101, 7, 3, 2021, 'Not Month End', '2020-1-23')"
20210124,1/24/2021,7,24,755,Sunday,Sun,Weekend,4,110,1/18/2021,20210118,1,25,January,Jan,1,2021,202101,7,3,2021,Not Month End,1/24/2020,,"insert into Date_Dimension values(20210124, '2021-1-24',7, 24, 755, 'Sunday', 'Sun', 'Weekend', 4, 110, '2021-1-18', 20210118, 1, 25, 'January', 'Jan', 1, 2021, 202101, 7, 3, 2021, 'Not Month End', '2020-1-24')"
20210125,1/25/2021,1,25,756,Monday,Mon,Weekday,5,111,1/25/2021,20210125,1,25,January,Jan,1,2021,202101,7,3,2021,Not Month End,1/25/2020,,"insert into Date_Dimension values(20210125, '2021-1-25',1, 25, 756, 'Monday', 'Mon', 'Weekday', 5, 111, '2021-1-25', 20210125, 1, 25, 'January', 'Jan', 1, 2021, 202101, 7, 3, 2021, 'Not Month End', '2020-1-25')"
20210126,1/26/2021,2,26,757,Tuesday,Tue,Weekday,5,111,1/25/2021,20210125,1,25,January,Jan,1,2021,202101,7,3,2021,Not Month End,1/26/2020,,"insert into Date_Dimension values(20210126, '2021-1-26',2, 26, 757, 'Tuesday', 'Tue', 'Weekday', 5, 111, '2021-1-25', 20210125, 1, 25, 'January', 'Jan', 1, 2021, 202101, 7, 3, 2021, 'Not Month End', '2020-1-26')"
20210127,1/27/2021,3,27,758,Wednesday,Wed,Weekday,5,111,1/25/2021,20210125,1,25,January,Jan,1,2021,202101,7,3,2021,Not Month End,1/27/2020,,"insert into Date_Dimension values(20210127, '2021-1-27',3, 27, 758, 'Wednesday', 'Wed', 'Weekday', 5, 111, '2021-1-25', 20210125, 1, 25, 'January', 'Jan', 1, 2021, 202101, 7, 3, 2021, 'Not Month End', '2020-1-27')"
20210128,1/28/2021,4,28,759,Thursday,Thu,Weekday,5,111,1/25/2021,20210125,1,25,January,Jan,1,2021,202101,7,3,2021,Not Month End,1/28/2020,,"insert into Date_Dimension values(20210128, '2021-1-28',4, 28, 759, 'Thursday', 'Thu', 'Weekday', 5, 111, '2021-1-25', 20210125, 1, 25, 'January', 'Jan', 1, 2021, 202101, 7, 3, 2021, 'Not Month End', '2020-1-28')"
20210129,1/29/2021,5,29,760,Friday,Fri,Weekday,5,111,1/25/2021,20210125,1,25,January,Jan,1,2021,202101,7,3,2021,Not Month End,1/29/2020,,"insert into Date_Dimension values(20210129, '2021-1-29',5, 29, 760, 'Friday', 'Fri', 'Weekday', 5, 111, '2021-1-25', 20210125, 1, 25, 'January', 'Jan', 1, 2021, 202101, 7, 3, 2021, 'Not Month End', '2020-1-29')"
20210130,1/30/2021,6,30,761,Saturday,Sat,Weekend,5,111,1/25/2021,20210125,1,25,January,Jan,1,2021,202101,7,3,2021,Not Month End,1/30/2020,,"insert into Date_Dimension values(20210130, '2021-1-30',6, 30, 761, 'Saturday', 'Sat', 'Weekend', 5, 111, '2021-1-25', 20210125, 1, 25, 'January', 'Jan', 1, 2021, 202101, 7, 3, 2021, 'Not Month End', '2020-1-30')"
20210131,1/31/2021,7,31,762,Sunday,Sun,Weekend,5,111,1/25/2021,20210125,1,25,January,Jan,1,2021,202101,7,3,2021,Month End,1/31/2020,,"insert into Date_Dimension values(20210131, '2021-1-31',7, 31, 762, 'Sunday', 'Sun', 'Weekend', 5, 111, '2021-1-25', 20210125, 1, 25, 'January', 'Jan', 1, 2021, 202101, 7, 3, 2021, 'Month End', '2020-1-31')"
20210201,2/1/2021,1,1,763,Monday,Mon,Weekday,6,112,2/1/2021,20210201,2,26,February,Feb,1,2021,202102,8,3,2021,Not Month End,2/1/2020,,"insert into Date_Dimension values(20210201, '2021-2-1',1, 1, 763, 'Monday', 'Mon', 'Weekday', 6, 112, '2021-2-1', 20210201, 2, 26, 'February', 'Feb', 1, 2021, 202102, 8, 3, 2021, 'Not Month End', '2020-2-1')"
20210202,2/2/2021,2,2,764,Tuesday,Tue,Weekday,6,112,2/1/2021,20210201,2,26,February,Feb,1,2021,202102,8,3,2021,Not Month End,2/2/2020,,"insert into Date_Dimension values(20210202, '2021-2-2',2, 2, 764, 'Tuesday', 'Tue', 'Weekday', 6, 112, '2021-2-1', 20210201, 2, 26, 'February', 'Feb', 1, 2021, 202102, 8, 3, 2021, 'Not Month End', '2020-2-2')"
20210203,2/3/2021,3,3,765,Wednesday,Wed,Weekday,6,112,2/1/2021,20210201,2,26,February,Feb,1,2021,202102,8,3,2021,Not Month End,2/3/2020,,"insert into Date_Dimension values(20210203, '2021-2-3',3, 3, 765, 'Wednesday', 'Wed', 'Weekday', 6, 112, '2021-2-1', 20210201, 2, 26, 'February', 'Feb', 1, 2021, 202102, 8, 3, 2021, 'Not Month End', '2020-2-3')"
20210204,2/4/2021,4,4,766,Thursday,Thu,Weekday,6,112,2/1/2021,20210201,2,26,February,Feb,1,2021,202102,8,3,2021,Not Month End,2/4/2020,,"insert into Date_Dimension values(20210204, '2021-2-4',4, 4, 766, 'Thursday', 'Thu', 'Weekday', 6, 112, '2021-2-1', 20210201, 2, 26, 'February', 'Feb', 1, 2021, 202102, 8, 3, 2021, 'Not Month End', '2020-2-4')"
20210205,2/5/2021,5,5,767,Friday,Fri,Weekday,6,112,2/1/2021,20210201,2,26,February,Feb,1,2021,202102,8,3,2021,Not Month End,2/5/2020,,"insert into Date_Dimension values(20210205, '2021-2-5',5, 5, 767, 'Friday', 'Fri', 'Weekday', 6, 112, '2021-2-1', 20210201, 2, 26, 'February', 'Feb', 1, 2021, 202102, 8, 3, 2021, 'Not Month End', '2020-2-5')"
20210206,2/6/2021,6,6,768,Saturday,Sat,Weekend,6,112,2/1/2021,20210201,2,26,February,Feb,1,2021,202102,8,3,2021,Not Month End,2/6/2020,,"insert into Date_Dimension values(20210206, '2021-2-6',6, 6, 768, 'Saturday', 'Sat', 'Weekend', 6, 112, '2021-2-1', 20210201, 2, 26, 'February', 'Feb', 1, 2021, 202102, 8, 3, 2021, 'Not Month End', '2020-2-6')"
20210207,2/7/2021,7,7,769,Sunday,Sun,Weekend,6,112,2/1/2021,20210201,2,26,February,Feb,1,2021,202102,8,3,2021,Not Month End,2/7/2020,,"insert into Date_Dimension values(20210207, '2021-2-7',7, 7, 769, 'Sunday', 'Sun', 'Weekend', 6, 112, '2021-2-1', 20210201, 2, 26, 'February', 'Feb', 1, 2021, 202102, 8, 3, 2021, 'Not Month End', '2020-2-7')"
20210208,2/8/2021,1,8,770,Monday,Mon,Weekday,7,113,2/8/2021,20210208,2,26,February,Feb,1,2021,202102,8,3,2021,Not Month End,2/8/2020,,"insert into Date_Dimension values(20210208, '2021-2-8',1, 8, 770, 'Monday', 'Mon', 'Weekday', 7, 113, '2021-2-8', 20210208, 2, 26, 'February', 'Feb', 1, 2021, 202102, 8, 3, 2021, 'Not Month End', '2020-2-8')"
20210209,2/9/2021,2,9,771,Tuesday,Tue,Weekday,7,113,2/8/2021,20210208,2,26,February,Feb,1,2021,202102,8,3,2021,Not Month End,2/9/2020,,"insert into Date_Dimension values(20210209, '2021-2-9',2, 9, 771, 'Tuesday', 'Tue', 'Weekday', 7, 113, '2021-2-8', 20210208, 2, 26, 'February', 'Feb', 1, 2021, 202102, 8, 3, 2021, 'Not Month End', '2020-2-9')"
20210210,2/10/2021,3,10,772,Wednesday,Wed,Weekday,7,113,2/8/2021,20210208,2,26,February,Feb,1,2021,202102,8,3,2021,Not Month End,2/10/2020,,"insert into Date_Dimension values(20210210, '2021-2-10',3, 10, 772, 'Wednesday', 'Wed', 'Weekday', 7, 113, '2021-2-8', 20210208, 2, 26, 'February', 'Feb', 1, 2021, 202102, 8, 3, 2021, 'Not Month End', '2020-2-10')"
20210211,2/11/2021,4,11,773,Thursday,Thu,Weekday,7,113,2/8/2021,20210208,2,26,February,Feb,1,2021,202102,8,3,2021,Not Month End,2/11/2020,,"insert into Date_Dimension values(20210211, '2021-2-11',4, 11, 773, 'Thursday', 'Thu', 'Weekday', 7, 113, '2021-2-8', 20210208, 2, 26, 'February', 'Feb', 1, 2021, 202102, 8, 3, 2021, 'Not Month End', '2020-2-11')"
20210212,2/12/2021,5,12,774,Friday,Fri,Weekday,7,113,2/8/2021,20210208,2,26,February,Feb,1,2021,202102,8,3,2021,Not Month End,2/12/2020,,"insert into Date_Dimension values(20210212, '2021-2-12',5, 12, 774, 'Friday', 'Fri', 'Weekday', 7, 113, '2021-2-8', 20210208, 2, 26, 'February', 'Feb', 1, 2021, 202102, 8, 3, 2021, 'Not Month End', '2020-2-12')"
20210213,2/13/2021,6,13,775,Saturday,Sat,Weekend,7,113,2/8/2021,20210208,2,26,February,Feb,1,2021,202102,8,3,2021,Not Month End,2/13/2020,,"insert into Date_Dimension values(20210213, '2021-2-13',6, 13, 775, 'Saturday', 'Sat', 'Weekend', 7, 113, '2021-2-8', 20210208, 2, 26, 'February', 'Feb', 1, 2021, 202102, 8, 3, 2021, 'Not Month End', '2020-2-13')"
20210214,2/14/2021,7,14,776,Sunday,Sun,Weekend,7,113,2/8/2021,20210208,2,26,February,Feb,1,2021,202102,8,3,2021,Not Month End,2/14/2020,,"insert into Date_Dimension values(20210214, '2021-2-14',7, 14, 776, 'Sunday', 'Sun', 'Weekend', 7, 113, '2021-2-8', 20210208, 2, 26, 'February', 'Feb', 1, 2021, 202102, 8, 3, 2021, 'Not Month End', '2020-2-14')"
20210215,2/15/2021,1,15,777,Monday,Mon,Weekday,8,114,2/15/2021,20210215,2,26,February,Feb,1,2021,202102,8,3,2021,Not Month End,2/15/2020,,"insert into Date_Dimension values(20210215, '2021-2-15',1, 15, 777, 'Monday', 'Mon', 'Weekday', 8, 114, '2021-2-15', 20210215, 2, 26, 'February', 'Feb', 1, 2021, 202102, 8, 3, 2021, 'Not Month End', '2020-2-15')"
20210216,2/16/2021,2,16,778,Tuesday,Tue,Weekday,8,114,2/15/2021,20210215,2,26,February,Feb,1,2021,202102,8,3,2021,Not Month End,2/16/2020,,"insert into Date_Dimension values(20210216, '2021-2-16',2, 16, 778, 'Tuesday', 'Tue', 'Weekday', 8, 114, '2021-2-15', 20210215, 2, 26, 'February', 'Feb', 1, 2021, 202102, 8, 3, 2021, 'Not Month End', '2020-2-16')"
20210217,2/17/2021,3,17,779,Wednesday,Wed,Weekday,8,114,2/15/2021,20210215,2,26,February,Feb,1,2021,202102,8,3,2021,Not Month End,2/17/2020,,"insert into Date_Dimension values(20210217, '2021-2-17',3, 17, 779, 'Wednesday', 'Wed', 'Weekday', 8, 114, '2021-2-15', 20210215, 2, 26, 'February', 'Feb', 1, 2021, 202102, 8, 3, 2021, 'Not Month End', '2020-2-17')"
20210218,2/18/2021,4,18,780,Thursday,Thu,Weekday,8,114,2/15/2021,20210215,2,26,February,Feb,1,2021,202102,8,3,2021,Not Month End,2/18/2020,,"insert into Date_Dimension values(20210218, '2021-2-18',4, 18, 780, 'Thursday', 'Thu', 'Weekday', 8, 114, '2021-2-15', 20210215, 2, 26, 'February', 'Feb', 1, 2021, 202102, 8, 3, 2021, 'Not Month End', '2020-2-18')"
20210219,2/19/2021,5,19,781,Friday,Fri,Weekday,8,114,2/15/2021,20210215,2,26,February,Feb,1,2021,202102,8,3,2021,Not Month End,2/19/2020,,"insert into Date_Dimension values(20210219, '2021-2-19',5, 19, 781, 'Friday', 'Fri', 'Weekday', 8, 114, '2021-2-15', 20210215, 2, 26, 'February', 'Feb', 1, 2021, 202102, 8, 3, 2021, 'Not Month End', '2020-2-19')"
20210220,2/20/2021,6,20,782,Saturday,Sat,Weekend,8,114,2/15/2021,20210215,2,26,February,Feb,1,2021,202102,8,3,2021,Not Month End,2/20/2020,,"insert into Date_Dimension values(20210220, '2021-2-20',6, 20, 782, 'Saturday', 'Sat', 'Weekend', 8, 114, '2021-2-15', 20210215, 2, 26, 'February', 'Feb', 1, 2021, 202102, 8, 3, 2021, 'Not Month End', '2020-2-20')"
20210221,2/21/2021,7,21,783,Sunday,Sun,Weekend,8,114,2/15/2021,20210215,2,26,February,Feb,1,2021,202102,8,3,2021,Not Month End,2/21/2020,,"insert into Date_Dimension values(20210221, '2021-2-21',7, 21, 783, 'Sunday', 'Sun', 'Weekend', 8, 114, '2021-2-15', 20210215, 2, 26, 'February', 'Feb', 1, 2021, 202102, 8, 3, 2021, 'Not Month End', '2020-2-21')"
20210222,2/22/2021,1,22,784,Monday,Mon,Weekday,9,115,2/22/2021,20210222,2,26,February,Feb,1,2021,202102,8,3,2021,Not Month End,2/22/2020,,"insert into Date_Dimension values(20210222, '2021-2-22',1, 22, 784, 'Monday', 'Mon', 'Weekday', 9, 115, '2021-2-22', 20210222, 2, 26, 'February', 'Feb', 1, 2021, 202102, 8, 3, 2021, 'Not Month End', '2020-2-22')"
20210223,2/23/2021,2,23,785,Tuesday,Tue,Weekday,9,115,2/22/2021,20210222,2,26,February,Feb,1,2021,202102,8,3,2021,Not Month End,2/23/2020,,"insert into Date_Dimension values(20210223, '2021-2-23',2, 23, 785, 'Tuesday', 'Tue', 'Weekday', 9, 115, '2021-2-22', 20210222, 2, 26, 'February', 'Feb', 1, 2021, 202102, 8, 3, 2021, 'Not Month End', '2020-2-23')"
20210224,2/24/2021,3,24,786,Wednesday,Wed,Weekday,9,115,2/22/2021,20210222,2,26,February,Feb,1,2021,202102,8,3,2021,Not Month End,2/24/2020,,"insert into Date_Dimension values(20210224, '2021-2-24',3, 24, 786, 'Wednesday', 'Wed', 'Weekday', 9, 115, '2021-2-22', 20210222, 2, 26, 'February', 'Feb', 1, 2021, 202102, 8, 3, 2021, 'Not Month End', '2020-2-24')"
20210225,2/25/2021,4,25,787,Thursday,Thu,Weekday,9,115,2/22/2021,20210222,2,26,February,Feb,1,2021,202102,8,3,2021,Not Month End,2/25/2020,,"insert into Date_Dimension values(20210225, '2021-2-25',4, 25, 787, 'Thursday', 'Thu', 'Weekday', 9, 115, '2021-2-22', 20210222, 2, 26, 'February', 'Feb', 1, 2021, 202102, 8, 3, 2021, 'Not Month End', '2020-2-25')"
20210226,2/26/2021,5,26,788,Friday,Fri,Weekday,9,115,2/22/2021,20210222,2,26,February,Feb,1,2021,202102,8,3,2021,Not Month End,2/26/2020,,"insert into Date_Dimension values(20210226, '2021-2-26',5, 26, 788, 'Friday', 'Fri', 'Weekday', 9, 115, '2021-2-22', 20210222, 2, 26, 'February', 'Feb', 1, 2021, 202102, 8, 3, 2021, 'Not Month End', '2020-2-26')"
20210227,2/27/2021,6,27,789,Saturday,Sat,Weekend,9,115,2/22/2021,20210222,2,26,February,Feb,1,2021,202102,8,3,2021,Not Month End,2/27/2020,,"insert into Date_Dimension values(20210227, '2021-2-27',6, 27, 789, 'Saturday', 'Sat', 'Weekend', 9, 115, '2021-2-22', 20210222, 2, 26, 'February', 'Feb', 1, 2021, 202102, 8, 3, 2021, 'Not Month End', '2020-2-27')"
20210228,2/28/2021,7,28,790,Sunday,Sun,Weekend,9,115,2/22/2021,20210222,2,26,February,Feb,1,2021,202102,8,3,2021,Month End,2/28/2020,,"insert into Date_Dimension values(20210228, '2021-2-28',7, 28, 790, 'Sunday', 'Sun', 'Weekend', 9, 115, '2021-2-22', 20210222, 2, 26, 'February', 'Feb', 1, 2021, 202102, 8, 3, 2021, 'Month End', '2020-2-28')"
20210301,3/1/2021,1,1,791,Monday,Mon,Weekday,10,116,3/1/2021,20210301,3,27,March,Mar,1,2021,202103,9,3,2021,Not Month End,3/1/2020,,"insert into Date_Dimension values(20210301, '2021-3-1',1, 1, 791, 'Monday', 'Mon', 'Weekday', 10, 116, '2021-3-1', 20210301, 3, 27, 'March', 'Mar', 1, 2021, 202103, 9, 3, 2021, 'Not Month End', '2020-3-1')"
20210302,3/2/2021,2,2,792,Tuesday,Tue,Weekday,10,116,3/1/2021,20210301,3,27,March,Mar,1,2021,202103,9,3,2021,Not Month End,3/2/2020,,"insert into Date_Dimension values(20210302, '2021-3-2',2, 2, 792, 'Tuesday', 'Tue', 'Weekday', 10, 116, '2021-3-1', 20210301, 3, 27, 'March', 'Mar', 1, 2021, 202103, 9, 3, 2021, 'Not Month End', '2020-3-2')"
20210303,3/3/2021,3,3,793,Wednesday,Wed,Weekday,10,116,3/1/2021,20210301,3,27,March,Mar,1,2021,202103,9,3,2021,Not Month End,3/3/2020,,"insert into Date_Dimension values(20210303, '2021-3-3',3, 3, 793, 'Wednesday', 'Wed', 'Weekday', 10, 116, '2021-3-1', 20210301, 3, 27, 'March', 'Mar', 1, 2021, 202103, 9, 3, 2021, 'Not Month End', '2020-3-3')"
20210304,3/4/2021,4,4,794,Thursday,Thu,Weekday,10,116,3/1/2021,20210301,3,27,March,Mar,1,2021,202103,9,3,2021,Not Month End,3/4/2020,,"insert into Date_Dimension values(20210304, '2021-3-4',4, 4, 794, 'Thursday', 'Thu', 'Weekday', 10, 116, '2021-3-1', 20210301, 3, 27, 'March', 'Mar', 1, 2021, 202103, 9, 3, 2021, 'Not Month End', '2020-3-4')"
20210305,3/5/2021,5,5,795,Friday,Fri,Weekday,10,116,3/1/2021,20210301,3,27,March,Mar,1,2021,202103,9,3,2021,Not Month End,3/5/2020,,"insert into Date_Dimension values(20210305, '2021-3-5',5, 5, 795, 'Friday', 'Fri', 'Weekday', 10, 116, '2021-3-1', 20210301, 3, 27, 'March', 'Mar', 1, 2021, 202103, 9, 3, 2021, 'Not Month End', '2020-3-5')"
20210306,3/6/2021,6,6,796,Saturday,Sat,Weekend,10,116,3/1/2021,20210301,3,27,March,Mar,1,2021,202103,9,3,2021,Not Month End,3/6/2020,,"insert into Date_Dimension values(20210306, '2021-3-6',6, 6, 796, 'Saturday', 'Sat', 'Weekend', 10, 116, '2021-3-1', 20210301, 3, 27, 'March', 'Mar', 1, 2021, 202103, 9, 3, 2021, 'Not Month End', '2020-3-6')"
20210307,3/7/2021,7,7,797,Sunday,Sun,Weekend,10,116,3/1/2021,20210301,3,27,March,Mar,1,2021,202103,9,3,2021,Not Month End,3/7/2020,,"insert into Date_Dimension values(20210307, '2021-3-7',7, 7, 797, 'Sunday', 'Sun', 'Weekend', 10, 116, '2021-3-1', 20210301, 3, 27, 'March', 'Mar', 1, 2021, 202103, 9, 3, 2021, 'Not Month End', '2020-3-7')"
20210308,3/8/2021,1,8,798,Monday,Mon,Weekday,11,117,3/8/2021,20210308,3,27,March,Mar,1,2021,202103,9,3,2021,Not Month End,3/8/2020,,"insert into Date_Dimension values(20210308, '2021-3-8',1, 8, 798, 'Monday', 'Mon', 'Weekday', 11, 117, '2021-3-8', 20210308, 3, 27, 'March', 'Mar', 1, 2021, 202103, 9, 3, 2021, 'Not Month End', '2020-3-8')"
20210309,3/9/2021,2,9,799,Tuesday,Tue,Weekday,11,117,3/8/2021,20210308,3,27,March,Mar,1,2021,202103,9,3,2021,Not Month End,3/9/2020,,"insert into Date_Dimension values(20210309, '2021-3-9',2, 9, 799, 'Tuesday', 'Tue', 'Weekday', 11, 117, '2021-3-8', 20210308, 3, 27, 'March', 'Mar', 1, 2021, 202103, 9, 3, 2021, 'Not Month End', '2020-3-9')"
20210310,3/10/2021,3,10,800,Wednesday,Wed,Weekday,11,117,3/8/2021,20210308,3,27,March,Mar,1,2021,202103,9,3,2021,Not Month End,3/10/2020,,"insert into Date_Dimension values(20210310, '2021-3-10',3, 10, 800, 'Wednesday', 'Wed', 'Weekday', 11, 117, '2021-3-8', 20210308, 3, 27, 'March', 'Mar', 1, 2021, 202103, 9, 3, 2021, 'Not Month End', '2020-3-10')"
20210311,3/11/2021,4,11,801,Thursday,Thu,Weekday,11,117,3/8/2021,20210308,3,27,March,Mar,1,2021,202103,9,3,2021,Not Month End,3/11/2020,,"insert into Date_Dimension values(20210311, '2021-3-11',4, 11, 801, 'Thursday', 'Thu', 'Weekday', 11, 117, '2021-3-8', 20210308, 3, 27, 'March', 'Mar', 1, 2021, 202103, 9, 3, 2021, 'Not Month End', '2020-3-11')"
20210312,3/12/2021,5,12,802,Friday,Fri,Weekday,11,117,3/8/2021,20210308,3,27,March,Mar,1,2021,202103,9,3,2021,Not Month End,3/12/2020,,"insert into Date_Dimension values(20210312, '2021-3-12',5, 12, 802, 'Friday', 'Fri', 'Weekday', 11, 117, '2021-3-8', 20210308, 3, 27, 'March', 'Mar', 1, 2021, 202103, 9, 3, 2021, 'Not Month End', '2020-3-12')"
20210313,3/13/2021,6,13,803,Saturday,Sat,Weekend,11,117,3/8/2021,20210308,3,27,March,Mar,1,2021,202103,9,3,2021,Not Month End,3/13/2020,,"insert into Date_Dimension values(20210313, '2021-3-13',6, 13, 803, 'Saturday', 'Sat', 'Weekend', 11, 117, '2021-3-8', 20210308, 3, 27, 'March', 'Mar', 1, 2021, 202103, 9, 3, 2021, 'Not Month End', '2020-3-13')"
20210314,3/14/2021,7,14,804,Sunday,Sun,Weekend,11,117,3/8/2021,20210308,3,27,March,Mar,1,2021,202103,9,3,2021,Not Month End,3/14/2020,,"insert into Date_Dimension values(20210314, '2021-3-14',7, 14, 804, 'Sunday', 'Sun', 'Weekend', 11, 117, '2021-3-8', 20210308, 3, 27, 'March', 'Mar', 1, 2021, 202103, 9, 3, 2021, 'Not Month End', '2020-3-14')"
20210315,3/15/2021,1,15,805,Monday,Mon,Weekday,12,118,3/15/2021,20210315,3,27,March,Mar,1,2021,202103,9,3,2021,Not Month End,3/15/2020,,"insert into Date_Dimension values(20210315, '2021-3-15',1, 15, 805, 'Monday', 'Mon', 'Weekday', 12, 118, '2021-3-15', 20210315, 3, 27, 'March', 'Mar', 1, 2021, 202103, 9, 3, 2021, 'Not Month End', '2020-3-15')"
20210316,3/16/2021,2,16,806,Tuesday,Tue,Weekday,12,118,3/15/2021,20210315,3,27,March,Mar,1,2021,202103,9,3,2021,Not Month End,3/16/2020,,"insert into Date_Dimension values(20210316, '2021-3-16',2, 16, 806, 'Tuesday', 'Tue', 'Weekday', 12, 118, '2021-3-15', 20210315, 3, 27, 'March', 'Mar', 1, 2021, 202103, 9, 3, 2021, 'Not Month End', '2020-3-16')"
20210317,3/17/2021,3,17,807,Wednesday,Wed,Weekday,12,118,3/15/2021,20210315,3,27,March,Mar,1,2021,202103,9,3,2021,Not Month End,3/17/2020,,"insert into Date_Dimension values(20210317, '2021-3-17',3, 17, 807, 'Wednesday', 'Wed', 'Weekday', 12, 118, '2021-3-15', 20210315, 3, 27, 'March', 'Mar', 1, 2021, 202103, 9, 3, 2021, 'Not Month End', '2020-3-17')"
20210318,3/18/2021,4,18,808,Thursday,Thu,Weekday,12,118,3/15/2021,20210315,3,27,March,Mar,1,2021,202103,9,3,2021,Not Month End,3/18/2020,,"insert into Date_Dimension values(20210318, '2021-3-18',4, 18, 808, 'Thursday', 'Thu', 'Weekday', 12, 118, '2021-3-15', 20210315, 3, 27, 'March', 'Mar', 1, 2021, 202103, 9, 3, 2021, 'Not Month End', '2020-3-18')"
20210319,3/19/2021,5,19,809,Friday,Fri,Weekday,12,118,3/15/2021,20210315,3,27,March,Mar,1,2021,202103,9,3,2021,Not Month End,3/19/2020,,"insert into Date_Dimension values(20210319, '2021-3-19',5, 19, 809, 'Friday', 'Fri', 'Weekday', 12, 118, '2021-3-15', 20210315, 3, 27, 'March', 'Mar', 1, 2021, 202103, 9, 3, 2021, 'Not Month End', '2020-3-19')"
20210320,3/20/2021,6,20,810,Saturday,Sat,Weekend,12,118,3/15/2021,20210315,3,27,March,Mar,1,2021,202103,9,3,2021,Not Month End,3/20/2020,,"insert into Date_Dimension values(20210320, '2021-3-20',6, 20, 810, 'Saturday', 'Sat', 'Weekend', 12, 118, '2021-3-15', 20210315, 3, 27, 'March', 'Mar', 1, 2021, 202103, 9, 3, 2021, 'Not Month End', '2020-3-20')"
20210321,3/21/2021,7,21,811,Sunday,Sun,Weekend,12,118,3/15/2021,20210315,3,27,March,Mar,1,2021,202103,9,3,2021,Not Month End,3/21/2020,,"insert into Date_Dimension values(20210321, '2021-3-21',7, 21, 811, 'Sunday', 'Sun', 'Weekend', 12, 118, '2021-3-15', 20210315, 3, 27, 'March', 'Mar', 1, 2021, 202103, 9, 3, 2021, 'Not Month End', '2020-3-21')"
20210322,3/22/2021,1,22,812,Monday,Mon,Weekday,13,119,3/22/2021,20210322,3,27,March,Mar,1,2021,202103,9,3,2021,Not Month End,3/22/2020,,"insert into Date_Dimension values(20210322, '2021-3-22',1, 22, 812, 'Monday', 'Mon', 'Weekday', 13, 119, '2021-3-22', 20210322, 3, 27, 'March', 'Mar', 1, 2021, 202103, 9, 3, 2021, 'Not Month End', '2020-3-22')"
20210323,3/23/2021,2,23,813,Tuesday,Tue,Weekday,13,119,3/22/2021,20210322,3,27,March,Mar,1,2021,202103,9,3,2021,Not Month End,3/23/2020,,"insert into Date_Dimension values(20210323, '2021-3-23',2, 23, 813, 'Tuesday', 'Tue', 'Weekday', 13, 119, '2021-3-22', 20210322, 3, 27, 'March', 'Mar', 1, 2021, 202103, 9, 3, 2021, 'Not Month End', '2020-3-23')"
20210324,3/24/2021,3,24,814,Wednesday,Wed,Weekday,13,119,3/22/2021,20210322,3,27,March,Mar,1,2021,202103,9,3,2021,Not Month End,3/24/2020,,"insert into Date_Dimension values(20210324, '2021-3-24',3, 24, 814, 'Wednesday', 'Wed', 'Weekday', 13, 119, '2021-3-22', 20210322, 3, 27, 'March', 'Mar', 1, 2021, 202103, 9, 3, 2021, 'Not Month End', '2020-3-24')"
20210325,3/25/2021,4,25,815,Thursday,Thu,Weekday,13,119,3/22/2021,20210322,3,27,March,Mar,1,2021,202103,9,3,2021,Not Month End,3/25/2020,,"insert into Date_Dimension values(20210325, '2021-3-25',4, 25, 815, 'Thursday', 'Thu', 'Weekday', 13, 119, '2021-3-22', 20210322, 3, 27, 'March', 'Mar', 1, 2021, 202103, 9, 3, 2021, 'Not Month End', '2020-3-25')"
20210326,3/26/2021,5,26,816,Friday,Fri,Weekday,13,119,3/22/2021,20210322,3,27,March,Mar,1,2021,202103,9,3,2021,Not Month End,3/26/2020,,"insert into Date_Dimension values(20210326, '2021-3-26',5, 26, 816, 'Friday', 'Fri', 'Weekday', 13, 119, '2021-3-22', 20210322, 3, 27, 'March', 'Mar', 1, 2021, 202103, 9, 3, 2021, 'Not Month End', '2020-3-26')"
20210327,3/27/2021,6,27,817,Saturday,Sat,Weekend,13,119,3/22/2021,20210322,3,27,March,Mar,1,2021,202103,9,3,2021,Not Month End,3/27/2020,,"insert into Date_Dimension values(20210327, '2021-3-27',6, 27, 817, 'Saturday', 'Sat', 'Weekend', 13, 119, '2021-3-22', 20210322, 3, 27, 'March', 'Mar', 1, 2021, 202103, 9, 3, 2021, 'Not Month End', '2020-3-27')"
20210328,3/28/2021,7,28,818,Sunday,Sun,Weekend,13,119,3/22/2021,20210322,3,27,March,Mar,1,2021,202103,9,3,2021,Not Month End,3/28/2020,,"insert into Date_Dimension values(20210328, '2021-3-28',7, 28, 818, 'Sunday', 'Sun', 'Weekend', 13, 119, '2021-3-22', 20210322, 3, 27, 'March', 'Mar', 1, 2021, 202103, 9, 3, 2021, 'Not Month End', '2020-3-28')"
20210329,3/29/2021,1,29,819,Monday,Mon,Weekday,14,120,3/29/2021,20210329,3,27,March,Mar,1,2021,202103,9,3,2021,Not Month End,3/29/2020,,"insert into Date_Dimension values(20210329, '2021-3-29',1, 29, 819, 'Monday', 'Mon', 'Weekday', 14, 120, '2021-3-29', 20210329, 3, 27, 'March', 'Mar', 1, 2021, 202103, 9, 3, 2021, 'Not Month End', '2020-3-29')"
20210330,3/30/2021,2,30,820,Tuesday,Tue,Weekday,14,120,3/29/2021,20210329,3,27,March,Mar,1,2021,202103,9,3,2021,Not Month End,3/30/2020,,"insert into Date_Dimension values(20210330, '2021-3-30',2, 30, 820, 'Tuesday', 'Tue', 'Weekday', 14, 120, '2021-3-29', 20210329, 3, 27, 'March', 'Mar', 1, 2021, 202103, 9, 3, 2021, 'Not Month End', '2020-3-30')"
20210331,3/31/2021,3,31,821,Wednesday,Wed,Weekday,14,120,3/29/2021,20210329,3,27,March,Mar,1,2021,202103,9,3,2021,Month End,3/31/2020,,"insert into Date_Dimension values(20210331, '2021-3-31',3, 31, 821, 'Wednesday', 'Wed', 'Weekday', 14, 120, '2021-3-29', 20210329, 3, 27, 'March', 'Mar', 1, 2021, 202103, 9, 3, 2021, 'Month End', '2020-3-31')"
20210401,4/1/2021,4,1,822,Thursday,Thu,Weekday,14,120,3/29/2021,20210329,4,28,April,Apr,2,2021,202104,10,4,2021,Not Month End,4/1/2020,,"insert into Date_Dimension values(20210401, '2021-4-1',4, 1, 822, 'Thursday', 'Thu', 'Weekday', 14, 120, '2021-3-29', 20210329, 4, 28, 'April', 'Apr', 2, 2021, 202104, 10, 4, 2021, 'Not Month End', '2020-4-1')"
20210402,4/2/2021,5,2,823,Friday,Fri,Weekday,14,120,3/29/2021,20210329,4,28,April,Apr,2,2021,202104,10,4,2021,Not Month End,4/2/2020,,"insert into Date_Dimension values(20210402, '2021-4-2',5, 2, 823, 'Friday', 'Fri', 'Weekday', 14, 120, '2021-3-29', 20210329, 4, 28, 'April', 'Apr', 2, 2021, 202104, 10, 4, 2021, 'Not Month End', '2020-4-2')"
20210403,4/3/2021,6,3,824,Saturday,Sat,Weekend,14,120,3/29/2021,20210329,4,28,April,Apr,2,2021,202104,10,4,2021,Not Month End,4/3/2020,,"insert into Date_Dimension values(20210403, '2021-4-3',6, 3, 824, 'Saturday', 'Sat', 'Weekend', 14, 120, '2021-3-29', 20210329, 4, 28, 'April', 'Apr', 2, 2021, 202104, 10, 4, 2021, 'Not Month End', '2020-4-3')"
20210404,4/4/2021,7,4,825,Sunday,Sun,Weekend,14,120,3/29/2021,20210329,4,28,April,Apr,2,2021,202104,10,4,2021,Not Month End,4/4/2020,,"insert into Date_Dimension values(20210404, '2021-4-4',7, 4, 825, 'Sunday', 'Sun', 'Weekend', 14, 120, '2021-3-29', 20210329, 4, 28, 'April', 'Apr', 2, 2021, 202104, 10, 4, 2021, 'Not Month End', '2020-4-4')"
20210405,4/5/2021,1,5,826,Monday,Mon,Weekday,15,121,4/5/2021,20210405,4,28,April,Apr,2,2021,202104,10,4,2021,Not Month End,4/5/2020,,"insert into Date_Dimension values(20210405, '2021-4-5',1, 5, 826, 'Monday', 'Mon', 'Weekday', 15, 121, '2021-4-5', 20210405, 4, 28, 'April', 'Apr', 2, 2021, 202104, 10, 4, 2021, 'Not Month End', '2020-4-5')"
20210406,4/6/2021,2,6,827,Tuesday,Tue,Weekday,15,121,4/5/2021,20210405,4,28,April,Apr,2,2021,202104,10,4,2021,Not Month End,4/6/2020,,"insert into Date_Dimension values(20210406, '2021-4-6',2, 6, 827, 'Tuesday', 'Tue', 'Weekday', 15, 121, '2021-4-5', 20210405, 4, 28, 'April', 'Apr', 2, 2021, 202104, 10, 4, 2021, 'Not Month End', '2020-4-6')"
20210407,4/7/2021,3,7,828,Wednesday,Wed,Weekday,15,121,4/5/2021,20210405,4,28,April,Apr,2,2021,202104,10,4,2021,Not Month End,4/7/2020,,"insert into Date_Dimension values(20210407, '2021-4-7',3, 7, 828, 'Wednesday', 'Wed', 'Weekday', 15, 121, '2021-4-5', 20210405, 4, 28, 'April', 'Apr', 2, 2021, 202104, 10, 4, 2021, 'Not Month End', '2020-4-7')"
20210408,4/8/2021,4,8,829,Thursday,Thu,Weekday,15,121,4/5/2021,20210405,4,28,April,Apr,2,2021,202104,10,4,2021,Not Month End,4/8/2020,,"insert into Date_Dimension values(20210408, '2021-4-8',4, 8, 829, 'Thursday', 'Thu', 'Weekday', 15, 121, '2021-4-5', 20210405, 4, 28, 'April', 'Apr', 2, 2021, 202104, 10, 4, 2021, 'Not Month End', '2020-4-8')"
20210409,4/9/2021,5,9,830,Friday,Fri,Weekday,15,121,4/5/2021,20210405,4,28,April,Apr,2,2021,202104,10,4,2021,Not Month End,4/9/2020,,"insert into Date_Dimension values(20210409, '2021-4-9',5, 9, 830, 'Friday', 'Fri', 'Weekday', 15, 121, '2021-4-5', 20210405, 4, 28, 'April', 'Apr', 2, 2021, 202104, 10, 4, 2021, 'Not Month End', '2020-4-9')"
20210410,4/10/2021,6,10,831,Saturday,Sat,Weekend,15,121,4/5/2021,20210405,4,28,April,Apr,2,2021,202104,10,4,2021,Not Month End,4/10/2020,,"insert into Date_Dimension values(20210410, '2021-4-10',6, 10, 831, 'Saturday', 'Sat', 'Weekend', 15, 121, '2021-4-5', 20210405, 4, 28, 'April', 'Apr', 2, 2021, 202104, 10, 4, 2021, 'Not Month End', '2020-4-10')"
20210411,4/11/2021,7,11,832,Sunday,Sun,Weekend,15,121,4/5/2021,20210405,4,28,April,Apr,2,2021,202104,10,4,2021,Not Month End,4/11/2020,,"insert into Date_Dimension values(20210411, '2021-4-11',7, 11, 832, 'Sunday', 'Sun', 'Weekend', 15, 121, '2021-4-5', 20210405, 4, 28, 'April', 'Apr', 2, 2021, 202104, 10, 4, 2021, 'Not Month End', '2020-4-11')"
20210412,4/12/2021,1,12,833,Monday,Mon,Weekday,16,122,4/12/2021,20210412,4,28,April,Apr,2,2021,202104,10,4,2021,Not Month End,4/12/2020,,"insert into Date_Dimension values(20210412, '2021-4-12',1, 12, 833, 'Monday', 'Mon', 'Weekday', 16, 122, '2021-4-12', 20210412, 4, 28, 'April', 'Apr', 2, 2021, 202104, 10, 4, 2021, 'Not Month End', '2020-4-12')"
20210413,4/13/2021,2,13,834,Tuesday,Tue,Weekday,16,122,4/12/2021,20210412,4,28,April,Apr,2,2021,202104,10,4,2021,Not Month End,4/13/2020,,"insert into Date_Dimension values(20210413, '2021-4-13',2, 13, 834, 'Tuesday', 'Tue', 'Weekday', 16, 122, '2021-4-12', 20210412, 4, 28, 'April', 'Apr', 2, 2021, 202104, 10, 4, 2021, 'Not Month End', '2020-4-13')"
20210414,4/14/2021,3,14,835,Wednesday,Wed,Weekday,16,122,4/12/2021,20210412,4,28,April,Apr,2,2021,202104,10,4,2021,Not Month End,4/14/2020,,"insert into Date_Dimension values(20210414, '2021-4-14',3, 14, 835, 'Wednesday', 'Wed', 'Weekday', 16, 122, '2021-4-12', 20210412, 4, 28, 'April', 'Apr', 2, 2021, 202104, 10, 4, 2021, 'Not Month End', '2020-4-14')"
20210415,4/15/2021,4,15,836,Thursday,Thu,Weekday,16,122,4/12/2021,20210412,4,28,April,Apr,2,2021,202104,10,4,2021,Not Month End,4/15/2020,,"insert into Date_Dimension values(20210415, '2021-4-15',4, 15, 836, 'Thursday', 'Thu', 'Weekday', 16, 122, '2021-4-12', 20210412, 4, 28, 'April', 'Apr', 2, 2021, 202104, 10, 4, 2021, 'Not Month End', '2020-4-15')"
20210416,4/16/2021,5,16,837,Friday,Fri,Weekday,16,122,4/12/2021,20210412,4,28,April,Apr,2,2021,202104,10,4,2021,Not Month End,4/16/2020,,"insert into Date_Dimension values(20210416, '2021-4-16',5, 16, 837, 'Friday', 'Fri', 'Weekday', 16, 122, '2021-4-12', 20210412, 4, 28, 'April', 'Apr', 2, 2021, 202104, 10, 4, 2021, 'Not Month End', '2020-4-16')"
20210417,4/17/2021,6,17,838,Saturday,Sat,Weekend,16,122,4/12/2021,20210412,4,28,April,Apr,2,2021,202104,10,4,2021,Not Month End,4/17/2020,,"insert into Date_Dimension values(20210417, '2021-4-17',6, 17, 838, 'Saturday', 'Sat', 'Weekend', 16, 122, '2021-4-12', 20210412, 4, 28, 'April', 'Apr', 2, 2021, 202104, 10, 4, 2021, 'Not Month End', '2020-4-17')"
20210418,4/18/2021,7,18,839,Sunday,Sun,Weekend,16,122,4/12/2021,20210412,4,28,April,Apr,2,2021,202104,10,4,2021,Not Month End,4/18/2020,,"insert into Date_Dimension values(20210418, '2021-4-18',7, 18, 839, 'Sunday', 'Sun', 'Weekend', 16, 122, '2021-4-12', 20210412, 4, 28, 'April', 'Apr', 2, 2021, 202104, 10, 4, 2021, 'Not Month End', '2020-4-18')"
20210419,4/19/2021,1,19,840,Monday,Mon,Weekday,17,123,4/19/2021,20210419,4,28,April,Apr,2,2021,202104,10,4,2021,Not Month End,4/19/2020,,"insert into Date_Dimension values(20210419, '2021-4-19',1, 19, 840, 'Monday', 'Mon', 'Weekday', 17, 123, '2021-4-19', 20210419, 4, 28, 'April', 'Apr', 2, 2021, 202104, 10, 4, 2021, 'Not Month End', '2020-4-19')"
20210420,4/20/2021,2,20,841,Tuesday,Tue,Weekday,17,123,4/19/2021,20210419,4,28,April,Apr,2,2021,202104,10,4,2021,Not Month End,4/20/2020,,"insert into Date_Dimension values(20210420, '2021-4-20',2, 20, 841, 'Tuesday', 'Tue', 'Weekday', 17, 123, '2021-4-19', 20210419, 4, 28, 'April', 'Apr', 2, 2021, 202104, 10, 4, 2021, 'Not Month End', '2020-4-20')"
20210421,4/21/2021,3,21,842,Wednesday,Wed,Weekday,17,123,4/19/2021,20210419,4,28,April,Apr,2,2021,202104,10,4,2021,Not Month End,4/21/2020,,"insert into Date_Dimension values(20210421, '2021-4-21',3, 21, 842, 'Wednesday', 'Wed', 'Weekday', 17, 123, '2021-4-19', 20210419, 4, 28, 'April', 'Apr', 2, 2021, 202104, 10, 4, 2021, 'Not Month End', '2020-4-21')"
20210422,4/22/2021,4,22,843,Thursday,Thu,Weekday,17,123,4/19/2021,20210419,4,28,April,Apr,2,2021,202104,10,4,2021,Not Month End,4/22/2020,,"insert into Date_Dimension values(20210422, '2021-4-22',4, 22, 843, 'Thursday', 'Thu', 'Weekday', 17, 123, '2021-4-19', 20210419, 4, 28, 'April', 'Apr', 2, 2021, 202104, 10, 4, 2021, 'Not Month End', '2020-4-22')"
20210423,4/23/2021,5,23,844,Friday,Fri,Weekday,17,123,4/19/2021,20210419,4,28,April,Apr,2,2021,202104,10,4,2021,Not Month End,4/23/2020,,"insert into Date_Dimension values(20210423, '2021-4-23',5, 23, 844, 'Friday', 'Fri', 'Weekday', 17, 123, '2021-4-19', 20210419, 4, 28, 'April', 'Apr', 2, 2021, 202104, 10, 4, 2021, 'Not Month End', '2020-4-23')"
20210424,4/24/2021,6,24,845,Saturday,Sat,Weekend,17,123,4/19/2021,20210419,4,28,April,Apr,2,2021,202104,10,4,2021,Not Month End,4/24/2020,,"insert into Date_Dimension values(20210424, '2021-4-24',6, 24, 845, 'Saturday', 'Sat', 'Weekend', 17, 123, '2021-4-19', 20210419, 4, 28, 'April', 'Apr', 2, 2021, 202104, 10, 4, 2021, 'Not Month End', '2020-4-24')"
20210425,4/25/2021,7,25,846,Sunday,Sun,Weekend,17,123,4/19/2021,20210419,4,28,April,Apr,2,2021,202104,10,4,2021,Not Month End,4/25/2020,,"insert into Date_Dimension values(20210425, '2021-4-25',7, 25, 846, 'Sunday', 'Sun', 'Weekend', 17, 123, '2021-4-19', 20210419, 4, 28, 'April', 'Apr', 2, 2021, 202104, 10, 4, 2021, 'Not Month End', '2020-4-25')"
20210426,4/26/2021,1,26,847,Monday,Mon,Weekday,18,124,4/26/2021,20210426,4,28,April,Apr,2,2021,202104,10,4,2021,Not Month End,4/26/2020,,"insert into Date_Dimension values(20210426, '2021-4-26',1, 26, 847, 'Monday', 'Mon', 'Weekday', 18, 124, '2021-4-26', 20210426, 4, 28, 'April', 'Apr', 2, 2021, 202104, 10, 4, 2021, 'Not Month End', '2020-4-26')"
20210427,4/27/2021,2,27,848,Tuesday,Tue,Weekday,18,124,4/26/2021,20210426,4,28,April,Apr,2,2021,202104,10,4,2021,Not Month End,4/27/2020,,"insert into Date_Dimension values(20210427, '2021-4-27',2, 27, 848, 'Tuesday', 'Tue', 'Weekday', 18, 124, '2021-4-26', 20210426, 4, 28, 'April', 'Apr', 2, 2021, 202104, 10, 4, 2021, 'Not Month End', '2020-4-27')"
20210428,4/28/2021,3,28,849,Wednesday,Wed,Weekday,18,124,4/26/2021,20210426,4,28,April,Apr,2,2021,202104,10,4,2021,Not Month End,4/28/2020,,"insert into Date_Dimension values(20210428, '2021-4-28',3, 28, 849, 'Wednesday', 'Wed', 'Weekday', 18, 124, '2021-4-26', 20210426, 4, 28, 'April', 'Apr', 2, 2021, 202104, 10, 4, 2021, 'Not Month End', '2020-4-28')"
20210429,4/29/2021,4,29,850,Thursday,Thu,Weekday,18,124,4/26/2021,20210426,4,28,April,Apr,2,2021,202104,10,4,2021,Not Month End,4/29/2020,,"insert into Date_Dimension values(20210429, '2021-4-29',4, 29, 850, 'Thursday', 'Thu', 'Weekday', 18, 124, '2021-4-26', 20210426, 4, 28, 'April', 'Apr', 2, 2021, 202104, 10, 4, 2021, 'Not Month End', '2020-4-29')"
20210430,4/30/2021,5,30,851,Friday,Fri,Weekday,18,124,4/26/2021,20210426,4,28,April,Apr,2,2021,202104,10,4,2021,Month End,4/30/2020,,"insert into Date_Dimension values(20210430, '2021-4-30',5, 30, 851, 'Friday', 'Fri', 'Weekday', 18, 124, '2021-4-26', 20210426, 4, 28, 'April', 'Apr', 2, 2021, 202104, 10, 4, 2021, 'Month End', '2020-4-30')"
20210501,5/1/2021,6,1,852,Saturday,Sat,Weekend,18,124,4/26/2021,20210426,5,29,May,May,2,2021,202105,11,4,2021,Not Month End,5/1/2020,,"insert into Date_Dimension values(20210501, '2021-5-1',6, 1, 852, 'Saturday', 'Sat', 'Weekend', 18, 124, '2021-4-26', 20210426, 5, 29, 'May', 'May', 2, 2021, 202105, 11, 4, 2021, 'Not Month End', '2020-5-1')"
20210502,5/2/2021,7,2,853,Sunday,Sun,Weekend,18,124,4/26/2021,20210426,5,29,May,May,2,2021,202105,11,4,2021,Not Month End,5/2/2020,,"insert into Date_Dimension values(20210502, '2021-5-2',7, 2, 853, 'Sunday', 'Sun', 'Weekend', 18, 124, '2021-4-26', 20210426, 5, 29, 'May', 'May', 2, 2021, 202105, 11, 4, 2021, 'Not Month End', '2020-5-2')"
20210503,5/3/2021,1,3,854,Monday,Mon,Weekday,19,125,5/3/2021,20210503,5,29,May,May,2,2021,202105,11,4,2021,Not Month End,5/3/2020,,"insert into Date_Dimension values(20210503, '2021-5-3',1, 3, 854, 'Monday', 'Mon', 'Weekday', 19, 125, '2021-5-3', 20210503, 5, 29, 'May', 'May', 2, 2021, 202105, 11, 4, 2021, 'Not Month End', '2020-5-3')"
20210504,5/4/2021,2,4,855,Tuesday,Tue,Weekday,19,125,5/3/2021,20210503,5,29,May,May,2,2021,202105,11,4,2021,Not Month End,5/4/2020,,"insert into Date_Dimension values(20210504, '2021-5-4',2, 4, 855, 'Tuesday', 'Tue', 'Weekday', 19, 125, '2021-5-3', 20210503, 5, 29, 'May', 'May', 2, 2021, 202105, 11, 4, 2021, 'Not Month End', '2020-5-4')"
20210505,5/5/2021,3,5,856,Wednesday,Wed,Weekday,19,125,5/3/2021,20210503,5,29,May,May,2,2021,202105,11,4,2021,Not Month End,5/5/2020,,"insert into Date_Dimension values(20210505, '2021-5-5',3, 5, 856, 'Wednesday', 'Wed', 'Weekday', 19, 125, '2021-5-3', 20210503, 5, 29, 'May', 'May', 2, 2021, 202105, 11, 4, 2021, 'Not Month End', '2020-5-5')"
20210506,5/6/2021,4,6,857,Thursday,Thu,Weekday,19,125,5/3/2021,20210503,5,29,May,May,2,2021,202105,11,4,2021,Not Month End,5/6/2020,,"insert into Date_Dimension values(20210506, '2021-5-6',4, 6, 857, 'Thursday', 'Thu', 'Weekday', 19, 125, '2021-5-3', 20210503, 5, 29, 'May', 'May', 2, 2021, 202105, 11, 4, 2021, 'Not Month End', '2020-5-6')"
20210507,5/7/2021,5,7,858,Friday,Fri,Weekday,19,125,5/3/2021,20210503,5,29,May,May,2,2021,202105,11,4,2021,Not Month End,5/7/2020,,"insert into Date_Dimension values(20210507, '2021-5-7',5, 7, 858, 'Friday', 'Fri', 'Weekday', 19, 125, '2021-5-3', 20210503, 5, 29, 'May', 'May', 2, 2021, 202105, 11, 4, 2021, 'Not Month End', '2020-5-7')"
20210508,5/8/2021,6,8,859,Saturday,Sat,Weekend,19,125,5/3/2021,20210503,5,29,May,May,2,2021,202105,11,4,2021,Not Month End,5/8/2020,,"insert into Date_Dimension values(20210508, '2021-5-8',6, 8, 859, 'Saturday', 'Sat', 'Weekend', 19, 125, '2021-5-3', 20210503, 5, 29, 'May', 'May', 2, 2021, 202105, 11, 4, 2021, 'Not Month End', '2020-5-8')"
20210509,5/9/2021,7,9,860,Sunday,Sun,Weekend,19,125,5/3/2021,20210503,5,29,May,May,2,2021,202105,11,4,2021,Not Month End,5/9/2020,,"insert into Date_Dimension values(20210509, '2021-5-9',7, 9, 860, 'Sunday', 'Sun', 'Weekend', 19, 125, '2021-5-3', 20210503, 5, 29, 'May', 'May', 2, 2021, 202105, 11, 4, 2021, 'Not Month End', '2020-5-9')"
20210510,5/10/2021,1,10,861,Monday,Mon,Weekday,20,126,5/10/2021,20210510,5,29,May,May,2,2021,202105,11,4,2021,Not Month End,5/10/2020,,"insert into Date_Dimension values(20210510, '2021-5-10',1, 10, 861, 'Monday', 'Mon', 'Weekday', 20, 126, '2021-5-10', 20210510, 5, 29, 'May', 'May', 2, 2021, 202105, 11, 4, 2021, 'Not Month End', '2020-5-10')"
20210511,5/11/2021,2,11,862,Tuesday,Tue,Weekday,20,126,5/10/2021,20210510,5,29,May,May,2,2021,202105,11,4,2021,Not Month End,5/11/2020,,"insert into Date_Dimension values(20210511, '2021-5-11',2, 11, 862, 'Tuesday', 'Tue', 'Weekday', 20, 126, '2021-5-10', 20210510, 5, 29, 'May', 'May', 2, 2021, 202105, 11, 4, 2021, 'Not Month End', '2020-5-11')"
20210512,5/12/2021,3,12,863,Wednesday,Wed,Weekday,20,126,5/10/2021,20210510,5,29,May,May,2,2021,202105,11,4,2021,Not Month End,5/12/2020,,"insert into Date_Dimension values(20210512, '2021-5-12',3, 12, 863, 'Wednesday', 'Wed', 'Weekday', 20, 126, '2021-5-10', 20210510, 5, 29, 'May', 'May', 2, 2021, 202105, 11, 4, 2021, 'Not Month End', '2020-5-12')"
20210513,5/13/2021,4,13,864,Thursday,Thu,Weekday,20,126,5/10/2021,20210510,5,29,May,May,2,2021,202105,11,4,2021,Not Month End,5/13/2020,,"insert into Date_Dimension values(20210513, '2021-5-13',4, 13, 864, 'Thursday', 'Thu', 'Weekday', 20, 126, '2021-5-10', 20210510, 5, 29, 'May', 'May', 2, 2021, 202105, 11, 4, 2021, 'Not Month End', '2020-5-13')"
20210514,5/14/2021,5,14,865,Friday,Fri,Weekday,20,126,5/10/2021,20210510,5,29,May,May,2,2021,202105,11,4,2021,Not Month End,5/14/2020,,"insert into Date_Dimension values(20210514, '2021-5-14',5, 14, 865, 'Friday', 'Fri', 'Weekday', 20, 126, '2021-5-10', 20210510, 5, 29, 'May', 'May', 2, 2021, 202105, 11, 4, 2021, 'Not Month End', '2020-5-14')"
20210515,5/15/2021,6,15,866,Saturday,Sat,Weekend,20,126,5/10/2021,20210510,5,29,May,May,2,2021,202105,11,4,2021,Not Month End,5/15/2020,,"insert into Date_Dimension values(20210515, '2021-5-15',6, 15, 866, 'Saturday', 'Sat', 'Weekend', 20, 126, '2021-5-10', 20210510, 5, 29, 'May', 'May', 2, 2021, 202105, 11, 4, 2021, 'Not Month End', '2020-5-15')"
20210516,5/16/2021,7,16,867,Sunday,Sun,Weekend,20,126,5/10/2021,20210510,5,29,May,May,2,2021,202105,11,4,2021,Not Month End,5/16/2020,,"insert into Date_Dimension values(20210516, '2021-5-16',7, 16, 867, 'Sunday', 'Sun', 'Weekend', 20, 126, '2021-5-10', 20210510, 5, 29, 'May', 'May', 2, 2021, 202105, 11, 4, 2021, 'Not Month End', '2020-5-16')"
20210517,5/17/2021,1,17,868,Monday,Mon,Weekday,21,127,5/17/2021,20210517,5,29,May,May,2,2021,202105,11,4,2021,Not Month End,5/17/2020,,"insert into Date_Dimension values(20210517, '2021-5-17',1, 17, 868, 'Monday', 'Mon', 'Weekday', 21, 127, '2021-5-17', 20210517, 5, 29, 'May', 'May', 2, 2021, 202105, 11, 4, 2021, 'Not Month End', '2020-5-17')"
20210518,5/18/2021,2,18,869,Tuesday,Tue,Weekday,21,127,5/17/2021,20210517,5,29,May,May,2,2021,202105,11,4,2021,Not Month End,5/18/2020,,"insert into Date_Dimension values(20210518, '2021-5-18',2, 18, 869, 'Tuesday', 'Tue', 'Weekday', 21, 127, '2021-5-17', 20210517, 5, 29, 'May', 'May', 2, 2021, 202105, 11, 4, 2021, 'Not Month End', '2020-5-18')"
20210519,5/19/2021,3,19,870,Wednesday,Wed,Weekday,21,127,5/17/2021,20210517,5,29,May,May,2,2021,202105,11,4,2021,Not Month End,5/19/2020,,"insert into Date_Dimension values(20210519, '2021-5-19',3, 19, 870, 'Wednesday', 'Wed', 'Weekday', 21, 127, '2021-5-17', 20210517, 5, 29, 'May', 'May', 2, 2021, 202105, 11, 4, 2021, 'Not Month End', '2020-5-19')"
20210520,5/20/2021,4,20,871,Thursday,Thu,Weekday,21,127,5/17/2021,20210517,5,29,May,May,2,2021,202105,11,4,2021,Not Month End,5/20/2020,,"insert into Date_Dimension values(20210520, '2021-5-20',4, 20, 871, 'Thursday', 'Thu', 'Weekday', 21, 127, '2021-5-17', 20210517, 5, 29, 'May', 'May', 2, 2021, 202105, 11, 4, 2021, 'Not Month End', '2020-5-20')"
20210521,5/21/2021,5,21,872,Friday,Fri,Weekday,21,127,5/17/2021,20210517,5,29,May,May,2,2021,202105,11,4,2021,Not Month End,5/21/2020,,"insert into Date_Dimension values(20210521, '2021-5-21',5, 21, 872, 'Friday', 'Fri', 'Weekday', 21, 127, '2021-5-17', 20210517, 5, 29, 'May', 'May', 2, 2021, 202105, 11, 4, 2021, 'Not Month End', '2020-5-21')"
20210522,5/22/2021,6,22,873,Saturday,Sat,Weekend,21,127,5/17/2021,20210517,5,29,May,May,2,2021,202105,11,4,2021,Not Month End,5/22/2020,,"insert into Date_Dimension values(20210522, '2021-5-22',6, 22, 873, 'Saturday', 'Sat', 'Weekend', 21, 127, '2021-5-17', 20210517, 5, 29, 'May', 'May', 2, 2021, 202105, 11, 4, 2021, 'Not Month End', '2020-5-22')"
20210523,5/23/2021,7,23,874,Sunday,Sun,Weekend,21,127,5/17/2021,20210517,5,29,May,May,2,2021,202105,11,4,2021,Not Month End,5/23/2020,,"insert into Date_Dimension values(20210523, '2021-5-23',7, 23, 874, 'Sunday', 'Sun', 'Weekend', 21, 127, '2021-5-17', 20210517, 5, 29, 'May', 'May', 2, 2021, 202105, 11, 4, 2021, 'Not Month End', '2020-5-23')"
20210524,5/24/2021,1,24,875,Monday,Mon,Weekday,22,128,5/24/2021,20210524,5,29,May,May,2,2021,202105,11,4,2021,Not Month End,5/24/2020,,"insert into Date_Dimension values(20210524, '2021-5-24',1, 24, 875, 'Monday', 'Mon', 'Weekday', 22, 128, '2021-5-24', 20210524, 5, 29, 'May', 'May', 2, 2021, 202105, 11, 4, 2021, 'Not Month End', '2020-5-24')"
20210525,5/25/2021,2,25,876,Tuesday,Tue,Weekday,22,128,5/24/2021,20210524,5,29,May,May,2,2021,202105,11,4,2021,Not Month End,5/25/2020,,"insert into Date_Dimension values(20210525, '2021-5-25',2, 25, 876, 'Tuesday', 'Tue', 'Weekday', 22, 128, '2021-5-24', 20210524, 5, 29, 'May', 'May', 2, 2021, 202105, 11, 4, 2021, 'Not Month End', '2020-5-25')"
20210526,5/26/2021,3,26,877,Wednesday,Wed,Weekday,22,128,5/24/2021,20210524,5,29,May,May,2,2021,202105,11,4,2021,Not Month End,5/26/2020,,"insert into Date_Dimension values(20210526, '2021-5-26',3, 26, 877, 'Wednesday', 'Wed', 'Weekday', 22, 128, '2021-5-24', 20210524, 5, 29, 'May', 'May', 2, 2021, 202105, 11, 4, 2021, 'Not Month End', '2020-5-26')"
20210527,5/27/2021,4,27,878,Thursday,Thu,Weekday,22,128,5/24/2021,20210524,5,29,May,May,2,2021,202105,11,4,2021,Not Month End,5/27/2020,,"insert into Date_Dimension values(20210527, '2021-5-27',4, 27, 878, 'Thursday', 'Thu', 'Weekday', 22, 128, '2021-5-24', 20210524, 5, 29, 'May', 'May', 2, 2021, 202105, 11, 4, 2021, 'Not Month End', '2020-5-27')"
20210528,5/28/2021,5,28,879,Friday,Fri,Weekday,22,128,5/24/2021,20210524,5,29,May,May,2,2021,202105,11,4,2021,Not Month End,5/28/2020,,"insert into Date_Dimension values(20210528, '2021-5-28',5, 28, 879, 'Friday', 'Fri', 'Weekday', 22, 128, '2021-5-24', 20210524, 5, 29, 'May', 'May', 2, 2021, 202105, 11, 4, 2021, 'Not Month End', '2020-5-28')"
20210529,5/29/2021,6,29,880,Saturday,Sat,Weekend,22,128,5/24/2021,20210524,5,29,May,May,2,2021,202105,11,4,2021,Not Month End,5/29/2020,,"insert into Date_Dimension values(20210529, '2021-5-29',6, 29, 880, 'Saturday', 'Sat', 'Weekend', 22, 128, '2021-5-24', 20210524, 5, 29, 'May', 'May', 2, 2021, 202105, 11, 4, 2021, 'Not Month End', '2020-5-29')"
20210530,5/30/2021,7,30,881,Sunday,Sun,Weekend,22,128,5/24/2021,20210524,5,29,May,May,2,2021,202105,11,4,2021,Not Month End,5/30/2020,,"insert into Date_Dimension values(20210530, '2021-5-30',7, 30, 881, 'Sunday', 'Sun', 'Weekend', 22, 128, '2021-5-24', 20210524, 5, 29, 'May', 'May', 2, 2021, 202105, 11, 4, 2021, 'Not Month End', '2020-5-30')"
20210531,5/31/2021,1,31,882,Monday,Mon,Weekday,23,129,5/31/2021,20210531,5,29,May,May,2,2021,202105,11,4,2021,Month End,5/31/2020,,"insert into Date_Dimension values(20210531, '2021-5-31',1, 31, 882, 'Monday', 'Mon', 'Weekday', 23, 129, '2021-5-31', 20210531, 5, 29, 'May', 'May', 2, 2021, 202105, 11, 4, 2021, 'Month End', '2020-5-31')"
20210601,6/1/2021,2,1,883,Tuesday,Tue,Weekday,23,129,5/31/2021,20210531,6,30,June,Jun,2,2021,202106,12,4,2021,Not Month End,6/1/2020,,"insert into Date_Dimension values(20210601, '2021-6-1',2, 1, 883, 'Tuesday', 'Tue', 'Weekday', 23, 129, '2021-5-31', 20210531, 6, 30, 'June', 'Jun', 2, 2021, 202106, 12, 4, 2021, 'Not Month End', '2020-6-1')"
20210602,6/2/2021,3,2,884,Wednesday,Wed,Weekday,23,129,5/31/2021,20210531,6,30,June,Jun,2,2021,202106,12,4,2021,Not Month End,6/2/2020,,"insert into Date_Dimension values(20210602, '2021-6-2',3, 2, 884, 'Wednesday', 'Wed', 'Weekday', 23, 129, '2021-5-31', 20210531, 6, 30, 'June', 'Jun', 2, 2021, 202106, 12, 4, 2021, 'Not Month End', '2020-6-2')"
20210603,6/3/2021,4,3,885,Thursday,Thu,Weekday,23,129,5/31/2021,20210531,6,30,June,Jun,2,2021,202106,12,4,2021,Not Month End,6/3/2020,,"insert into Date_Dimension values(20210603, '2021-6-3',4, 3, 885, 'Thursday', 'Thu', 'Weekday', 23, 129, '2021-5-31', 20210531, 6, 30, 'June', 'Jun', 2, 2021, 202106, 12, 4, 2021, 'Not Month End', '2020-6-3')"
20210604,6/4/2021,5,4,886,Friday,Fri,Weekday,23,129,5/31/2021,20210531,6,30,June,Jun,2,2021,202106,12,4,2021,Not Month End,6/4/2020,,"insert into Date_Dimension values(20210604, '2021-6-4',5, 4, 886, 'Friday', 'Fri', 'Weekday', 23, 129, '2021-5-31', 20210531, 6, 30, 'June', 'Jun', 2, 2021, 202106, 12, 4, 2021, 'Not Month End', '2020-6-4')"
20210605,6/5/2021,6,5,887,Saturday,Sat,Weekend,23,129,5/31/2021,20210531,6,30,June,Jun,2,2021,202106,12,4,2021,Not Month End,6/5/2020,,"insert into Date_Dimension values(20210605, '2021-6-5',6, 5, 887, 'Saturday', 'Sat', 'Weekend', 23, 129, '2021-5-31', 20210531, 6, 30, 'June', 'Jun', 2, 2021, 202106, 12, 4, 2021, 'Not Month End', '2020-6-5')"
20210606,6/6/2021,7,6,888,Sunday,Sun,Weekend,23,129,5/31/2021,20210531,6,30,June,Jun,2,2021,202106,12,4,2021,Not Month End,6/6/2020,,"insert into Date_Dimension values(20210606, '2021-6-6',7, 6, 888, 'Sunday', 'Sun', 'Weekend', 23, 129, '2021-5-31', 20210531, 6, 30, 'June', 'Jun', 2, 2021, 202106, 12, 4, 2021, 'Not Month End', '2020-6-6')"
20210607,6/7/2021,1,7,889,Monday,Mon,Weekday,24,130,6/7/2021,20210607,6,30,June,Jun,2,2021,202106,12,4,2021,Not Month End,6/7/2020,,"insert into Date_Dimension values(20210607, '2021-6-7',1, 7, 889, 'Monday', 'Mon', 'Weekday', 24, 130, '2021-6-7', 20210607, 6, 30, 'June', 'Jun', 2, 2021, 202106, 12, 4, 2021, 'Not Month End', '2020-6-7')"
20210608,6/8/2021,2,8,890,Tuesday,Tue,Weekday,24,130,6/7/2021,20210607,6,30,June,Jun,2,2021,202106,12,4,2021,Not Month End,6/8/2020,,"insert into Date_Dimension values(20210608, '2021-6-8',2, 8, 890, 'Tuesday', 'Tue', 'Weekday', 24, 130, '2021-6-7', 20210607, 6, 30, 'June', 'Jun', 2, 2021, 202106, 12, 4, 2021, 'Not Month End', '2020-6-8')"
20210609,6/9/2021,3,9,891,Wednesday,Wed,Weekday,24,130,6/7/2021,20210607,6,30,June,Jun,2,2021,202106,12,4,2021,Not Month End,6/9/2020,,"insert into Date_Dimension values(20210609, '2021-6-9',3, 9, 891, 'Wednesday', 'Wed', 'Weekday', 24, 130, '2021-6-7', 20210607, 6, 30, 'June', 'Jun', 2, 2021, 202106, 12, 4, 2021, 'Not Month End', '2020-6-9')"
20210610,6/10/2021,4,10,892,Thursday,Thu,Weekday,24,130,6/7/2021,20210607,6,30,June,Jun,2,2021,202106,12,4,2021,Not Month End,6/10/2020,,"insert into Date_Dimension values(20210610, '2021-6-10',4, 10, 892, 'Thursday', 'Thu', 'Weekday', 24, 130, '2021-6-7', 20210607, 6, 30, 'June', 'Jun', 2, 2021, 202106, 12, 4, 2021, 'Not Month End', '2020-6-10')"
20210611,6/11/2021,5,11,893,Friday,Fri,Weekday,24,130,6/7/2021,20210607,6,30,June,Jun,2,2021,202106,12,4,2021,Not Month End,6/11/2020,,"insert into Date_Dimension values(20210611, '2021-6-11',5, 11, 893, 'Friday', 'Fri', 'Weekday', 24, 130, '2021-6-7', 20210607, 6, 30, 'June', 'Jun', 2, 2021, 202106, 12, 4, 2021, 'Not Month End', '2020-6-11')"
20210612,6/12/2021,6,12,894,Saturday,Sat,Weekend,24,130,6/7/2021,20210607,6,30,June,Jun,2,2021,202106,12,4,2021,Not Month End,6/12/2020,,"insert into Date_Dimension values(20210612, '2021-6-12',6, 12, 894, 'Saturday', 'Sat', 'Weekend', 24, 130, '2021-6-7', 20210607, 6, 30, 'June', 'Jun', 2, 2021, 202106, 12, 4, 2021, 'Not Month End', '2020-6-12')"
20210613,6/13/2021,7,13,895,Sunday,Sun,Weekend,24,130,6/7/2021,20210607,6,30,June,Jun,2,2021,202106,12,4,2021,Not Month End,6/13/2020,,"insert into Date_Dimension values(20210613, '2021-6-13',7, 13, 895, 'Sunday', 'Sun', 'Weekend', 24, 130, '2021-6-7', 20210607, 6, 30, 'June', 'Jun', 2, 2021, 202106, 12, 4, 2021, 'Not Month End', '2020-6-13')"
20210614,6/14/2021,1,14,896,Monday,Mon,Weekday,25,131,6/14/2021,20210614,6,30,June,Jun,2,2021,202106,12,4,2021,Not Month End,6/14/2020,,"insert into Date_Dimension values(20210614, '2021-6-14',1, 14, 896, 'Monday', 'Mon', 'Weekday', 25, 131, '2021-6-14', 20210614, 6, 30, 'June', 'Jun', 2, 2021, 202106, 12, 4, 2021, 'Not Month End', '2020-6-14')"
20210615,6/15/2021,2,15,897,Tuesday,Tue,Weekday,25,131,6/14/2021,20210614,6,30,June,Jun,2,2021,202106,12,4,2021,Not Month End,6/15/2020,,"insert into Date_Dimension values(20210615, '2021-6-15',2, 15, 897, 'Tuesday', 'Tue', 'Weekday', 25, 131, '2021-6-14', 20210614, 6, 30, 'June', 'Jun', 2, 2021, 202106, 12, 4, 2021, 'Not Month End', '2020-6-15')"
20210616,6/16/2021,3,16,898,Wednesday,Wed,Weekday,25,131,6/14/2021,20210614,6,30,June,Jun,2,2021,202106,12,4,2021,Not Month End,6/16/2020,,"insert into Date_Dimension values(20210616, '2021-6-16',3, 16, 898, 'Wednesday', 'Wed', 'Weekday', 25, 131, '2021-6-14', 20210614, 6, 30, 'June', 'Jun', 2, 2021, 202106, 12, 4, 2021, 'Not Month End', '2020-6-16')"
20210617,6/17/2021,4,17,899,Thursday,Thu,Weekday,25,131,6/14/2021,20210614,6,30,June,Jun,2,2021,202106,12,4,2021,Not Month End,6/17/2020,,"insert into Date_Dimension values(20210617, '2021-6-17',4, 17, 899, 'Thursday', 'Thu', 'Weekday', 25, 131, '2021-6-14', 20210614, 6, 30, 'June', 'Jun', 2, 2021, 202106, 12, 4, 2021, 'Not Month End', '2020-6-17')"
20210618,6/18/2021,5,18,900,Friday,Fri,Weekday,25,131,6/14/2021,20210614,6,30,June,Jun,2,2021,202106,12,4,2021,Not Month End,6/18/2020,,"insert into Date_Dimension values(20210618, '2021-6-18',5, 18, 900, 'Friday', 'Fri', 'Weekday', 25, 131, '2021-6-14', 20210614, 6, 30, 'June', 'Jun', 2, 2021, 202106, 12, 4, 2021, 'Not Month End', '2020-6-18')"
20210619,6/19/2021,6,19,901,Saturday,Sat,Weekend,25,131,6/14/2021,20210614,6,30,June,Jun,2,2021,202106,12,4,2021,Not Month End,6/19/2020,,"insert into Date_Dimension values(20210619, '2021-6-19',6, 19, 901, 'Saturday', 'Sat', 'Weekend', 25, 131, '2021-6-14', 20210614, 6, 30, 'June', 'Jun', 2, 2021, 202106, 12, 4, 2021, 'Not Month End', '2020-6-19')"
20210620,6/20/2021,7,20,902,Sunday,Sun,Weekend,25,131,6/14/2021,20210614,6,30,June,Jun,2,2021,202106,12,4,2021,Not Month End,6/20/2020,,"insert into Date_Dimension values(20210620, '2021-6-20',7, 20, 902, 'Sunday', 'Sun', 'Weekend', 25, 131, '2021-6-14', 20210614, 6, 30, 'June', 'Jun', 2, 2021, 202106, 12, 4, 2021, 'Not Month End', '2020-6-20')"
20210621,6/21/2021,1,21,903,Monday,Mon,Weekday,26,132,6/21/2021,20210621,6,30,June,Jun,2,2021,202106,12,4,2021,Not Month End,6/21/2020,,"insert into Date_Dimension values(20210621, '2021-6-21',1, 21, 903, 'Monday', 'Mon', 'Weekday', 26, 132, '2021-6-21', 20210621, 6, 30, 'June', 'Jun', 2, 2021, 202106, 12, 4, 2021, 'Not Month End', '2020-6-21')"
20210622,6/22/2021,2,22,904,Tuesday,Tue,Weekday,26,132,6/21/2021,20210621,6,30,June,Jun,2,2021,202106,12,4,2021,Not Month End,6/22/2020,,"insert into Date_Dimension values(20210622, '2021-6-22',2, 22, 904, 'Tuesday', 'Tue', 'Weekday', 26, 132, '2021-6-21', 20210621, 6, 30, 'June', 'Jun', 2, 2021, 202106, 12, 4, 2021, 'Not Month End', '2020-6-22')"
20210623,6/23/2021,3,23,905,Wednesday,Wed,Weekday,26,132,6/21/2021,20210621,6,30,June,Jun,2,2021,202106,12,4,2021,Not Month End,6/23/2020,,"insert into Date_Dimension values(20210623, '2021-6-23',3, 23, 905, 'Wednesday', 'Wed', 'Weekday', 26, 132, '2021-6-21', 20210621, 6, 30, 'June', 'Jun', 2, 2021, 202106, 12, 4, 2021, 'Not Month End', '2020-6-23')"
20210624,6/24/2021,4,24,906,Thursday,Thu,Weekday,26,132,6/21/2021,20210621,6,30,June,Jun,2,2021,202106,12,4,2021,Not Month End,6/24/2020,,"insert into Date_Dimension values(20210624, '2021-6-24',4, 24, 906, 'Thursday', 'Thu', 'Weekday', 26, 132, '2021-6-21', 20210621, 6, 30, 'June', 'Jun', 2, 2021, 202106, 12, 4, 2021, 'Not Month End', '2020-6-24')"
20210625,6/25/2021,5,25,907,Friday,Fri,Weekday,26,132,6/21/2021,20210621,6,30,June,Jun,2,2021,202106,12,4,2021,Not Month End,6/25/2020,,"insert into Date_Dimension values(20210625, '2021-6-25',5, 25, 907, 'Friday', 'Fri', 'Weekday', 26, 132, '2021-6-21', 20210621, 6, 30, 'June', 'Jun', 2, 2021, 202106, 12, 4, 2021, 'Not Month End', '2020-6-25')"
20210626,6/26/2021,6,26,908,Saturday,Sat,Weekend,26,132,6/21/2021,20210621,6,30,June,Jun,2,2021,202106,12,4,2021,Not Month End,6/26/2020,,"insert into Date_Dimension values(20210626, '2021-6-26',6, 26, 908, 'Saturday', 'Sat', 'Weekend', 26, 132, '2021-6-21', 20210621, 6, 30, 'June', 'Jun', 2, 2021, 202106, 12, 4, 2021, 'Not Month End', '2020-6-26')"
20210627,6/27/2021,7,27,909,Sunday,Sun,Weekend,26,132,6/21/2021,20210621,6,30,June,Jun,2,2021,202106,12,4,2021,Not Month End,6/27/2020,,"insert into Date_Dimension values(20210627, '2021-6-27',7, 27, 909, 'Sunday', 'Sun', 'Weekend', 26, 132, '2021-6-21', 20210621, 6, 30, 'June', 'Jun', 2, 2021, 202106, 12, 4, 2021, 'Not Month End', '2020-6-27')"
20210628,6/28/2021,1,28,910,Monday,Mon,Weekday,27,133,6/28/2021,20210628,6,30,June,Jun,2,2021,202106,12,4,2021,Not Month End,6/28/2020,,"insert into Date_Dimension values(20210628, '2021-6-28',1, 28, 910, 'Monday', 'Mon', 'Weekday', 27, 133, '2021-6-28', 20210628, 6, 30, 'June', 'Jun', 2, 2021, 202106, 12, 4, 2021, 'Not Month End', '2020-6-28')"
20210629,6/29/2021,2,29,911,Tuesday,Tue,Weekday,27,133,6/28/2021,20210628,6,30,June,Jun,2,2021,202106,12,4,2021,Not Month End,6/29/2020,,"insert into Date_Dimension values(20210629, '2021-6-29',2, 29, 911, 'Tuesday', 'Tue', 'Weekday', 27, 133, '2021-6-28', 20210628, 6, 30, 'June', 'Jun', 2, 2021, 202106, 12, 4, 2021, 'Not Month End', '2020-6-29')"
20210630,6/30/2021,3,30,912,Wednesday,Wed,Weekday,27,133,6/28/2021,20210628,6,30,June,Jun,2,2021,202106,12,4,2021,Month End,6/30/2020,,"insert into Date_Dimension values(20210630, '2021-6-30',3, 30, 912, 'Wednesday', 'Wed', 'Weekday', 27, 133, '2021-6-28', 20210628, 6, 30, 'June', 'Jun', 2, 2021, 202106, 12, 4, 2021, 'Month End', '2020-6-30')"
20210701,7/1/2021,4,1,913,Thursday,Thu,Weekday,27,133,6/28/2021,20210628,7,31,July,Jul,3,2021,202107,1,1,2022,Not Month End,7/1/2020,,"insert into Date_Dimension values(20210701, '2021-7-1',4, 1, 913, 'Thursday', 'Thu', 'Weekday', 27, 133, '2021-6-28', 20210628, 7, 31, 'July', 'Jul', 3, 2021, 202107, 1, 1, 2022, 'Not Month End', '2020-7-1')"
20210702,7/2/2021,5,2,914,Friday,Fri,Weekday,27,133,6/28/2021,20210628,7,31,July,Jul,3,2021,202107,1,1,2022,Not Month End,7/2/2020,,"insert into Date_Dimension values(20210702, '2021-7-2',5, 2, 914, 'Friday', 'Fri', 'Weekday', 27, 133, '2021-6-28', 20210628, 7, 31, 'July', 'Jul', 3, 2021, 202107, 1, 1, 2022, 'Not Month End', '2020-7-2')"
20210703,7/3/2021,6,3,915,Saturday,Sat,Weekend,27,133,6/28/2021,20210628,7,31,July,Jul,3,2021,202107,1,1,2022,Not Month End,7/3/2020,,"insert into Date_Dimension values(20210703, '2021-7-3',6, 3, 915, 'Saturday', 'Sat', 'Weekend', 27, 133, '2021-6-28', 20210628, 7, 31, 'July', 'Jul', 3, 2021, 202107, 1, 1, 2022, 'Not Month End', '2020-7-3')"
20210704,7/4/2021,7,4,916,Sunday,Sun,Weekend,27,133,6/28/2021,20210628,7,31,July,Jul,3,2021,202107,1,1,2022,Not Month End,7/4/2020,,"insert into Date_Dimension values(20210704, '2021-7-4',7, 4, 916, 'Sunday', 'Sun', 'Weekend', 27, 133, '2021-6-28', 20210628, 7, 31, 'July', 'Jul', 3, 2021, 202107, 1, 1, 2022, 'Not Month End', '2020-7-4')"
20210705,7/5/2021,1,5,917,Monday,Mon,Weekday,28,134,7/5/2021,20210705,7,31,July,Jul,3,2021,202107,1,1,2022,Not Month End,7/5/2020,,"insert into Date_Dimension values(20210705, '2021-7-5',1, 5, 917, 'Monday', 'Mon', 'Weekday', 28, 134, '2021-7-5', 20210705, 7, 31, 'July', 'Jul', 3, 2021, 202107, 1, 1, 2022, 'Not Month End', '2020-7-5')"
20210706,7/6/2021,2,6,918,Tuesday,Tue,Weekday,28,134,7/5/2021,20210705,7,31,July,Jul,3,2021,202107,1,1,2022,Not Month End,7/6/2020,,"insert into Date_Dimension values(20210706, '2021-7-6',2, 6, 918, 'Tuesday', 'Tue', 'Weekday', 28, 134, '2021-7-5', 20210705, 7, 31, 'July', 'Jul', 3, 2021, 202107, 1, 1, 2022, 'Not Month End', '2020-7-6')"
20210707,7/7/2021,3,7,919,Wednesday,Wed,Weekday,28,134,7/5/2021,20210705,7,31,July,Jul,3,2021,202107,1,1,2022,Not Month End,7/7/2020,,"insert into Date_Dimension values(20210707, '2021-7-7',3, 7, 919, 'Wednesday', 'Wed', 'Weekday', 28, 134, '2021-7-5', 20210705, 7, 31, 'July', 'Jul', 3, 2021, 202107, 1, 1, 2022, 'Not Month End', '2020-7-7')"
20210708,7/8/2021,4,8,920,Thursday,Thu,Weekday,28,134,7/5/2021,20210705,7,31,July,Jul,3,2021,202107,1,1,2022,Not Month End,7/8/2020,,"insert into Date_Dimension values(20210708, '2021-7-8',4, 8, 920, 'Thursday', 'Thu', 'Weekday', 28, 134, '2021-7-5', 20210705, 7, 31, 'July', 'Jul', 3, 2021, 202107, 1, 1, 2022, 'Not Month End', '2020-7-8')"
20210709,7/9/2021,5,9,921,Friday,Fri,Weekday,28,134,7/5/2021,20210705,7,31,July,Jul,3,2021,202107,1,1,2022,Not Month End,7/9/2020,,"insert into Date_Dimension values(20210709, '2021-7-9',5, 9, 921, 'Friday', 'Fri', 'Weekday', 28, 134, '2021-7-5', 20210705, 7, 31, 'July', 'Jul', 3, 2021, 202107, 1, 1, 2022, 'Not Month End', '2020-7-9')"
20210710,7/10/2021,6,10,922,Saturday,Sat,Weekend,28,134,7/5/2021,20210705,7,31,July,Jul,3,2021,202107,1,1,2022,Not Month End,7/10/2020,,"insert into Date_Dimension values(20210710, '2021-7-10',6, 10, 922, 'Saturday', 'Sat', 'Weekend', 28, 134, '2021-7-5', 20210705, 7, 31, 'July', 'Jul', 3, 2021, 202107, 1, 1, 2022, 'Not Month End', '2020-7-10')"
20210711,7/11/2021,7,11,923,Sunday,Sun,Weekend,28,134,7/5/2021,20210705,7,31,July,Jul,3,2021,202107,1,1,2022,Not Month End,7/11/2020,,"insert into Date_Dimension values(20210711, '2021-7-11',7, 11, 923, 'Sunday', 'Sun', 'Weekend', 28, 134, '2021-7-5', 20210705, 7, 31, 'July', 'Jul', 3, 2021, 202107, 1, 1, 2022, 'Not Month End', '2020-7-11')"
20210712,7/12/2021,1,12,924,Monday,Mon,Weekday,29,135,7/12/2021,20210712,7,31,July,Jul,3,2021,202107,1,1,2022,Not Month End,7/12/2020,,"insert into Date_Dimension values(20210712, '2021-7-12',1, 12, 924, 'Monday', 'Mon', 'Weekday', 29, 135, '2021-7-12', 20210712, 7, 31, 'July', 'Jul', 3, 2021, 202107, 1, 1, 2022, 'Not Month End', '2020-7-12')"
20210713,7/13/2021,2,13,925,Tuesday,Tue,Weekday,29,135,7/12/2021,20210712,7,31,July,Jul,3,2021,202107,1,1,2022,Not Month End,7/13/2020,,"insert into Date_Dimension values(20210713, '2021-7-13',2, 13, 925, 'Tuesday', 'Tue', 'Weekday', 29, 135, '2021-7-12', 20210712, 7, 31, 'July', 'Jul', 3, 2021, 202107, 1, 1, 2022, 'Not Month End', '2020-7-13')"
20210714,7/14/2021,3,14,926,Wednesday,Wed,Weekday,29,135,7/12/2021,20210712,7,31,July,Jul,3,2021,202107,1,1,2022,Not Month End,7/14/2020,,"insert into Date_Dimension values(20210714, '2021-7-14',3, 14, 926, 'Wednesday', 'Wed', 'Weekday', 29, 135, '2021-7-12', 20210712, 7, 31, 'July', 'Jul', 3, 2021, 202107, 1, 1, 2022, 'Not Month End', '2020-7-14')"
20210715,7/15/2021,4,15,927,Thursday,Thu,Weekday,29,135,7/12/2021,20210712,7,31,July,Jul,3,2021,202107,1,1,2022,Not Month End,7/15/2020,,"insert into Date_Dimension values(20210715, '2021-7-15',4, 15, 927, 'Thursday', 'Thu', 'Weekday', 29, 135, '2021-7-12', 20210712, 7, 31, 'July', 'Jul', 3, 2021, 202107, 1, 1, 2022, 'Not Month End', '2020-7-15')"
20210716,7/16/2021,5,16,928,Friday,Fri,Weekday,29,135,7/12/2021,20210712,7,31,July,Jul,3,2021,202107,1,1,2022,Not Month End,7/16/2020,,"insert into Date_Dimension values(20210716, '2021-7-16',5, 16, 928, 'Friday', 'Fri', 'Weekday', 29, 135, '2021-7-12', 20210712, 7, 31, 'July', 'Jul', 3, 2021, 202107, 1, 1, 2022, 'Not Month End', '2020-7-16')"
20210717,7/17/2021,6,17,929,Saturday,Sat,Weekend,29,135,7/12/2021,20210712,7,31,July,Jul,3,2021,202107,1,1,2022,Not Month End,7/17/2020,,"insert into Date_Dimension values(20210717, '2021-7-17',6, 17, 929, 'Saturday', 'Sat', 'Weekend', 29, 135, '2021-7-12', 20210712, 7, 31, 'July', 'Jul', 3, 2021, 202107, 1, 1, 2022, 'Not Month End', '2020-7-17')"
20210718,7/18/2021,7,18,930,Sunday,Sun,Weekend,29,135,7/12/2021,20210712,7,31,July,Jul,3,2021,202107,1,1,2022,Not Month End,7/18/2020,,"insert into Date_Dimension values(20210718, '2021-7-18',7, 18, 930, 'Sunday', 'Sun', 'Weekend', 29, 135, '2021-7-12', 20210712, 7, 31, 'July', 'Jul', 3, 2021, 202107, 1, 1, 2022, 'Not Month End', '2020-7-18')"
20210719,7/19/2021,1,19,931,Monday,Mon,Weekday,30,136,7/19/2021,20210719,7,31,July,Jul,3,2021,202107,1,1,2022,Not Month End,7/19/2020,,"insert into Date_Dimension values(20210719, '2021-7-19',1, 19, 931, 'Monday', 'Mon', 'Weekday', 30, 136, '2021-7-19', 20210719, 7, 31, 'July', 'Jul', 3, 2021, 202107, 1, 1, 2022, 'Not Month End', '2020-7-19')"
20210720,7/20/2021,2,20,932,Tuesday,Tue,Weekday,30,136,7/19/2021,20210719,7,31,July,Jul,3,2021,202107,1,1,2022,Not Month End,7/20/2020,,"insert into Date_Dimension values(20210720, '2021-7-20',2, 20, 932, 'Tuesday', 'Tue', 'Weekday', 30, 136, '2021-7-19', 20210719, 7, 31, 'July', 'Jul', 3, 2021, 202107, 1, 1, 2022, 'Not Month End', '2020-7-20')"
20210721,7/21/2021,3,21,933,Wednesday,Wed,Weekday,30,136,7/19/2021,20210719,7,31,July,Jul,3,2021,202107,1,1,2022,Not Month End,7/21/2020,,"insert into Date_Dimension values(20210721, '2021-7-21',3, 21, 933, 'Wednesday', 'Wed', 'Weekday', 30, 136, '2021-7-19', 20210719, 7, 31, 'July', 'Jul', 3, 2021, 202107, 1, 1, 2022, 'Not Month End', '2020-7-21')"
20210722,7/22/2021,4,22,934,Thursday,Thu,Weekday,30,136,7/19/2021,20210719,7,31,July,Jul,3,2021,202107,1,1,2022,Not Month End,7/22/2020,,"insert into Date_Dimension values(20210722, '2021-7-22',4, 22, 934, 'Thursday', 'Thu', 'Weekday', 30, 136, '2021-7-19', 20210719, 7, 31, 'July', 'Jul', 3, 2021, 202107, 1, 1, 2022, 'Not Month End', '2020-7-22')"
20210723,7/23/2021,5,23,935,Friday,Fri,Weekday,30,136,7/19/2021,20210719,7,31,July,Jul,3,2021,202107,1,1,2022,Not Month End,7/23/2020,,"insert into Date_Dimension values(20210723, '2021-7-23',5, 23, 935, 'Friday', 'Fri', 'Weekday', 30, 136, '2021-7-19', 20210719, 7, 31, 'July', 'Jul', 3, 2021, 202107, 1, 1, 2022, 'Not Month End', '2020-7-23')"
20210724,7/24/2021,6,24,936,Saturday,Sat,Weekend,30,136,7/19/2021,20210719,7,31,July,Jul,3,2021,202107,1,1,2022,Not Month End,7/24/2020,,"insert into Date_Dimension values(20210724, '2021-7-24',6, 24, 936, 'Saturday', 'Sat', 'Weekend', 30, 136, '2021-7-19', 20210719, 7, 31, 'July', 'Jul', 3, 2021, 202107, 1, 1, 2022, 'Not Month End', '2020-7-24')"
20210725,7/25/2021,7,25,937,Sunday,Sun,Weekend,30,136,7/19/2021,20210719,7,31,July,Jul,3,2021,202107,1,1,2022,Not Month End,7/25/2020,,"insert into Date_Dimension values(20210725, '2021-7-25',7, 25, 937, 'Sunday', 'Sun', 'Weekend', 30, 136, '2021-7-19', 20210719, 7, 31, 'July', 'Jul', 3, 2021, 202107, 1, 1, 2022, 'Not Month End', '2020-7-25')"
20210726,7/26/2021,1,26,938,Monday,Mon,Weekday,31,137,7/26/2021,20210726,7,31,July,Jul,3,2021,202107,1,1,2022,Not Month End,7/26/2020,,"insert into Date_Dimension values(20210726, '2021-7-26',1, 26, 938, 'Monday', 'Mon', 'Weekday', 31, 137, '2021-7-26', 20210726, 7, 31, 'July', 'Jul', 3, 2021, 202107, 1, 1, 2022, 'Not Month End', '2020-7-26')"
20210727,7/27/2021,2,27,939,Tuesday,Tue,Weekday,31,137,7/26/2021,20210726,7,31,July,Jul,3,2021,202107,1,1,2022,Not Month End,7/27/2020,,"insert into Date_Dimension values(20210727, '2021-7-27',2, 27, 939, 'Tuesday', 'Tue', 'Weekday', 31, 137, '2021-7-26', 20210726, 7, 31, 'July', 'Jul', 3, 2021, 202107, 1, 1, 2022, 'Not Month End', '2020-7-27')"
20210728,7/28/2021,3,28,940,Wednesday,Wed,Weekday,31,137,7/26/2021,20210726,7,31,July,Jul,3,2021,202107,1,1,2022,Not Month End,7/28/2020,,"insert into Date_Dimension values(20210728, '2021-7-28',3, 28, 940, 'Wednesday', 'Wed', 'Weekday', 31, 137, '2021-7-26', 20210726, 7, 31, 'July', 'Jul', 3, 2021, 202107, 1, 1, 2022, 'Not Month End', '2020-7-28')"
20210729,7/29/2021,4,29,941,Thursday,Thu,Weekday,31,137,7/26/2021,20210726,7,31,July,Jul,3,2021,202107,1,1,2022,Not Month End,7/29/2020,,"insert into Date_Dimension values(20210729, '2021-7-29',4, 29, 941, 'Thursday', 'Thu', 'Weekday', 31, 137, '2021-7-26', 20210726, 7, 31, 'July', 'Jul', 3, 2021, 202107, 1, 1, 2022, 'Not Month End', '2020-7-29')"
20210730,7/30/2021,5,30,942,Friday,Fri,Weekday,31,137,7/26/2021,20210726,7,31,July,Jul,3,2021,202107,1,1,2022,Not Month End,7/30/2020,,"insert into Date_Dimension values(20210730, '2021-7-30',5, 30, 942, 'Friday', 'Fri', 'Weekday', 31, 137, '2021-7-26', 20210726, 7, 31, 'July', 'Jul', 3, 2021, 202107, 1, 1, 2022, 'Not Month End', '2020-7-30')"
20210731,7/31/2021,6,31,943,Saturday,Sat,Weekend,31,137,7/26/2021,20210726,7,31,July,Jul,3,2021,202107,1,1,2022,Month End,7/31/2020,,"insert into Date_Dimension values(20210731, '2021-7-31',6, 31, 943, 'Saturday', 'Sat', 'Weekend', 31, 137, '2021-7-26', 20210726, 7, 31, 'July', 'Jul', 3, 2021, 202107, 1, 1, 2022, 'Month End', '2020-7-31')"
20210801,8/1/2021,7,1,944,Sunday,Sun,Weekend,31,137,7/26/2021,20210726,8,32,August,Aug,3,2021,202108,2,1,2022,Not Month End,8/1/2020,,"insert into Date_Dimension values(20210801, '2021-8-1',7, 1, 944, 'Sunday', 'Sun', 'Weekend', 31, 137, '2021-7-26', 20210726, 8, 32, 'August', 'Aug', 3, 2021, 202108, 2, 1, 2022, 'Not Month End', '2020-8-1')"
20210802,8/2/2021,1,2,945,Monday,Mon,Weekday,32,138,8/2/2021,20210802,8,32,August,Aug,3,2021,202108,2,1,2022,Not Month End,8/2/2020,,"insert into Date_Dimension values(20210802, '2021-8-2',1, 2, 945, 'Monday', 'Mon', 'Weekday', 32, 138, '2021-8-2', 20210802, 8, 32, 'August', 'Aug', 3, 2021, 202108, 2, 1, 2022, 'Not Month End', '2020-8-2')"
20210803,8/3/2021,2,3,946,Tuesday,Tue,Weekday,32,138,8/2/2021,20210802,8,32,August,Aug,3,2021,202108,2,1,2022,Not Month End,8/3/2020,,"insert into Date_Dimension values(20210803, '2021-8-3',2, 3, 946, 'Tuesday', 'Tue', 'Weekday', 32, 138, '2021-8-2', 20210802, 8, 32, 'August', 'Aug', 3, 2021, 202108, 2, 1, 2022, 'Not Month End', '2020-8-3')"
20210804,8/4/2021,3,4,947,Wednesday,Wed,Weekday,32,138,8/2/2021,20210802,8,32,August,Aug,3,2021,202108,2,1,2022,Not Month End,8/4/2020,,"insert into Date_Dimension values(20210804, '2021-8-4',3, 4, 947, 'Wednesday', 'Wed', 'Weekday', 32, 138, '2021-8-2', 20210802, 8, 32, 'August', 'Aug', 3, 2021, 202108, 2, 1, 2022, 'Not Month End', '2020-8-4')"
20210805,8/5/2021,4,5,948,Thursday,Thu,Weekday,32,138,8/2/2021,20210802,8,32,August,Aug,3,2021,202108,2,1,2022,Not Month End,8/5/2020,,"insert into Date_Dimension values(20210805, '2021-8-5',4, 5, 948, 'Thursday', 'Thu', 'Weekday', 32, 138, '2021-8-2', 20210802, 8, 32, 'August', 'Aug', 3, 2021, 202108, 2, 1, 2022, 'Not Month End', '2020-8-5')"
20210806,8/6/2021,5,6,949,Friday,Fri,Weekday,32,138,8/2/2021,20210802,8,32,August,Aug,3,2021,202108,2,1,2022,Not Month End,8/6/2020,,"insert into Date_Dimension values(20210806, '2021-8-6',5, 6, 949, 'Friday', 'Fri', 'Weekday', 32, 138, '2021-8-2', 20210802, 8, 32, 'August', 'Aug', 3, 2021, 202108, 2, 1, 2022, 'Not Month End', '2020-8-6')"
20210807,8/7/2021,6,7,950,Saturday,Sat,Weekend,32,138,8/2/2021,20210802,8,32,August,Aug,3,2021,202108,2,1,2022,Not Month End,8/7/2020,,"insert into Date_Dimension values(20210807, '2021-8-7',6, 7, 950, 'Saturday', 'Sat', 'Weekend', 32, 138, '2021-8-2', 20210802, 8, 32, 'August', 'Aug', 3, 2021, 202108, 2, 1, 2022, 'Not Month End', '2020-8-7')"
20210808,8/8/2021,7,8,951,Sunday,Sun,Weekend,32,138,8/2/2021,20210802,8,32,August,Aug,3,2021,202108,2,1,2022,Not Month End,8/8/2020,,"insert into Date_Dimension values(20210808, '2021-8-8',7, 8, 951, 'Sunday', 'Sun', 'Weekend', 32, 138, '2021-8-2', 20210802, 8, 32, 'August', 'Aug', 3, 2021, 202108, 2, 1, 2022, 'Not Month End', '2020-8-8')"
20210809,8/9/2021,1,9,952,Monday,Mon,Weekday,33,139,8/9/2021,20210809,8,32,August,Aug,3,2021,202108,2,1,2022,Not Month End,8/9/2020,,"insert into Date_Dimension values(20210809, '2021-8-9',1, 9, 952, 'Monday', 'Mon', 'Weekday', 33, 139, '2021-8-9', 20210809, 8, 32, 'August', 'Aug', 3, 2021, 202108, 2, 1, 2022, 'Not Month End', '2020-8-9')"
20210810,8/10/2021,2,10,953,Tuesday,Tue,Weekday,33,139,8/9/2021,20210809,8,32,August,Aug,3,2021,202108,2,1,2022,Not Month End,8/10/2020,,"insert into Date_Dimension values(20210810, '2021-8-10',2, 10, 953, 'Tuesday', 'Tue', 'Weekday', 33, 139, '2021-8-9', 20210809, 8, 32, 'August', 'Aug', 3, 2021, 202108, 2, 1, 2022, 'Not Month End', '2020-8-10')"
20210811,8/11/2021,3,11,954,Wednesday,Wed,Weekday,33,139,8/9/2021,20210809,8,32,August,Aug,3,2021,202108,2,1,2022,Not Month End,8/11/2020,,"insert into Date_Dimension values(20210811, '2021-8-11',3, 11, 954, 'Wednesday', 'Wed', 'Weekday', 33, 139, '2021-8-9', 20210809, 8, 32, 'August', 'Aug', 3, 2021, 202108, 2, 1, 2022, 'Not Month End', '2020-8-11')"
20210812,8/12/2021,4,12,955,Thursday,Thu,Weekday,33,139,8/9/2021,20210809,8,32,August,Aug,3,2021,202108,2,1,2022,Not Month End,8/12/2020,,"insert into Date_Dimension values(20210812, '2021-8-12',4, 12, 955, 'Thursday', 'Thu', 'Weekday', 33, 139, '2021-8-9', 20210809, 8, 32, 'August', 'Aug', 3, 2021, 202108, 2, 1, 2022, 'Not Month End', '2020-8-12')"
20210813,8/13/2021,5,13,956,Friday,Fri,Weekday,33,139,8/9/2021,20210809,8,32,August,Aug,3,2021,202108,2,1,2022,Not Month End,8/13/2020,,"insert into Date_Dimension values(20210813, '2021-8-13',5, 13, 956, 'Friday', 'Fri', 'Weekday', 33, 139, '2021-8-9', 20210809, 8, 32, 'August', 'Aug', 3, 2021, 202108, 2, 1, 2022, 'Not Month End', '2020-8-13')"
20210814,8/14/2021,6,14,957,Saturday,Sat,Weekend,33,139,8/9/2021,20210809,8,32,August,Aug,3,2021,202108,2,1,2022,Not Month End,8/14/2020,,"insert into Date_Dimension values(20210814, '2021-8-14',6, 14, 957, 'Saturday', 'Sat', 'Weekend', 33, 139, '2021-8-9', 20210809, 8, 32, 'August', 'Aug', 3, 2021, 202108, 2, 1, 2022, 'Not Month End', '2020-8-14')"
20210815,8/15/2021,7,15,958,Sunday,Sun,Weekend,33,139,8/9/2021,20210809,8,32,August,Aug,3,2021,202108,2,1,2022,Not Month End,8/15/2020,,"insert into Date_Dimension values(20210815, '2021-8-15',7, 15, 958, 'Sunday', 'Sun', 'Weekend', 33, 139, '2021-8-9', 20210809, 8, 32, 'August', 'Aug', 3, 2021, 202108, 2, 1, 2022, 'Not Month End', '2020-8-15')"
20210816,8/16/2021,1,16,959,Monday,Mon,Weekday,34,140,8/16/2021,20210816,8,32,August,Aug,3,2021,202108,2,1,2022,Not Month End,8/16/2020,,"insert into Date_Dimension values(20210816, '2021-8-16',1, 16, 959, 'Monday', 'Mon', 'Weekday', 34, 140, '2021-8-16', 20210816, 8, 32, 'August', 'Aug', 3, 2021, 202108, 2, 1, 2022, 'Not Month End', '2020-8-16')"
20210817,8/17/2021,2,17,960,Tuesday,Tue,Weekday,34,140,8/16/2021,20210816,8,32,August,Aug,3,2021,202108,2,1,2022,Not Month End,8/17/2020,,"insert into Date_Dimension values(20210817, '2021-8-17',2, 17, 960, 'Tuesday', 'Tue', 'Weekday', 34, 140, '2021-8-16', 20210816, 8, 32, 'August', 'Aug', 3, 2021, 202108, 2, 1, 2022, 'Not Month End', '2020-8-17')"
20210818,8/18/2021,3,18,961,Wednesday,Wed,Weekday,34,140,8/16/2021,20210816,8,32,August,Aug,3,2021,202108,2,1,2022,Not Month End,8/18/2020,,"insert into Date_Dimension values(20210818, '2021-8-18',3, 18, 961, 'Wednesday', 'Wed', 'Weekday', 34, 140, '2021-8-16', 20210816, 8, 32, 'August', 'Aug', 3, 2021, 202108, 2, 1, 2022, 'Not Month End', '2020-8-18')"
20210819,8/19/2021,4,19,962,Thursday,Thu,Weekday,34,140,8/16/2021,20210816,8,32,August,Aug,3,2021,202108,2,1,2022,Not Month End,8/19/2020,,"insert into Date_Dimension values(20210819, '2021-8-19',4, 19, 962, 'Thursday', 'Thu', 'Weekday', 34, 140, '2021-8-16', 20210816, 8, 32, 'August', 'Aug', 3, 2021, 202108, 2, 1, 2022, 'Not Month End', '2020-8-19')"
20210820,8/20/2021,5,20,963,Friday,Fri,Weekday,34,140,8/16/2021,20210816,8,32,August,Aug,3,2021,202108,2,1,2022,Not Month End,8/20/2020,,"insert into Date_Dimension values(20210820, '2021-8-20',5, 20, 963, 'Friday', 'Fri', 'Weekday', 34, 140, '2021-8-16', 20210816, 8, 32, 'August', 'Aug', 3, 2021, 202108, 2, 1, 2022, 'Not Month End', '2020-8-20')"
20210821,8/21/2021,6,21,964,Saturday,Sat,Weekend,34,140,8/16/2021,20210816,8,32,August,Aug,3,2021,202108,2,1,2022,Not Month End,8/21/2020,,"insert into Date_Dimension values(20210821, '2021-8-21',6, 21, 964, 'Saturday', 'Sat', 'Weekend', 34, 140, '2021-8-16', 20210816, 8, 32, 'August', 'Aug', 3, 2021, 202108, 2, 1, 2022, 'Not Month End', '2020-8-21')"
20210822,8/22/2021,7,22,965,Sunday,Sun,Weekend,34,140,8/16/2021,20210816,8,32,August,Aug,3,2021,202108,2,1,2022,Not Month End,8/22/2020,,"insert into Date_Dimension values(20210822, '2021-8-22',7, 22, 965, 'Sunday', 'Sun', 'Weekend', 34, 140, '2021-8-16', 20210816, 8, 32, 'August', 'Aug', 3, 2021, 202108, 2, 1, 2022, 'Not Month End', '2020-8-22')"
20210823,8/23/2021,1,23,966,Monday,Mon,Weekday,35,141,8/23/2021,20210823,8,32,August,Aug,3,2021,202108,2,1,2022,Not Month End,8/23/2020,,"insert into Date_Dimension values(20210823, '2021-8-23',1, 23, 966, 'Monday', 'Mon', 'Weekday', 35, 141, '2021-8-23', 20210823, 8, 32, 'August', 'Aug', 3, 2021, 202108, 2, 1, 2022, 'Not Month End', '2020-8-23')"
20210824,8/24/2021,2,24,967,Tuesday,Tue,Weekday,35,141,8/23/2021,20210823,8,32,August,Aug,3,2021,202108,2,1,2022,Not Month End,8/24/2020,,"insert into Date_Dimension values(20210824, '2021-8-24',2, 24, 967, 'Tuesday', 'Tue', 'Weekday', 35, 141, '2021-8-23', 20210823, 8, 32, 'August', 'Aug', 3, 2021, 202108, 2, 1, 2022, 'Not Month End', '2020-8-24')"
20210825,8/25/2021,3,25,968,Wednesday,Wed,Weekday,35,141,8/23/2021,20210823,8,32,August,Aug,3,2021,202108,2,1,2022,Not Month End,8/25/2020,,"insert into Date_Dimension values(20210825, '2021-8-25',3, 25, 968, 'Wednesday', 'Wed', 'Weekday', 35, 141, '2021-8-23', 20210823, 8, 32, 'August', 'Aug', 3, 2021, 202108, 2, 1, 2022, 'Not Month End', '2020-8-25')"
20210826,8/26/2021,4,26,969,Thursday,Thu,Weekday,35,141,8/23/2021,20210823,8,32,August,Aug,3,2021,202108,2,1,2022,Not Month End,8/26/2020,,"insert into Date_Dimension values(20210826, '2021-8-26',4, 26, 969, 'Thursday', 'Thu', 'Weekday', 35, 141, '2021-8-23', 20210823, 8, 32, 'August', 'Aug', 3, 2021, 202108, 2, 1, 2022, 'Not Month End', '2020-8-26')"
20210827,8/27/2021,5,27,970,Friday,Fri,Weekday,35,141,8/23/2021,20210823,8,32,August,Aug,3,2021,202108,2,1,2022,Not Month End,8/27/2020,,"insert into Date_Dimension values(20210827, '2021-8-27',5, 27, 970, 'Friday', 'Fri', 'Weekday', 35, 141, '2021-8-23', 20210823, 8, 32, 'August', 'Aug', 3, 2021, 202108, 2, 1, 2022, 'Not Month End', '2020-8-27')"
20210828,8/28/2021,6,28,971,Saturday,Sat,Weekend,35,141,8/23/2021,20210823,8,32,August,Aug,3,2021,202108,2,1,2022,Not Month End,8/28/2020,,"insert into Date_Dimension values(20210828, '2021-8-28',6, 28, 971, 'Saturday', 'Sat', 'Weekend', 35, 141, '2021-8-23', 20210823, 8, 32, 'August', 'Aug', 3, 2021, 202108, 2, 1, 2022, 'Not Month End', '2020-8-28')"
20210829,8/29/2021,7,29,972,Sunday,Sun,Weekend,35,141,8/23/2021,20210823,8,32,August,Aug,3,2021,202108,2,1,2022,Not Month End,8/29/2020,,"insert into Date_Dimension values(20210829, '2021-8-29',7, 29, 972, 'Sunday', 'Sun', 'Weekend', 35, 141, '2021-8-23', 20210823, 8, 32, 'August', 'Aug', 3, 2021, 202108, 2, 1, 2022, 'Not Month End', '2020-8-29')"
20210830,8/30/2021,1,30,973,Monday,Mon,Weekday,36,142,8/30/2021,20210830,8,32,August,Aug,3,2021,202108,2,1,2022,Not Month End,8/30/2020,,"insert into Date_Dimension values(20210830, '2021-8-30',1, 30, 973, 'Monday', 'Mon', 'Weekday', 36, 142, '2021-8-30', 20210830, 8, 32, 'August', 'Aug', 3, 2021, 202108, 2, 1, 2022, 'Not Month End', '2020-8-30')"
20210831,8/31/2021,2,31,974,Tuesday,Tue,Weekday,36,142,8/30/2021,20210830,8,32,August,Aug,3,2021,202108,2,1,2022,Month End,8/31/2020,,"insert into Date_Dimension values(20210831, '2021-8-31',2, 31, 974, 'Tuesday', 'Tue', 'Weekday', 36, 142, '2021-8-30', 20210830, 8, 32, 'August', 'Aug', 3, 2021, 202108, 2, 1, 2022, 'Month End', '2020-8-31')"
20210901,9/1/2021,3,1,975,Wednesday,Wed,Weekday,36,142,8/30/2021,20210830,9,33,September,Sep,3,2021,202109,3,1,2022,Not Month End,9/1/2020,,"insert into Date_Dimension values(20210901, '2021-9-1',3, 1, 975, 'Wednesday', 'Wed', 'Weekday', 36, 142, '2021-8-30', 20210830, 9, 33, 'September', 'Sep', 3, 2021, 202109, 3, 1, 2022, 'Not Month End', '2020-9-1')"
20210902,9/2/2021,4,2,976,Thursday,Thu,Weekday,36,142,8/30/2021,20210830,9,33,September,Sep,3,2021,202109,3,1,2022,Not Month End,9/2/2020,,"insert into Date_Dimension values(20210902, '2021-9-2',4, 2, 976, 'Thursday', 'Thu', 'Weekday', 36, 142, '2021-8-30', 20210830, 9, 33, 'September', 'Sep', 3, 2021, 202109, 3, 1, 2022, 'Not Month End', '2020-9-2')"
20210903,9/3/2021,5,3,977,Friday,Fri,Weekday,36,142,8/30/2021,20210830,9,33,September,Sep,3,2021,202109,3,1,2022,Not Month End,9/3/2020,,"insert into Date_Dimension values(20210903, '2021-9-3',5, 3, 977, 'Friday', 'Fri', 'Weekday', 36, 142, '2021-8-30', 20210830, 9, 33, 'September', 'Sep', 3, 2021, 202109, 3, 1, 2022, 'Not Month End', '2020-9-3')"
20210904,9/4/2021,6,4,978,Saturday,Sat,Weekend,36,142,8/30/2021,20210830,9,33,September,Sep,3,2021,202109,3,1,2022,Not Month End,9/4/2020,,"insert into Date_Dimension values(20210904, '2021-9-4',6, 4, 978, 'Saturday', 'Sat', 'Weekend', 36, 142, '2021-8-30', 20210830, 9, 33, 'September', 'Sep', 3, 2021, 202109, 3, 1, 2022, 'Not Month End', '2020-9-4')"
20210905,9/5/2021,7,5,979,Sunday,Sun,Weekend,36,142,8/30/2021,20210830,9,33,September,Sep,3,2021,202109,3,1,2022,Not Month End,9/5/2020,,"insert into Date_Dimension values(20210905, '2021-9-5',7, 5, 979, 'Sunday', 'Sun', 'Weekend', 36, 142, '2021-8-30', 20210830, 9, 33, 'September', 'Sep', 3, 2021, 202109, 3, 1, 2022, 'Not Month End', '2020-9-5')"
20210906,9/6/2021,1,6,980,Monday,Mon,Weekday,37,143,9/6/2021,20210906,9,33,September,Sep,3,2021,202109,3,1,2022,Not Month End,9/6/2020,,"insert into Date_Dimension values(20210906, '2021-9-6',1, 6, 980, 'Monday', 'Mon', 'Weekday', 37, 143, '2021-9-6', 20210906, 9, 33, 'September', 'Sep', 3, 2021, 202109, 3, 1, 2022, 'Not Month End', '2020-9-6')"
20210907,9/7/2021,2,7,981,Tuesday,Tue,Weekday,37,143,9/6/2021,20210906,9,33,September,Sep,3,2021,202109,3,1,2022,Not Month End,9/7/2020,,"insert into Date_Dimension values(20210907, '2021-9-7',2, 7, 981, 'Tuesday', 'Tue', 'Weekday', 37, 143, '2021-9-6', 20210906, 9, 33, 'September', 'Sep', 3, 2021, 202109, 3, 1, 2022, 'Not Month End', '2020-9-7')"
20210908,9/8/2021,3,8,982,Wednesday,Wed,Weekday,37,143,9/6/2021,20210906,9,33,September,Sep,3,2021,202109,3,1,2022,Not Month End,9/8/2020,,"insert into Date_Dimension values(20210908, '2021-9-8',3, 8, 982, 'Wednesday', 'Wed', 'Weekday', 37, 143, '2021-9-6', 20210906, 9, 33, 'September', 'Sep', 3, 2021, 202109, 3, 1, 2022, 'Not Month End', '2020-9-8')"
20210909,9/9/2021,4,9,983,Thursday,Thu,Weekday,37,143,9/6/2021,20210906,9,33,September,Sep,3,2021,202109,3,1,2022,Not Month End,9/9/2020,,"insert into Date_Dimension values(20210909, '2021-9-9',4, 9, 983, 'Thursday', 'Thu', 'Weekday', 37, 143, '2021-9-6', 20210906, 9, 33, 'September', 'Sep', 3, 2021, 202109, 3, 1, 2022, 'Not Month End', '2020-9-9')"
20210910,9/10/2021,5,10,984,Friday,Fri,Weekday,37,143,9/6/2021,20210906,9,33,September,Sep,3,2021,202109,3,1,2022,Not Month End,9/10/2020,,"insert into Date_Dimension values(20210910, '2021-9-10',5, 10, 984, 'Friday', 'Fri', 'Weekday', 37, 143, '2021-9-6', 20210906, 9, 33, 'September', 'Sep', 3, 2021, 202109, 3, 1, 2022, 'Not Month End', '2020-9-10')"
20210911,9/11/2021,6,11,985,Saturday,Sat,Weekend,37,143,9/6/2021,20210906,9,33,September,Sep,3,2021,202109,3,1,2022,Not Month End,9/11/2020,,"insert into Date_Dimension values(20210911, '2021-9-11',6, 11, 985, 'Saturday', 'Sat', 'Weekend', 37, 143, '2021-9-6', 20210906, 9, 33, 'September', 'Sep', 3, 2021, 202109, 3, 1, 2022, 'Not Month End', '2020-9-11')"
20210912,9/12/2021,7,12,986,Sunday,Sun,Weekend,37,143,9/6/2021,20210906,9,33,September,Sep,3,2021,202109,3,1,2022,Not Month End,9/12/2020,,"insert into Date_Dimension values(20210912, '2021-9-12',7, 12, 986, 'Sunday', 'Sun', 'Weekend', 37, 143, '2021-9-6', 20210906, 9, 33, 'September', 'Sep', 3, 2021, 202109, 3, 1, 2022, 'Not Month End', '2020-9-12')"
20210913,9/13/2021,1,13,987,Monday,Mon,Weekday,38,144,9/13/2021,20210913,9,33,September,Sep,3,2021,202109,3,1,2022,Not Month End,9/13/2020,,"insert into Date_Dimension values(20210913, '2021-9-13',1, 13, 987, 'Monday', 'Mon', 'Weekday', 38, 144, '2021-9-13', 20210913, 9, 33, 'September', 'Sep', 3, 2021, 202109, 3, 1, 2022, 'Not Month End', '2020-9-13')"
20210914,9/14/2021,2,14,988,Tuesday,Tue,Weekday,38,144,9/13/2021,20210913,9,33,September,Sep,3,2021,202109,3,1,2022,Not Month End,9/14/2020,,"insert into Date_Dimension values(20210914, '2021-9-14',2, 14, 988, 'Tuesday', 'Tue', 'Weekday', 38, 144, '2021-9-13', 20210913, 9, 33, 'September', 'Sep', 3, 2021, 202109, 3, 1, 2022, 'Not Month End', '2020-9-14')"
20210915,9/15/2021,3,15,989,Wednesday,Wed,Weekday,38,144,9/13/2021,20210913,9,33,September,Sep,3,2021,202109,3,1,2022,Not Month End,9/15/2020,,"insert into Date_Dimension values(20210915, '2021-9-15',3, 15, 989, 'Wednesday', 'Wed', 'Weekday', 38, 144, '2021-9-13', 20210913, 9, 33, 'September', 'Sep', 3, 2021, 202109, 3, 1, 2022, 'Not Month End', '2020-9-15')"
20210916,9/16/2021,4,16,990,Thursday,Thu,Weekday,38,144,9/13/2021,20210913,9,33,September,Sep,3,2021,202109,3,1,2022,Not Month End,9/16/2020,,"insert into Date_Dimension values(20210916, '2021-9-16',4, 16, 990, 'Thursday', 'Thu', 'Weekday', 38, 144, '2021-9-13', 20210913, 9, 33, 'September', 'Sep', 3, 2021, 202109, 3, 1, 2022, 'Not Month End', '2020-9-16')"
20210917,9/17/2021,5,17,991,Friday,Fri,Weekday,38,144,9/13/2021,20210913,9,33,September,Sep,3,2021,202109,3,1,2022,Not Month End,9/17/2020,,"insert into Date_Dimension values(20210917, '2021-9-17',5, 17, 991, 'Friday', 'Fri', 'Weekday', 38, 144, '2021-9-13', 20210913, 9, 33, 'September', 'Sep', 3, 2021, 202109, 3, 1, 2022, 'Not Month End', '2020-9-17')"
20210918,9/18/2021,6,18,992,Saturday,Sat,Weekend,38,144,9/13/2021,20210913,9,33,September,Sep,3,2021,202109,3,1,2022,Not Month End,9/18/2020,,"insert into Date_Dimension values(20210918, '2021-9-18',6, 18, 992, 'Saturday', 'Sat', 'Weekend', 38, 144, '2021-9-13', 20210913, 9, 33, 'September', 'Sep', 3, 2021, 202109, 3, 1, 2022, 'Not Month End', '2020-9-18')"
20210919,9/19/2021,7,19,993,Sunday,Sun,Weekend,38,144,9/13/2021,20210913,9,33,September,Sep,3,2021,202109,3,1,2022,Not Month End,9/19/2020,,"insert into Date_Dimension values(20210919, '2021-9-19',7, 19, 993, 'Sunday', 'Sun', 'Weekend', 38, 144, '2021-9-13', 20210913, 9, 33, 'September', 'Sep', 3, 2021, 202109, 3, 1, 2022, 'Not Month End', '2020-9-19')"
20210920,9/20/2021,1,20,994,Monday,Mon,Weekday,39,145,9/20/2021,20210920,9,33,September,Sep,3,2021,202109,3,1,2022,Not Month End,9/20/2020,,"insert into Date_Dimension values(20210920, '2021-9-20',1, 20, 994, 'Monday', 'Mon', 'Weekday', 39, 145, '2021-9-20', 20210920, 9, 33, 'September', 'Sep', 3, 2021, 202109, 3, 1, 2022, 'Not Month End', '2020-9-20')"
20210921,9/21/2021,2,21,995,Tuesday,Tue,Weekday,39,145,9/20/2021,20210920,9,33,September,Sep,3,2021,202109,3,1,2022,Not Month End,9/21/2020,,"insert into Date_Dimension values(20210921, '2021-9-21',2, 21, 995, 'Tuesday', 'Tue', 'Weekday', 39, 145, '2021-9-20', 20210920, 9, 33, 'September', 'Sep', 3, 2021, 202109, 3, 1, 2022, 'Not Month End', '2020-9-21')"
20210922,9/22/2021,3,22,996,Wednesday,Wed,Weekday,39,145,9/20/2021,20210920,9,33,September,Sep,3,2021,202109,3,1,2022,Not Month End,9/22/2020,,"insert into Date_Dimension values(20210922, '2021-9-22',3, 22, 996, 'Wednesday', 'Wed', 'Weekday', 39, 145, '2021-9-20', 20210920, 9, 33, 'September', 'Sep', 3, 2021, 202109, 3, 1, 2022, 'Not Month End', '2020-9-22')"
20210923,9/23/2021,4,23,997,Thursday,Thu,Weekday,39,145,9/20/2021,20210920,9,33,September,Sep,3,2021,202109,3,1,2022,Not Month End,9/23/2020,,"insert into Date_Dimension values(20210923, '2021-9-23',4, 23, 997, 'Thursday', 'Thu', 'Weekday', 39, 145, '2021-9-20', 20210920, 9, 33, 'September', 'Sep', 3, 2021, 202109, 3, 1, 2022, 'Not Month End', '2020-9-23')"
20210924,9/24/2021,5,24,998,Friday,Fri,Weekday,39,145,9/20/2021,20210920,9,33,September,Sep,3,2021,202109,3,1,2022,Not Month End,9/24/2020,,"insert into Date_Dimension values(20210924, '2021-9-24',5, 24, 998, 'Friday', 'Fri', 'Weekday', 39, 145, '2021-9-20', 20210920, 9, 33, 'September', 'Sep', 3, 2021, 202109, 3, 1, 2022, 'Not Month End', '2020-9-24')"
20210925,9/25/2021,6,25,999,Saturday,Sat,Weekend,39,145,9/20/2021,20210920,9,33,September,Sep,3,2021,202109,3,1,2022,Not Month End,9/25/2020,,"insert into Date_Dimension values(20210925, '2021-9-25',6, 25, 999, 'Saturday', 'Sat', 'Weekend', 39, 145, '2021-9-20', 20210920, 9, 33, 'September', 'Sep', 3, 2021, 202109, 3, 1, 2022, 'Not Month End', '2020-9-25')"
20210926,9/26/2021,7,26,1000,Sunday,Sun,Weekend,39,145,9/20/2021,20210920,9,33,September,Sep,3,2021,202109,3,1,2022,Not Month End,9/26/2020,,"insert into Date_Dimension values(20210926, '2021-9-26',7, 26, 1000, 'Sunday', 'Sun', 'Weekend', 39, 145, '2021-9-20', 20210920, 9, 33, 'September', 'Sep', 3, 2021, 202109, 3, 1, 2022, 'Not Month End', '2020-9-26')"
20210927,9/27/2021,1,27,1001,Monday,Mon,Weekday,40,146,9/27/2021,20210927,9,33,September,Sep,3,2021,202109,3,1,2022,Not Month End,9/27/2020,,"insert into Date_Dimension values(20210927, '2021-9-27',1, 27, 1001, 'Monday', 'Mon', 'Weekday', 40, 146, '2021-9-27', 20210927, 9, 33, 'September', 'Sep', 3, 2021, 202109, 3, 1, 2022, 'Not Month End', '2020-9-27')"
20210928,9/28/2021,2,28,1002,Tuesday,Tue,Weekday,40,146,9/27/2021,20210927,9,33,September,Sep,3,2021,202109,3,1,2022,Not Month End,9/28/2020,,"insert into Date_Dimension values(20210928, '2021-9-28',2, 28, 1002, 'Tuesday', 'Tue', 'Weekday', 40, 146, '2021-9-27', 20210927, 9, 33, 'September', 'Sep', 3, 2021, 202109, 3, 1, 2022, 'Not Month End', '2020-9-28')"
20210929,9/29/2021,3,29,1003,Wednesday,Wed,Weekday,40,146,9/27/2021,20210927,9,33,September,Sep,3,2021,202109,3,1,2022,Not Month End,9/29/2020,,"insert into Date_Dimension values(20210929, '2021-9-29',3, 29, 1003, 'Wednesday', 'Wed', 'Weekday', 40, 146, '2021-9-27', 20210927, 9, 33, 'September', 'Sep', 3, 2021, 202109, 3, 1, 2022, 'Not Month End', '2020-9-29')"
20210930,9/30/2021,4,30,1004,Thursday,Thu,Weekday,40,146,9/27/2021,20210927,9,33,September,Sep,3,2021,202109,3,1,2022,Month End,9/30/2020,,"insert into Date_Dimension values(20210930, '2021-9-30',4, 30, 1004, 'Thursday', 'Thu', 'Weekday', 40, 146, '2021-9-27', 20210927, 9, 33, 'September', 'Sep', 3, 2021, 202109, 3, 1, 2022, 'Month End', '2020-9-30')"
20211001,10/1/2021,5,1,1005,Friday,Fri,Weekday,40,146,9/27/2021,20210927,10,34,October,Oct,4,2021,202110,4,2,2022,Not Month End,10/1/2020,,"insert into Date_Dimension values(20211001, '2021-10-1',5, 1, 1005, 'Friday', 'Fri', 'Weekday', 40, 146, '2021-9-27', 20210927, 10, 34, 'October', 'Oct', 4, 2021, 202110, 4, 2, 2022, 'Not Month End', '2020-10-1')"
20211002,10/2/2021,6,2,1006,Saturday,Sat,Weekend,40,146,9/27/2021,20210927,10,34,October,Oct,4,2021,202110,4,2,2022,Not Month End,10/2/2020,,"insert into Date_Dimension values(20211002, '2021-10-2',6, 2, 1006, 'Saturday', 'Sat', 'Weekend', 40, 146, '2021-9-27', 20210927, 10, 34, 'October', 'Oct', 4, 2021, 202110, 4, 2, 2022, 'Not Month End', '2020-10-2')"
20211003,10/3/2021,7,3,1007,Sunday,Sun,Weekend,40,146,9/27/2021,20210927,10,34,October,Oct,4,2021,202110,4,2,2022,Not Month End,10/3/2020,,"insert into Date_Dimension values(20211003, '2021-10-3',7, 3, 1007, 'Sunday', 'Sun', 'Weekend', 40, 146, '2021-9-27', 20210927, 10, 34, 'October', 'Oct', 4, 2021, 202110, 4, 2, 2022, 'Not Month End', '2020-10-3')"
20211004,10/4/2021,1,4,1008,Monday,Mon,Weekday,41,147,10/4/2021,20211004,10,34,October,Oct,4,2021,202110,4,2,2022,Not Month End,10/4/2020,,"insert into Date_Dimension values(20211004, '2021-10-4',1, 4, 1008, 'Monday', 'Mon', 'Weekday', 41, 147, '2021-10-4', 20211004, 10, 34, 'October', 'Oct', 4, 2021, 202110, 4, 2, 2022, 'Not Month End', '2020-10-4')"
20211005,10/5/2021,2,5,1009,Tuesday,Tue,Weekday,41,147,10/4/2021,20211004,10,34,October,Oct,4,2021,202110,4,2,2022,Not Month End,10/5/2020,,"insert into Date_Dimension values(20211005, '2021-10-5',2, 5, 1009, 'Tuesday', 'Tue', 'Weekday', 41, 147, '2021-10-4', 20211004, 10, 34, 'October', 'Oct', 4, 2021, 202110, 4, 2, 2022, 'Not Month End', '2020-10-5')"
20211006,10/6/2021,3,6,1010,Wednesday,Wed,Weekday,41,147,10/4/2021,20211004,10,34,October,Oct,4,2021,202110,4,2,2022,Not Month End,10/6/2020,,"insert into Date_Dimension values(20211006, '2021-10-6',3, 6, 1010, 'Wednesday', 'Wed', 'Weekday', 41, 147, '2021-10-4', 20211004, 10, 34, 'October', 'Oct', 4, 2021, 202110, 4, 2, 2022, 'Not Month End', '2020-10-6')"
20211007,10/7/2021,4,7,1011,Thursday,Thu,Weekday,41,147,10/4/2021,20211004,10,34,October,Oct,4,2021,202110,4,2,2022,Not Month End,10/7/2020,,"insert into Date_Dimension values(20211007, '2021-10-7',4, 7, 1011, 'Thursday', 'Thu', 'Weekday', 41, 147, '2021-10-4', 20211004, 10, 34, 'October', 'Oct', 4, 2021, 202110, 4, 2, 2022, 'Not Month End', '2020-10-7')"
20211008,10/8/2021,5,8,1012,Friday,Fri,Weekday,41,147,10/4/2021,20211004,10,34,October,Oct,4,2021,202110,4,2,2022,Not Month End,10/8/2020,,"insert into Date_Dimension values(20211008, '2021-10-8',5, 8, 1012, 'Friday', 'Fri', 'Weekday', 41, 147, '2021-10-4', 20211004, 10, 34, 'October', 'Oct', 4, 2021, 202110, 4, 2, 2022, 'Not Month End', '2020-10-8')"
20211009,10/9/2021,6,9,1013,Saturday,Sat,Weekend,41,147,10/4/2021,20211004,10,34,October,Oct,4,2021,202110,4,2,2022,Not Month End,10/9/2020,,"insert into Date_Dimension values(20211009, '2021-10-9',6, 9, 1013, 'Saturday', 'Sat', 'Weekend', 41, 147, '2021-10-4', 20211004, 10, 34, 'October', 'Oct', 4, 2021, 202110, 4, 2, 2022, 'Not Month End', '2020-10-9')"
20211010,10/10/2021,7,10,1014,Sunday,Sun,Weekend,41,147,10/4/2021,20211004,10,34,October,Oct,4,2021,202110,4,2,2022,Not Month End,10/10/2020,,"insert into Date_Dimension values(20211010, '2021-10-10',7, 10, 1014, 'Sunday', 'Sun', 'Weekend', 41, 147, '2021-10-4', 20211004, 10, 34, 'October', 'Oct', 4, 2021, 202110, 4, 2, 2022, 'Not Month End', '2020-10-10')"
20211011,10/11/2021,1,11,1015,Monday,Mon,Weekday,42,148,10/11/2021,20211011,10,34,October,Oct,4,2021,202110,4,2,2022,Not Month End,10/11/2020,,"insert into Date_Dimension values(20211011, '2021-10-11',1, 11, 1015, 'Monday', 'Mon', 'Weekday', 42, 148, '2021-10-11', 20211011, 10, 34, 'October', 'Oct', 4, 2021, 202110, 4, 2, 2022, 'Not Month End', '2020-10-11')"
20211012,10/12/2021,2,12,1016,Tuesday,Tue,Weekday,42,148,10/11/2021,20211011,10,34,October,Oct,4,2021,202110,4,2,2022,Not Month End,10/12/2020,,"insert into Date_Dimension values(20211012, '2021-10-12',2, 12, 1016, 'Tuesday', 'Tue', 'Weekday', 42, 148, '2021-10-11', 20211011, 10, 34, 'October', 'Oct', 4, 2021, 202110, 4, 2, 2022, 'Not Month End', '2020-10-12')"
20211013,10/13/2021,3,13,1017,Wednesday,Wed,Weekday,42,148,10/11/2021,20211011,10,34,October,Oct,4,2021,202110,4,2,2022,Not Month End,10/13/2020,,"insert into Date_Dimension values(20211013, '2021-10-13',3, 13, 1017, 'Wednesday', 'Wed', 'Weekday', 42, 148, '2021-10-11', 20211011, 10, 34, 'October', 'Oct', 4, 2021, 202110, 4, 2, 2022, 'Not Month End', '2020-10-13')"
20211014,10/14/2021,4,14,1018,Thursday,Thu,Weekday,42,148,10/11/2021,20211011,10,34,October,Oct,4,2021,202110,4,2,2022,Not Month End,10/14/2020,,"insert into Date_Dimension values(20211014, '2021-10-14',4, 14, 1018, 'Thursday', 'Thu', 'Weekday', 42, 148, '2021-10-11', 20211011, 10, 34, 'October', 'Oct', 4, 2021, 202110, 4, 2, 2022, 'Not Month End', '2020-10-14')"
20211015,10/15/2021,5,15,1019,Friday,Fri,Weekday,42,148,10/11/2021,20211011,10,34,October,Oct,4,2021,202110,4,2,2022,Not Month End,10/15/2020,,"insert into Date_Dimension values(20211015, '2021-10-15',5, 15, 1019, 'Friday', 'Fri', 'Weekday', 42, 148, '2021-10-11', 20211011, 10, 34, 'October', 'Oct', 4, 2021, 202110, 4, 2, 2022, 'Not Month End', '2020-10-15')"
20211016,10/16/2021,6,16,1020,Saturday,Sat,Weekend,42,148,10/11/2021,20211011,10,34,October,Oct,4,2021,202110,4,2,2022,Not Month End,10/16/2020,,"insert into Date_Dimension values(20211016, '2021-10-16',6, 16, 1020, 'Saturday', 'Sat', 'Weekend', 42, 148, '2021-10-11', 20211011, 10, 34, 'October', 'Oct', 4, 2021, 202110, 4, 2, 2022, 'Not Month End', '2020-10-16')"
20211017,10/17/2021,7,17,1021,Sunday,Sun,Weekend,42,148,10/11/2021,20211011,10,34,October,Oct,4,2021,202110,4,2,2022,Not Month End,10/17/2020,,"insert into Date_Dimension values(20211017, '2021-10-17',7, 17, 1021, 'Sunday', 'Sun', 'Weekend', 42, 148, '2021-10-11', 20211011, 10, 34, 'October', 'Oct', 4, 2021, 202110, 4, 2, 2022, 'Not Month End', '2020-10-17')"
20211018,10/18/2021,1,18,1022,Monday,Mon,Weekday,43,149,10/18/2021,20211018,10,34,October,Oct,4,2021,202110,4,2,2022,Not Month End,10/18/2020,,"insert into Date_Dimension values(20211018, '2021-10-18',1, 18, 1022, 'Monday', 'Mon', 'Weekday', 43, 149, '2021-10-18', 20211018, 10, 34, 'October', 'Oct', 4, 2021, 202110, 4, 2, 2022, 'Not Month End', '2020-10-18')"
20211019,10/19/2021,2,19,1023,Tuesday,Tue,Weekday,43,149,10/18/2021,20211018,10,34,October,Oct,4,2021,202110,4,2,2022,Not Month End,10/19/2020,,"insert into Date_Dimension values(20211019, '2021-10-19',2, 19, 1023, 'Tuesday', 'Tue', 'Weekday', 43, 149, '2021-10-18', 20211018, 10, 34, 'October', 'Oct', 4, 2021, 202110, 4, 2, 2022, 'Not Month End', '2020-10-19')"
20211020,10/20/2021,3,20,1024,Wednesday,Wed,Weekday,43,149,10/18/2021,20211018,10,34,October,Oct,4,2021,202110,4,2,2022,Not Month End,10/20/2020,,"insert into Date_Dimension values(20211020, '2021-10-20',3, 20, 1024, 'Wednesday', 'Wed', 'Weekday', 43, 149, '2021-10-18', 20211018, 10, 34, 'October', 'Oct', 4, 2021, 202110, 4, 2, 2022, 'Not Month End', '2020-10-20')"
20211021,10/21/2021,4,21,1025,Thursday,Thu,Weekday,43,149,10/18/2021,20211018,10,34,October,Oct,4,2021,202110,4,2,2022,Not Month End,10/21/2020,,"insert into Date_Dimension values(20211021, '2021-10-21',4, 21, 1025, 'Thursday', 'Thu', 'Weekday', 43, 149, '2021-10-18', 20211018, 10, 34, 'October', 'Oct', 4, 2021, 202110, 4, 2, 2022, 'Not Month End', '2020-10-21')"
20211022,10/22/2021,5,22,1026,Friday,Fri,Weekday,43,149,10/18/2021,20211018,10,34,October,Oct,4,2021,202110,4,2,2022,Not Month End,10/22/2020,,"insert into Date_Dimension values(20211022, '2021-10-22',5, 22, 1026, 'Friday', 'Fri', 'Weekday', 43, 149, '2021-10-18', 20211018, 10, 34, 'October', 'Oct', 4, 2021, 202110, 4, 2, 2022, 'Not Month End', '2020-10-22')"
20211023,10/23/2021,6,23,1027,Saturday,Sat,Weekend,43,149,10/18/2021,20211018,10,34,October,Oct,4,2021,202110,4,2,2022,Not Month End,10/23/2020,,"insert into Date_Dimension values(20211023, '2021-10-23',6, 23, 1027, 'Saturday', 'Sat', 'Weekend', 43, 149, '2021-10-18', 20211018, 10, 34, 'October', 'Oct', 4, 2021, 202110, 4, 2, 2022, 'Not Month End', '2020-10-23')"
20211024,10/24/2021,7,24,1028,Sunday,Sun,Weekend,43,149,10/18/2021,20211018,10,34,October,Oct,4,2021,202110,4,2,2022,Not Month End,10/24/2020,,"insert into Date_Dimension values(20211024, '2021-10-24',7, 24, 1028, 'Sunday', 'Sun', 'Weekend', 43, 149, '2021-10-18', 20211018, 10, 34, 'October', 'Oct', 4, 2021, 202110, 4, 2, 2022, 'Not Month End', '2020-10-24')"
20211025,10/25/2021,1,25,1029,Monday,Mon,Weekday,44,150,10/25/2021,20211025,10,34,October,Oct,4,2021,202110,4,2,2022,Not Month End,10/25/2020,,"insert into Date_Dimension values(20211025, '2021-10-25',1, 25, 1029, 'Monday', 'Mon', 'Weekday', 44, 150, '2021-10-25', 20211025, 10, 34, 'October', 'Oct', 4, 2021, 202110, 4, 2, 2022, 'Not Month End', '2020-10-25')"
20211026,10/26/2021,2,26,1030,Tuesday,Tue,Weekday,44,150,10/25/2021,20211025,10,34,October,Oct,4,2021,202110,4,2,2022,Not Month End,10/26/2020,,"insert into Date_Dimension values(20211026, '2021-10-26',2, 26, 1030, 'Tuesday', 'Tue', 'Weekday', 44, 150, '2021-10-25', 20211025, 10, 34, 'October', 'Oct', 4, 2021, 202110, 4, 2, 2022, 'Not Month End', '2020-10-26')"
20211027,10/27/2021,3,27,1031,Wednesday,Wed,Weekday,44,150,10/25/2021,20211025,10,34,October,Oct,4,2021,202110,4,2,2022,Not Month End,10/27/2020,,"insert into Date_Dimension values(20211027, '2021-10-27',3, 27, 1031, 'Wednesday', 'Wed', 'Weekday', 44, 150, '2021-10-25', 20211025, 10, 34, 'October', 'Oct', 4, 2021, 202110, 4, 2, 2022, 'Not Month End', '2020-10-27')"
20211028,10/28/2021,4,28,1032,Thursday,Thu,Weekday,44,150,10/25/2021,20211025,10,34,October,Oct,4,2021,202110,4,2,2022,Not Month End,10/28/2020,,"insert into Date_Dimension values(20211028, '2021-10-28',4, 28, 1032, 'Thursday', 'Thu', 'Weekday', 44, 150, '2021-10-25', 20211025, 10, 34, 'October', 'Oct', 4, 2021, 202110, 4, 2, 2022, 'Not Month End', '2020-10-28')"
20211029,10/29/2021,5,29,1033,Friday,Fri,Weekday,44,150,10/25/2021,20211025,10,34,October,Oct,4,2021,202110,4,2,2022,Not Month End,10/29/2020,,"insert into Date_Dimension values(20211029, '2021-10-29',5, 29, 1033, 'Friday', 'Fri', 'Weekday', 44, 150, '2021-10-25', 20211025, 10, 34, 'October', 'Oct', 4, 2021, 202110, 4, 2, 2022, 'Not Month End', '2020-10-29')"
20211030,10/30/2021,6,30,1034,Saturday,Sat,Weekend,44,150,10/25/2021,20211025,10,34,October,Oct,4,2021,202110,4,2,2022,Not Month End,10/30/2020,,"insert into Date_Dimension values(20211030, '2021-10-30',6, 30, 1034, 'Saturday', 'Sat', 'Weekend', 44, 150, '2021-10-25', 20211025, 10, 34, 'October', 'Oct', 4, 2021, 202110, 4, 2, 2022, 'Not Month End', '2020-10-30')"
20211031,10/31/2021,7,31,1035,Sunday,Sun,Weekend,44,150,10/25/2021,20211025,10,34,October,Oct,4,2021,202110,4,2,2022,Month End,10/31/2020,,"insert into Date_Dimension values(20211031, '2021-10-31',7, 31, 1035, 'Sunday', 'Sun', 'Weekend', 44, 150, '2021-10-25', 20211025, 10, 34, 'October', 'Oct', 4, 2021, 202110, 4, 2, 2022, 'Month End', '2020-10-31')"
20211101,11/1/2021,1,1,1036,Monday,Mon,Weekday,45,151,11/1/2021,20211101,11,35,November,Nov,4,2021,202111,5,2,2022,Not Month End,11/1/2020,,"insert into Date_Dimension values(20211101, '2021-11-1',1, 1, 1036, 'Monday', 'Mon', 'Weekday', 45, 151, '2021-11-1', 20211101, 11, 35, 'November', 'Nov', 4, 2021, 202111, 5, 2, 2022, 'Not Month End', '2020-11-1')"
20211102,11/2/2021,2,2,1037,Tuesday,Tue,Weekday,45,151,11/1/2021,20211101,11,35,November,Nov,4,2021,202111,5,2,2022,Not Month End,11/2/2020,,"insert into Date_Dimension values(20211102, '2021-11-2',2, 2, 1037, 'Tuesday', 'Tue', 'Weekday', 45, 151, '2021-11-1', 20211101, 11, 35, 'November', 'Nov', 4, 2021, 202111, 5, 2, 2022, 'Not Month End', '2020-11-2')"
20211103,11/3/2021,3,3,1038,Wednesday,Wed,Weekday,45,151,11/1/2021,20211101,11,35,November,Nov,4,2021,202111,5,2,2022,Not Month End,11/3/2020,,"insert into Date_Dimension values(20211103, '2021-11-3',3, 3, 1038, 'Wednesday', 'Wed', 'Weekday', 45, 151, '2021-11-1', 20211101, 11, 35, 'November', 'Nov', 4, 2021, 202111, 5, 2, 2022, 'Not Month End', '2020-11-3')"
20211104,11/4/2021,4,4,1039,Thursday,Thu,Weekday,45,151,11/1/2021,20211101,11,35,November,Nov,4,2021,202111,5,2,2022,Not Month End,11/4/2020,,"insert into Date_Dimension values(20211104, '2021-11-4',4, 4, 1039, 'Thursday', 'Thu', 'Weekday', 45, 151, '2021-11-1', 20211101, 11, 35, 'November', 'Nov', 4, 2021, 202111, 5, 2, 2022, 'Not Month End', '2020-11-4')"
20211105,11/5/2021,5,5,1040,Friday,Fri,Weekday,45,151,11/1/2021,20211101,11,35,November,Nov,4,2021,202111,5,2,2022,Not Month End,11/5/2020,,"insert into Date_Dimension values(20211105, '2021-11-5',5, 5, 1040, 'Friday', 'Fri', 'Weekday', 45, 151, '2021-11-1', 20211101, 11, 35, 'November', 'Nov', 4, 2021, 202111, 5, 2, 2022, 'Not Month End', '2020-11-5')"
20211106,11/6/2021,6,6,1041,Saturday,Sat,Weekend,45,151,11/1/2021,20211101,11,35,November,Nov,4,2021,202111,5,2,2022,Not Month End,11/6/2020,,"insert into Date_Dimension values(20211106, '2021-11-6',6, 6, 1041, 'Saturday', 'Sat', 'Weekend', 45, 151, '2021-11-1', 20211101, 11, 35, 'November', 'Nov', 4, 2021, 202111, 5, 2, 2022, 'Not Month End', '2020-11-6')"
20211107,11/7/2021,7,7,1042,Sunday,Sun,Weekend,45,151,11/1/2021,20211101,11,35,November,Nov,4,2021,202111,5,2,2022,Not Month End,11/7/2020,,"insert into Date_Dimension values(20211107, '2021-11-7',7, 7, 1042, 'Sunday', 'Sun', 'Weekend', 45, 151, '2021-11-1', 20211101, 11, 35, 'November', 'Nov', 4, 2021, 202111, 5, 2, 2022, 'Not Month End', '2020-11-7')"
20211108,11/8/2021,1,8,1043,Monday,Mon,Weekday,46,152,11/8/2021,20211108,11,35,November,Nov,4,2021,202111,5,2,2022,Not Month End,11/8/2020,,"insert into Date_Dimension values(20211108, '2021-11-8',1, 8, 1043, 'Monday', 'Mon', 'Weekday', 46, 152, '2021-11-8', 20211108, 11, 35, 'November', 'Nov', 4, 2021, 202111, 5, 2, 2022, 'Not Month End', '2020-11-8')"
20211109,11/9/2021,2,9,1044,Tuesday,Tue,Weekday,46,152,11/8/2021,20211108,11,35,November,Nov,4,2021,202111,5,2,2022,Not Month End,11/9/2020,,"insert into Date_Dimension values(20211109, '2021-11-9',2, 9, 1044, 'Tuesday', 'Tue', 'Weekday', 46, 152, '2021-11-8', 20211108, 11, 35, 'November', 'Nov', 4, 2021, 202111, 5, 2, 2022, 'Not Month End', '2020-11-9')"
20211110,11/10/2021,3,10,1045,Wednesday,Wed,Weekday,46,152,11/8/2021,20211108,11,35,November,Nov,4,2021,202111,5,2,2022,Not Month End,11/10/2020,,"insert into Date_Dimension values(20211110, '2021-11-10',3, 10, 1045, 'Wednesday', 'Wed', 'Weekday', 46, 152, '2021-11-8', 20211108, 11, 35, 'November', 'Nov', 4, 2021, 202111, 5, 2, 2022, 'Not Month End', '2020-11-10')"
20211111,11/11/2021,4,11,1046,Thursday,Thu,Weekday,46,152,11/8/2021,20211108,11,35,November,Nov,4,2021,202111,5,2,2022,Not Month End,11/11/2020,,"insert into Date_Dimension values(20211111, '2021-11-11',4, 11, 1046, 'Thursday', 'Thu', 'Weekday', 46, 152, '2021-11-8', 20211108, 11, 35, 'November', 'Nov', 4, 2021, 202111, 5, 2, 2022, 'Not Month End', '2020-11-11')"
20211112,11/12/2021,5,12,1047,Friday,Fri,Weekday,46,152,11/8/2021,20211108,11,35,November,Nov,4,2021,202111,5,2,2022,Not Month End,11/12/2020,,"insert into Date_Dimension values(20211112, '2021-11-12',5, 12, 1047, 'Friday', 'Fri', 'Weekday', 46, 152, '2021-11-8', 20211108, 11, 35, 'November', 'Nov', 4, 2021, 202111, 5, 2, 2022, 'Not Month End', '2020-11-12')"
20211113,11/13/2021,6,13,1048,Saturday,Sat,Weekend,46,152,11/8/2021,20211108,11,35,November,Nov,4,2021,202111,5,2,2022,Not Month End,11/13/2020,,"insert into Date_Dimension values(20211113, '2021-11-13',6, 13, 1048, 'Saturday', 'Sat', 'Weekend', 46, 152, '2021-11-8', 20211108, 11, 35, 'November', 'Nov', 4, 2021, 202111, 5, 2, 2022, 'Not Month End', '2020-11-13')"
20211114,11/14/2021,7,14,1049,Sunday,Sun,Weekend,46,152,11/8/2021,20211108,11,35,November,Nov,4,2021,202111,5,2,2022,Not Month End,11/14/2020,,"insert into Date_Dimension values(20211114, '2021-11-14',7, 14, 1049, 'Sunday', 'Sun', 'Weekend', 46, 152, '2021-11-8', 20211108, 11, 35, 'November', 'Nov', 4, 2021, 202111, 5, 2, 2022, 'Not Month End', '2020-11-14')"
20211115,11/15/2021,1,15,1050,Monday,Mon,Weekday,47,153,11/15/2021,20211115,11,35,November,Nov,4,2021,202111,5,2,2022,Not Month End,11/15/2020,,"insert into Date_Dimension values(20211115, '2021-11-15',1, 15, 1050, 'Monday', 'Mon', 'Weekday', 47, 153, '2021-11-15', 20211115, 11, 35, 'November', 'Nov', 4, 2021, 202111, 5, 2, 2022, 'Not Month End', '2020-11-15')"
20211116,11/16/2021,2,16,1051,Tuesday,Tue,Weekday,47,153,11/15/2021,20211115,11,35,November,Nov,4,2021,202111,5,2,2022,Not Month End,11/16/2020,,"insert into Date_Dimension values(20211116, '2021-11-16',2, 16, 1051, 'Tuesday', 'Tue', 'Weekday', 47, 153, '2021-11-15', 20211115, 11, 35, 'November', 'Nov', 4, 2021, 202111, 5, 2, 2022, 'Not Month End', '2020-11-16')"
20211117,11/17/2021,3,17,1052,Wednesday,Wed,Weekday,47,153,11/15/2021,20211115,11,35,November,Nov,4,2021,202111,5,2,2022,Not Month End,11/17/2020,,"insert into Date_Dimension values(20211117, '2021-11-17',3, 17, 1052, 'Wednesday', 'Wed', 'Weekday', 47, 153, '2021-11-15', 20211115, 11, 35, 'November', 'Nov', 4, 2021, 202111, 5, 2, 2022, 'Not Month End', '2020-11-17')"
20211118,11/18/2021,4,18,1053,Thursday,Thu,Weekday,47,153,11/15/2021,20211115,11,35,November,Nov,4,2021,202111,5,2,2022,Not Month End,11/18/2020,,"insert into Date_Dimension values(20211118, '2021-11-18',4, 18, 1053, 'Thursday', 'Thu', 'Weekday', 47, 153, '2021-11-15', 20211115, 11, 35, 'November', 'Nov', 4, 2021, 202111, 5, 2, 2022, 'Not Month End', '2020-11-18')"
20211119,11/19/2021,5,19,1054,Friday,Fri,Weekday,47,153,11/15/2021,20211115,11,35,November,Nov,4,2021,202111,5,2,2022,Not Month End,11/19/2020,,"insert into Date_Dimension values(20211119, '2021-11-19',5, 19, 1054, 'Friday', 'Fri', 'Weekday', 47, 153, '2021-11-15', 20211115, 11, 35, 'November', 'Nov', 4, 2021, 202111, 5, 2, 2022, 'Not Month End', '2020-11-19')"
20211120,11/20/2021,6,20,1055,Saturday,Sat,Weekend,47,153,11/15/2021,20211115,11,35,November,Nov,4,2021,202111,5,2,2022,Not Month End,11/20/2020,,"insert into Date_Dimension values(20211120, '2021-11-20',6, 20, 1055, 'Saturday', 'Sat', 'Weekend', 47, 153, '2021-11-15', 20211115, 11, 35, 'November', 'Nov', 4, 2021, 202111, 5, 2, 2022, 'Not Month End', '2020-11-20')"
20211121,11/21/2021,7,21,1056,Sunday,Sun,Weekend,47,153,11/15/2021,20211115,11,35,November,Nov,4,2021,202111,5,2,2022,Not Month End,11/21/2020,,"insert into Date_Dimension values(20211121, '2021-11-21',7, 21, 1056, 'Sunday', 'Sun', 'Weekend', 47, 153, '2021-11-15', 20211115, 11, 35, 'November', 'Nov', 4, 2021, 202111, 5, 2, 2022, 'Not Month End', '2020-11-21')"
20211122,11/22/2021,1,22,1057,Monday,Mon,Weekday,48,154,11/22/2021,20211122,11,35,November,Nov,4,2021,202111,5,2,2022,Not Month End,11/22/2020,,"insert into Date_Dimension values(20211122, '2021-11-22',1, 22, 1057, 'Monday', 'Mon', 'Weekday', 48, 154, '2021-11-22', 20211122, 11, 35, 'November', 'Nov', 4, 2021, 202111, 5, 2, 2022, 'Not Month End', '2020-11-22')"
20211123,11/23/2021,2,23,1058,Tuesday,Tue,Weekday,48,154,11/22/2021,20211122,11,35,November,Nov,4,2021,202111,5,2,2022,Not Month End,11/23/2020,,"insert into Date_Dimension values(20211123, '2021-11-23',2, 23, 1058, 'Tuesday', 'Tue', 'Weekday', 48, 154, '2021-11-22', 20211122, 11, 35, 'November', 'Nov', 4, 2021, 202111, 5, 2, 2022, 'Not Month End', '2020-11-23')"
20211124,11/24/2021,3,24,1059,Wednesday,Wed,Weekday,48,154,11/22/2021,20211122,11,35,November,Nov,4,2021,202111,5,2,2022,Not Month End,11/24/2020,,"insert into Date_Dimension values(20211124, '2021-11-24',3, 24, 1059, 'Wednesday', 'Wed', 'Weekday', 48, 154, '2021-11-22', 20211122, 11, 35, 'November', 'Nov', 4, 2021, 202111, 5, 2, 2022, 'Not Month End', '2020-11-24')"
20211125,11/25/2021,4,25,1060,Thursday,Thu,Weekday,48,154,11/22/2021,20211122,11,35,November,Nov,4,2021,202111,5,2,2022,Not Month End,11/25/2020,,"insert into Date_Dimension values(20211125, '2021-11-25',4, 25, 1060, 'Thursday', 'Thu', 'Weekday', 48, 154, '2021-11-22', 20211122, 11, 35, 'November', 'Nov', 4, 2021, 202111, 5, 2, 2022, 'Not Month End', '2020-11-25')"
20211126,11/26/2021,5,26,1061,Friday,Fri,Weekday,48,154,11/22/2021,20211122,11,35,November,Nov,4,2021,202111,5,2,2022,Not Month End,11/26/2020,,"insert into Date_Dimension values(20211126, '2021-11-26',5, 26, 1061, 'Friday', 'Fri', 'Weekday', 48, 154, '2021-11-22', 20211122, 11, 35, 'November', 'Nov', 4, 2021, 202111, 5, 2, 2022, 'Not Month End', '2020-11-26')"
20211127,11/27/2021,6,27,1062,Saturday,Sat,Weekend,48,154,11/22/2021,20211122,11,35,November,Nov,4,2021,202111,5,2,2022,Not Month End,11/27/2020,,"insert into Date_Dimension values(20211127, '2021-11-27',6, 27, 1062, 'Saturday', 'Sat', 'Weekend', 48, 154, '2021-11-22', 20211122, 11, 35, 'November', 'Nov', 4, 2021, 202111, 5, 2, 2022, 'Not Month End', '2020-11-27')"
20211128,11/28/2021,7,28,1063,Sunday,Sun,Weekend,48,154,11/22/2021,20211122,11,35,November,Nov,4,2021,202111,5,2,2022,Not Month End,11/28/2020,,"insert into Date_Dimension values(20211128, '2021-11-28',7, 28, 1063, 'Sunday', 'Sun', 'Weekend', 48, 154, '2021-11-22', 20211122, 11, 35, 'November', 'Nov', 4, 2021, 202111, 5, 2, 2022, 'Not Month End', '2020-11-28')"
20211129,11/29/2021,1,29,1064,Monday,Mon,Weekday,49,155,11/29/2021,20211129,11,35,November,Nov,4,2021,202111,5,2,2022,Not Month End,11/29/2020,,"insert into Date_Dimension values(20211129, '2021-11-29',1, 29, 1064, 'Monday', 'Mon', 'Weekday', 49, 155, '2021-11-29', 20211129, 11, 35, 'November', 'Nov', 4, 2021, 202111, 5, 2, 2022, 'Not Month End', '2020-11-29')"
20211130,11/30/2021,2,30,1065,Tuesday,Tue,Weekday,49,155,11/29/2021,20211129,11,35,November,Nov,4,2021,202111,5,2,2022,Month End,11/30/2020,,"insert into Date_Dimension values(20211130, '2021-11-30',2, 30, 1065, 'Tuesday', 'Tue', 'Weekday', 49, 155, '2021-11-29', 20211129, 11, 35, 'November', 'Nov', 4, 2021, 202111, 5, 2, 2022, 'Month End', '2020-11-30')"
20211201,12/1/2021,3,1,1066,Wednesday,Wed,Weekday,49,155,11/29/2021,20211129,12,36,December,Dec,4,2021,202112,6,2,2022,Not Month End,12/1/2020,,"insert into Date_Dimension values(20211201, '2021-12-1',3, 1, 1066, 'Wednesday', 'Wed', 'Weekday', 49, 155, '2021-11-29', 20211129, 12, 36, 'December', 'Dec', 4, 2021, 202112, 6, 2, 2022, 'Not Month End', '2020-12-1')"
20211202,12/2/2021,4,2,1067,Thursday,Thu,Weekday,49,155,11/29/2021,20211129,12,36,December,Dec,4,2021,202112,6,2,2022,Not Month End,12/2/2020,,"insert into Date_Dimension values(20211202, '2021-12-2',4, 2, 1067, 'Thursday', 'Thu', 'Weekday', 49, 155, '2021-11-29', 20211129, 12, 36, 'December', 'Dec', 4, 2021, 202112, 6, 2, 2022, 'Not Month End', '2020-12-2')"
20211203,12/3/2021,5,3,1068,Friday,Fri,Weekday,49,155,11/29/2021,20211129,12,36,December,Dec,4,2021,202112,6,2,2022,Not Month End,12/3/2020,,"insert into Date_Dimension values(20211203, '2021-12-3',5, 3, 1068, 'Friday', 'Fri', 'Weekday', 49, 155, '2021-11-29', 20211129, 12, 36, 'December', 'Dec', 4, 2021, 202112, 6, 2, 2022, 'Not Month End', '2020-12-3')"
20211204,12/4/2021,6,4,1069,Saturday,Sat,Weekend,49,155,11/29/2021,20211129,12,36,December,Dec,4,2021,202112,6,2,2022,Not Month End,12/4/2020,,"insert into Date_Dimension values(20211204, '2021-12-4',6, 4, 1069, 'Saturday', 'Sat', 'Weekend', 49, 155, '2021-11-29', 20211129, 12, 36, 'December', 'Dec', 4, 2021, 202112, 6, 2, 2022, 'Not Month End', '2020-12-4')"
20211205,12/5/2021,7,5,1070,Sunday,Sun,Weekend,49,155,11/29/2021,20211129,12,36,December,Dec,4,2021,202112,6,2,2022,Not Month End,12/5/2020,,"insert into Date_Dimension values(20211205, '2021-12-5',7, 5, 1070, 'Sunday', 'Sun', 'Weekend', 49, 155, '2021-11-29', 20211129, 12, 36, 'December', 'Dec', 4, 2021, 202112, 6, 2, 2022, 'Not Month End', '2020-12-5')"
20211206,12/6/2021,1,6,1071,Monday,Mon,Weekday,50,156,12/6/2021,20211206,12,36,December,Dec,4,2021,202112,6,2,2022,Not Month End,12/6/2020,,"insert into Date_Dimension values(20211206, '2021-12-6',1, 6, 1071, 'Monday', 'Mon', 'Weekday', 50, 156, '2021-12-6', 20211206, 12, 36, 'December', 'Dec', 4, 2021, 202112, 6, 2, 2022, 'Not Month End', '2020-12-6')"
20211207,12/7/2021,2,7,1072,Tuesday,Tue,Weekday,50,156,12/6/2021,20211206,12,36,December,Dec,4,2021,202112,6,2,2022,Not Month End,12/7/2020,,"insert into Date_Dimension values(20211207, '2021-12-7',2, 7, 1072, 'Tuesday', 'Tue', 'Weekday', 50, 156, '2021-12-6', 20211206, 12, 36, 'December', 'Dec', 4, 2021, 202112, 6, 2, 2022, 'Not Month End', '2020-12-7')"
20211208,12/8/2021,3,8,1073,Wednesday,Wed,Weekday,50,156,12/6/2021,20211206,12,36,December,Dec,4,2021,202112,6,2,2022,Not Month End,12/8/2020,,"insert into Date_Dimension values(20211208, '2021-12-8',3, 8, 1073, 'Wednesday', 'Wed', 'Weekday', 50, 156, '2021-12-6', 20211206, 12, 36, 'December', 'Dec', 4, 2021, 202112, 6, 2, 2022, 'Not Month End', '2020-12-8')"
20211209,12/9/2021,4,9,1074,Thursday,Thu,Weekday,50,156,12/6/2021,20211206,12,36,December,Dec,4,2021,202112,6,2,2022,Not Month End,12/9/2020,,"insert into Date_Dimension values(20211209, '2021-12-9',4, 9, 1074, 'Thursday', 'Thu', 'Weekday', 50, 156, '2021-12-6', 20211206, 12, 36, 'December', 'Dec', 4, 2021, 202112, 6, 2, 2022, 'Not Month End', '2020-12-9')"
20211210,12/10/2021,5,10,1075,Friday,Fri,Weekday,50,156,12/6/2021,20211206,12,36,December,Dec,4,2021,202112,6,2,2022,Not Month End,12/10/2020,,"insert into Date_Dimension values(20211210, '2021-12-10',5, 10, 1075, 'Friday', 'Fri', 'Weekday', 50, 156, '2021-12-6', 20211206, 12, 36, 'December', 'Dec', 4, 2021, 202112, 6, 2, 2022, 'Not Month End', '2020-12-10')"
20211211,12/11/2021,6,11,1076,Saturday,Sat,Weekend,50,156,12/6/2021,20211206,12,36,December,Dec,4,2021,202112,6,2,2022,Not Month End,12/11/2020,,"insert into Date_Dimension values(20211211, '2021-12-11',6, 11, 1076, 'Saturday', 'Sat', 'Weekend', 50, 156, '2021-12-6', 20211206, 12, 36, 'December', 'Dec', 4, 2021, 202112, 6, 2, 2022, 'Not Month End', '2020-12-11')"
20211212,12/12/2021,7,12,1077,Sunday,Sun,Weekend,50,156,12/6/2021,20211206,12,36,December,Dec,4,2021,202112,6,2,2022,Not Month End,12/12/2020,,"insert into Date_Dimension values(20211212, '2021-12-12',7, 12, 1077, 'Sunday', 'Sun', 'Weekend', 50, 156, '2021-12-6', 20211206, 12, 36, 'December', 'Dec', 4, 2021, 202112, 6, 2, 2022, 'Not Month End', '2020-12-12')"
20211213,12/13/2021,1,13,1078,Monday,Mon,Weekday,51,157,12/13/2021,20211213,12,36,December,Dec,4,2021,202112,6,2,2022,Not Month End,12/13/2020,,"insert into Date_Dimension values(20211213, '2021-12-13',1, 13, 1078, 'Monday', 'Mon', 'Weekday', 51, 157, '2021-12-13', 20211213, 12, 36, 'December', 'Dec', 4, 2021, 202112, 6, 2, 2022, 'Not Month End', '2020-12-13')"
20211214,12/14/2021,2,14,1079,Tuesday,Tue,Weekday,51,157,12/13/2021,20211213,12,36,December,Dec,4,2021,202112,6,2,2022,Not Month End,12/14/2020,,"insert into Date_Dimension values(20211214, '2021-12-14',2, 14, 1079, 'Tuesday', 'Tue', 'Weekday', 51, 157, '2021-12-13', 20211213, 12, 36, 'December', 'Dec', 4, 2021, 202112, 6, 2, 2022, 'Not Month End', '2020-12-14')"
20211215,12/15/2021,3,15,1080,Wednesday,Wed,Weekday,51,157,12/13/2021,20211213,12,36,December,Dec,4,2021,202112,6,2,2022,Not Month End,12/15/2020,,"insert into Date_Dimension values(20211215, '2021-12-15',3, 15, 1080, 'Wednesday', 'Wed', 'Weekday', 51, 157, '2021-12-13', 20211213, 12, 36, 'December', 'Dec', 4, 2021, 202112, 6, 2, 2022, 'Not Month End', '2020-12-15')"
20211216,12/16/2021,4,16,1081,Thursday,Thu,Weekday,51,157,12/13/2021,20211213,12,36,December,Dec,4,2021,202112,6,2,2022,Not Month End,12/16/2020,,"insert into Date_Dimension values(20211216, '2021-12-16',4, 16, 1081, 'Thursday', 'Thu', 'Weekday', 51, 157, '2021-12-13', 20211213, 12, 36, 'December', 'Dec', 4, 2021, 202112, 6, 2, 2022, 'Not Month End', '2020-12-16')"
20211217,12/17/2021,5,17,1082,Friday,Fri,Weekday,51,157,12/13/2021,20211213,12,36,December,Dec,4,2021,202112,6,2,2022,Not Month End,12/17/2020,,"insert into Date_Dimension values(20211217, '2021-12-17',5, 17, 1082, 'Friday', 'Fri', 'Weekday', 51, 157, '2021-12-13', 20211213, 12, 36, 'December', 'Dec', 4, 2021, 202112, 6, 2, 2022, 'Not Month End', '2020-12-17')"
20211218,12/18/2021,6,18,1083,Saturday,Sat,Weekend,51,157,12/13/2021,20211213,12,36,December,Dec,4,2021,202112,6,2,2022,Not Month End,12/18/2020,,"insert into Date_Dimension values(20211218, '2021-12-18',6, 18, 1083, 'Saturday', 'Sat', 'Weekend', 51, 157, '2021-12-13', 20211213, 12, 36, 'December', 'Dec', 4, 2021, 202112, 6, 2, 2022, 'Not Month End', '2020-12-18')"
20211219,12/19/2021,7,19,1084,Sunday,Sun,Weekend,51,157,12/13/2021,20211213,12,36,December,Dec,4,2021,202112,6,2,2022,Not Month End,12/19/2020,,"insert into Date_Dimension values(20211219, '2021-12-19',7, 19, 1084, 'Sunday', 'Sun', 'Weekend', 51, 157, '2021-12-13', 20211213, 12, 36, 'December', 'Dec', 4, 2021, 202112, 6, 2, 2022, 'Not Month End', '2020-12-19')"
20211220,12/20/2021,1,20,1085,Monday,Mon,Weekday,52,158,12/20/2021,20211220,12,36,December,Dec,4,2021,202112,6,2,2022,Not Month End,12/20/2020,,"insert into Date_Dimension values(20211220, '2021-12-20',1, 20, 1085, 'Monday', 'Mon', 'Weekday', 52, 158, '2021-12-20', 20211220, 12, 36, 'December', 'Dec', 4, 2021, 202112, 6, 2, 2022, 'Not Month End', '2020-12-20')"
20211221,12/21/2021,2,21,1086,Tuesday,Tue,Weekday,52,158,12/20/2021,20211220,12,36,December,Dec,4,2021,202112,6,2,2022,Not Month End,12/21/2020,,"insert into Date_Dimension values(20211221, '2021-12-21',2, 21, 1086, 'Tuesday', 'Tue', 'Weekday', 52, 158, '2021-12-20', 20211220, 12, 36, 'December', 'Dec', 4, 2021, 202112, 6, 2, 2022, 'Not Month End', '2020-12-21')"
20211222,12/22/2021,3,22,1087,Wednesday,Wed,Weekday,52,158,12/20/2021,20211220,12,36,December,Dec,4,2021,202112,6,2,2022,Not Month End,12/22/2020,,"insert into Date_Dimension values(20211222, '2021-12-22',3, 22, 1087, 'Wednesday', 'Wed', 'Weekday', 52, 158, '2021-12-20', 20211220, 12, 36, 'December', 'Dec', 4, 2021, 202112, 6, 2, 2022, 'Not Month End', '2020-12-22')"
20211223,12/23/2021,4,23,1088,Thursday,Thu,Weekday,52,158,12/20/2021,20211220,12,36,December,Dec,4,2021,202112,6,2,2022,Not Month End,12/23/2020,,"insert into Date_Dimension values(20211223, '2021-12-23',4, 23, 1088, 'Thursday', 'Thu', 'Weekday', 52, 158, '2021-12-20', 20211220, 12, 36, 'December', 'Dec', 4, 2021, 202112, 6, 2, 2022, 'Not Month End', '2020-12-23')"
20211224,12/24/2021,5,24,1089,Friday,Fri,Weekday,52,158,12/20/2021,20211220,12,36,December,Dec,4,2021,202112,6,2,2022,Not Month End,12/24/2020,,"insert into Date_Dimension values(20211224, '2021-12-24',5, 24, 1089, 'Friday', 'Fri', 'Weekday', 52, 158, '2021-12-20', 20211220, 12, 36, 'December', 'Dec', 4, 2021, 202112, 6, 2, 2022, 'Not Month End', '2020-12-24')"
20211225,12/25/2021,6,25,1090,Saturday,Sat,Weekend,52,158,12/20/2021,20211220,12,36,December,Dec,4,2021,202112,6,2,2022,Not Month End,12/25/2020,,"insert into Date_Dimension values(20211225, '2021-12-25',6, 25, 1090, 'Saturday', 'Sat', 'Weekend', 52, 158, '2021-12-20', 20211220, 12, 36, 'December', 'Dec', 4, 2021, 202112, 6, 2, 2022, 'Not Month End', '2020-12-25')"
20211226,12/26/2021,7,26,1091,Sunday,Sun,Weekend,52,158,12/20/2021,20211220,12,36,December,Dec,4,2021,202112,6,2,2022,Not Month End,12/26/2020,,"insert into Date_Dimension values(20211226, '2021-12-26',7, 26, 1091, 'Sunday', 'Sun', 'Weekend', 52, 158, '2021-12-20', 20211220, 12, 36, 'December', 'Dec', 4, 2021, 202112, 6, 2, 2022, 'Not Month End', '2020-12-26')"
20211227,12/27/2021,1,27,1092,Monday,Mon,Weekday,53,159,12/27/2021,20211227,12,36,December,Dec,4,2021,202112,6,2,2022,Not Month End,12/27/2020,,"insert into Date_Dimension values(20211227, '2021-12-27',1, 27, 1092, 'Monday', 'Mon', 'Weekday', 53, 159, '2021-12-27', 20211227, 12, 36, 'December', 'Dec', 4, 2021, 202112, 6, 2, 2022, 'Not Month End', '2020-12-27')"
20211228,12/28/2021,2,28,1093,Tuesday,Tue,Weekday,53,159,12/27/2021,20211227,12,36,December,Dec,4,2021,202112,6,2,2022,Not Month End,12/28/2020,,"insert into Date_Dimension values(20211228, '2021-12-28',2, 28, 1093, 'Tuesday', 'Tue', 'Weekday', 53, 159, '2021-12-27', 20211227, 12, 36, 'December', 'Dec', 4, 2021, 202112, 6, 2, 2022, 'Not Month End', '2020-12-28')"
20211229,12/29/2021,3,29,1094,Wednesday,Wed,Weekday,53,159,12/27/2021,20211227,12,36,December,Dec,4,2021,202112,6,2,2022,Not Month End,12/29/2020,,"insert into Date_Dimension values(20211229, '2021-12-29',3, 29, 1094, 'Wednesday', 'Wed', 'Weekday', 53, 159, '2021-12-27', 20211227, 12, 36, 'December', 'Dec', 4, 2021, 202112, 6, 2, 2022, 'Not Month End', '2020-12-29')"
20211230,12/30/2021,4,30,1095,Thursday,Thu,Weekday,53,159,12/27/2021,20211227,12,36,December,Dec,4,2021,202112,6,2,2022,Not Month End,12/30/2020,,"insert into Date_Dimension values(20211230, '2021-12-30',4, 30, 1095, 'Thursday', 'Thu', 'Weekday', 53, 159, '2021-12-27', 20211227, 12, 36, 'December', 'Dec', 4, 2021, 202112, 6, 2, 2022, 'Not Month End', '2020-12-30')"
20211231,12/31/2021,5,31,1096,Friday,Fri,Weekday,53,159,12/27/2021,20211227,12,36,December,Dec,4,2021,202112,6,2,2022,Month End,12/31/2020,,"insert into Date_Dimension values(20211231, '2021-12-31',5, 31, 1096, 'Friday', 'Fri', 'Weekday', 53, 159, '2021-12-27', 20211227, 12, 36, 'December', 'Dec', 4, 2021, 202112, 6, 2, 2022, 'Month End', '2020-12-31')"
20220101,1/1/2022,6,1,1097,Saturday,Sat,Weekend,1,160,12/27/2021,20211227,1,37,January,Jan,1,2022,202201,7,3,2022,Not Month End,1/1/2021,,"insert into Date_Dimension values(20220101, '2022-1-1',6, 1, 1097, 'Saturday', 'Sat', 'Weekend', 1, 160, '2021-12-27', 20211227, 1, 37, 'January', 'Jan', 1, 2022, 202201, 7, 3, 2022, 'Not Month End', '2021-1-1')"
20220102,1/2/2022,7,2,1098,Sunday,Sun,Weekend,1,160,12/27/2021,20211227,1,37,January,Jan,1,2022,202201,7,3,2022,Not Month End,1/2/2021,,"insert into Date_Dimension values(20220102, '2022-1-2',7, 2, 1098, 'Sunday', 'Sun', 'Weekend', 1, 160, '2021-12-27', 20211227, 1, 37, 'January', 'Jan', 1, 2022, 202201, 7, 3, 2022, 'Not Month End', '2021-1-2')"
20220103,1/3/2022,1,3,1099,Monday,Mon,Weekday,2,161,1/3/2022,20220103,1,37,January,Jan,1,2022,202201,7,3,2022,Not Month End,1/3/2021,,"insert into Date_Dimension values(20220103, '2022-1-3',1, 3, 1099, 'Monday', 'Mon', 'Weekday', 2, 161, '2022-1-3', 20220103, 1, 37, 'January', 'Jan', 1, 2022, 202201, 7, 3, 2022, 'Not Month End', '2021-1-3')"
20220104,1/4/2022,2,4,1100,Tuesday,Tue,Weekday,2,161,1/3/2022,20220103,1,37,January,Jan,1,2022,202201,7,3,2022,Not Month End,1/4/2021,,"insert into Date_Dimension values(20220104, '2022-1-4',2, 4, 1100, 'Tuesday', 'Tue', 'Weekday', 2, 161, '2022-1-3', 20220103, 1, 37, 'January', 'Jan', 1, 2022, 202201, 7, 3, 2022, 'Not Month End', '2021-1-4')"
20220105,1/5/2022,3,5,1101,Wednesday,Wed,Weekday,2,161,1/3/2022,20220103,1,37,January,Jan,1,2022,202201,7,3,2022,Not Month End,1/5/2021,,"insert into Date_Dimension values(20220105, '2022-1-5',3, 5, 1101, 'Wednesday', 'Wed', 'Weekday', 2, 161, '2022-1-3', 20220103, 1, 37, 'January', 'Jan', 1, 2022, 202201, 7, 3, 2022, 'Not Month End', '2021-1-5')"
20220106,1/6/2022,4,6,1102,Thursday,Thu,Weekday,2,161,1/3/2022,20220103,1,37,January,Jan,1,2022,202201,7,3,2022,Not Month End,1/6/2021,,"insert into Date_Dimension values(20220106, '2022-1-6',4, 6, 1102, 'Thursday', 'Thu', 'Weekday', 2, 161, '2022-1-3', 20220103, 1, 37, 'January', 'Jan', 1, 2022, 202201, 7, 3, 2022, 'Not Month End', '2021-1-6')"
20220107,1/7/2022,5,7,1103,Friday,Fri,Weekday,2,161,1/3/2022,20220103,1,37,January,Jan,1,2022,202201,7,3,2022,Not Month End,1/7/2021,,"insert into Date_Dimension values(20220107, '2022-1-7',5, 7, 1103, 'Friday', 'Fri', 'Weekday', 2, 161, '2022-1-3', 20220103, 1, 37, 'January', 'Jan', 1, 2022, 202201, 7, 3, 2022, 'Not Month End', '2021-1-7')"
20220108,1/8/2022,6,8,1104,Saturday,Sat,Weekend,2,161,1/3/2022,20220103,1,37,January,Jan,1,2022,202201,7,3,2022,Not Month End,1/8/2021,,"insert into Date_Dimension values(20220108, '2022-1-8',6, 8, 1104, 'Saturday', 'Sat', 'Weekend', 2, 161, '2022-1-3', 20220103, 1, 37, 'January', 'Jan', 1, 2022, 202201, 7, 3, 2022, 'Not Month End', '2021-1-8')"
20220109,1/9/2022,7,9,1105,Sunday,Sun,Weekend,2,161,1/3/2022,20220103,1,37,January,Jan,1,2022,202201,7,3,2022,Not Month End,1/9/2021,,"insert into Date_Dimension values(20220109, '2022-1-9',7, 9, 1105, 'Sunday', 'Sun', 'Weekend', 2, 161, '2022-1-3', 20220103, 1, 37, 'January', 'Jan', 1, 2022, 202201, 7, 3, 2022, 'Not Month End', '2021-1-9')"
20220110,1/10/2022,1,10,1106,Monday,Mon,Weekday,3,162,1/10/2022,20220110,1,37,January,Jan,1,2022,202201,7,3,2022,Not Month End,1/10/2021,,"insert into Date_Dimension values(20220110, '2022-1-10',1, 10, 1106, 'Monday', 'Mon', 'Weekday', 3, 162, '2022-1-10', 20220110, 1, 37, 'January', 'Jan', 1, 2022, 202201, 7, 3, 2022, 'Not Month End', '2021-1-10')"
20220111,1/11/2022,2,11,1107,Tuesday,Tue,Weekday,3,162,1/10/2022,20220110,1,37,January,Jan,1,2022,202201,7,3,2022,Not Month End,1/11/2021,,"insert into Date_Dimension values(20220111, '2022-1-11',2, 11, 1107, 'Tuesday', 'Tue', 'Weekday', 3, 162, '2022-1-10', 20220110, 1, 37, 'January', 'Jan', 1, 2022, 202201, 7, 3, 2022, 'Not Month End', '2021-1-11')"
20220112,1/12/2022,3,12,1108,Wednesday,Wed,Weekday,3,162,1/10/2022,20220110,1,37,January,Jan,1,2022,202201,7,3,2022,Not Month End,1/12/2021,,"insert into Date_Dimension values(20220112, '2022-1-12',3, 12, 1108, 'Wednesday', 'Wed', 'Weekday', 3, 162, '2022-1-10', 20220110, 1, 37, 'January', 'Jan', 1, 2022, 202201, 7, 3, 2022, 'Not Month End', '2021-1-12')"
20220113,1/13/2022,4,13,1109,Thursday,Thu,Weekday,3,162,1/10/2022,20220110,1,37,January,Jan,1,2022,202201,7,3,2022,Not Month End,1/13/2021,,"insert into Date_Dimension values(20220113, '2022-1-13',4, 13, 1109, 'Thursday', 'Thu', 'Weekday', 3, 162, '2022-1-10', 20220110, 1, 37, 'January', 'Jan', 1, 2022, 202201, 7, 3, 2022, 'Not Month End', '2021-1-13')"
20220114,1/14/2022,5,14,1110,Friday,Fri,Weekday,3,162,1/10/2022,20220110,1,37,January,Jan,1,2022,202201,7,3,2022,Not Month End,1/14/2021,,"insert into Date_Dimension values(20220114, '2022-1-14',5, 14, 1110, 'Friday', 'Fri', 'Weekday', 3, 162, '2022-1-10', 20220110, 1, 37, 'January', 'Jan', 1, 2022, 202201, 7, 3, 2022, 'Not Month End', '2021-1-14')"
20220115,1/15/2022,6,15,1111,Saturday,Sat,Weekend,3,162,1/10/2022,20220110,1,37,January,Jan,1,2022,202201,7,3,2022,Not Month End,1/15/2021,,"insert into Date_Dimension values(20220115, '2022-1-15',6, 15, 1111, 'Saturday', 'Sat', 'Weekend', 3, 162, '2022-1-10', 20220110, 1, 37, 'January', 'Jan', 1, 2022, 202201, 7, 3, 2022, 'Not Month End', '2021-1-15')"
20220116,1/16/2022,7,16,1112,Sunday,Sun,Weekend,3,162,1/10/2022,20220110,1,37,January,Jan,1,2022,202201,7,3,2022,Not Month End,1/16/2021,,"insert into Date_Dimension values(20220116, '2022-1-16',7, 16, 1112, 'Sunday', 'Sun', 'Weekend', 3, 162, '2022-1-10', 20220110, 1, 37, 'January', 'Jan', 1, 2022, 202201, 7, 3, 2022, 'Not Month End', '2021-1-16')"
20220117,1/17/2022,1,17,1113,Monday,Mon,Weekday,4,163,1/17/2022,20220117,1,37,January,Jan,1,2022,202201,7,3,2022,Not Month End,1/17/2021,,"insert into Date_Dimension values(20220117, '2022-1-17',1, 17, 1113, 'Monday', 'Mon', 'Weekday', 4, 163, '2022-1-17', 20220117, 1, 37, 'January', 'Jan', 1, 2022, 202201, 7, 3, 2022, 'Not Month End', '2021-1-17')"
20220118,1/18/2022,2,18,1114,Tuesday,Tue,Weekday,4,163,1/17/2022,20220117,1,37,January,Jan,1,2022,202201,7,3,2022,Not Month End,1/18/2021,,"insert into Date_Dimension values(20220118, '2022-1-18',2, 18, 1114, 'Tuesday', 'Tue', 'Weekday', 4, 163, '2022-1-17', 20220117, 1, 37, 'January', 'Jan', 1, 2022, 202201, 7, 3, 2022, 'Not Month End', '2021-1-18')"
20220119,1/19/2022,3,19,1115,Wednesday,Wed,Weekday,4,163,1/17/2022,20220117,1,37,January,Jan,1,2022,202201,7,3,2022,Not Month End,1/19/2021,,"insert into Date_Dimension values(20220119, '2022-1-19',3, 19, 1115, 'Wednesday', 'Wed', 'Weekday', 4, 163, '2022-1-17', 20220117, 1, 37, 'January', 'Jan', 1, 2022, 202201, 7, 3, 2022, 'Not Month End', '2021-1-19')"
20220120,1/20/2022,4,20,1116,Thursday,Thu,Weekday,4,163,1/17/2022,20220117,1,37,January,Jan,1,2022,202201,7,3,2022,Not Month End,1/20/2021,,"insert into Date_Dimension values(20220120, '2022-1-20',4, 20, 1116, 'Thursday', 'Thu', 'Weekday', 4, 163, '2022-1-17', 20220117, 1, 37, 'January', 'Jan', 1, 2022, 202201, 7, 3, 2022, 'Not Month End', '2021-1-20')"
20220121,1/21/2022,5,21,1117,Friday,Fri,Weekday,4,163,1/17/2022,20220117,1,37,January,Jan,1,2022,202201,7,3,2022,Not Month End,1/21/2021,,"insert into Date_Dimension values(20220121, '2022-1-21',5, 21, 1117, 'Friday', 'Fri', 'Weekday', 4, 163, '2022-1-17', 20220117, 1, 37, 'January', 'Jan', 1, 2022, 202201, 7, 3, 2022, 'Not Month End', '2021-1-21')"
20220122,1/22/2022,6,22,1118,Saturday,Sat,Weekend,4,163,1/17/2022,20220117,1,37,January,Jan,1,2022,202201,7,3,2022,Not Month End,1/22/2021,,"insert into Date_Dimension values(20220122, '2022-1-22',6, 22, 1118, 'Saturday', 'Sat', 'Weekend', 4, 163, '2022-1-17', 20220117, 1, 37, 'January', 'Jan', 1, 2022, 202201, 7, 3, 2022, 'Not Month End', '2021-1-22')"
20220123,1/23/2022,7,23,1119,Sunday,Sun,Weekend,4,163,1/17/2022,20220117,1,37,January,Jan,1,2022,202201,7,3,2022,Not Month End,1/23/2021,,"insert into Date_Dimension values(20220123, '2022-1-23',7, 23, 1119, 'Sunday', 'Sun', 'Weekend', 4, 163, '2022-1-17', 20220117, 1, 37, 'January', 'Jan', 1, 2022, 202201, 7, 3, 2022, 'Not Month End', '2021-1-23')"
20220124,1/24/2022,1,24,1120,Monday,Mon,Weekday,5,164,1/24/2022,20220124,1,37,January,Jan,1,2022,202201,7,3,2022,Not Month End,1/24/2021,,"insert into Date_Dimension values(20220124, '2022-1-24',1, 24, 1120, 'Monday', 'Mon', 'Weekday', 5, 164, '2022-1-24', 20220124, 1, 37, 'January', 'Jan', 1, 2022, 202201, 7, 3, 2022, 'Not Month End', '2021-1-24')"
20220125,1/25/2022,2,25,1121,Tuesday,Tue,Weekday,5,164,1/24/2022,20220124,1,37,January,Jan,1,2022,202201,7,3,2022,Not Month End,1/25/2021,,"insert into Date_Dimension values(20220125, '2022-1-25',2, 25, 1121, 'Tuesday', 'Tue', 'Weekday', 5, 164, '2022-1-24', 20220124, 1, 37, 'January', 'Jan', 1, 2022, 202201, 7, 3, 2022, 'Not Month End', '2021-1-25')"
20220126,1/26/2022,3,26,1122,Wednesday,Wed,Weekday,5,164,1/24/2022,20220124,1,37,January,Jan,1,2022,202201,7,3,2022,Not Month End,1/26/2021,,"insert into Date_Dimension values(20220126, '2022-1-26',3, 26, 1122, 'Wednesday', 'Wed', 'Weekday', 5, 164, '2022-1-24', 20220124, 1, 37, 'January', 'Jan', 1, 2022, 202201, 7, 3, 2022, 'Not Month End', '2021-1-26')"
20220127,1/27/2022,4,27,1123,Thursday,Thu,Weekday,5,164,1/24/2022,20220124,1,37,January,Jan,1,2022,202201,7,3,2022,Not Month End,1/27/2021,,"insert into Date_Dimension values(20220127, '2022-1-27',4, 27, 1123, 'Thursday', 'Thu', 'Weekday', 5, 164, '2022-1-24', 20220124, 1, 37, 'January', 'Jan', 1, 2022, 202201, 7, 3, 2022, 'Not Month End', '2021-1-27')"
20220128,1/28/2022,5,28,1124,Friday,Fri,Weekday,5,164,1/24/2022,20220124,1,37,January,Jan,1,2022,202201,7,3,2022,Not Month End,1/28/2021,,"insert into Date_Dimension values(20220128, '2022-1-28',5, 28, 1124, 'Friday', 'Fri', 'Weekday', 5, 164, '2022-1-24', 20220124, 1, 37, 'January', 'Jan', 1, 2022, 202201, 7, 3, 2022, 'Not Month End', '2021-1-28')"
20220129,1/29/2022,6,29,1125,Saturday,Sat,Weekend,5,164,1/24/2022,20220124,1,37,January,Jan,1,2022,202201,7,3,2022,Not Month End,1/29/2021,,"insert into Date_Dimension values(20220129, '2022-1-29',6, 29, 1125, 'Saturday', 'Sat', 'Weekend', 5, 164, '2022-1-24', 20220124, 1, 37, 'January', 'Jan', 1, 2022, 202201, 7, 3, 2022, 'Not Month End', '2021-1-29')"
20220130,1/30/2022,7,30,1126,Sunday,Sun,Weekend,5,164,1/24/2022,20220124,1,37,January,Jan,1,2022,202201,7,3,2022,Not Month End,1/30/2021,,"insert into Date_Dimension values(20220130, '2022-1-30',7, 30, 1126, 'Sunday', 'Sun', 'Weekend', 5, 164, '2022-1-24', 20220124, 1, 37, 'January', 'Jan', 1, 2022, 202201, 7, 3, 2022, 'Not Month End', '2021-1-30')"
20220131,1/31/2022,1,31,1127,Monday,Mon,Weekday,6,165,1/31/2022,20220131,1,37,January,Jan,1,2022,202201,7,3,2022,Month End,1/31/2021,,"insert into Date_Dimension values(20220131, '2022-1-31',1, 31, 1127, 'Monday', 'Mon', 'Weekday', 6, 165, '2022-1-31', 20220131, 1, 37, 'January', 'Jan', 1, 2022, 202201, 7, 3, 2022, 'Month End', '2021-1-31')"
20220201,2/1/2022,2,1,1128,Tuesday,Tue,Weekday,6,165,1/31/2022,20220131,2,38,February,Feb,1,2022,202202,8,3,2022,Not Month End,2/1/2021,,"insert into Date_Dimension values(20220201, '2022-2-1',2, 1, 1128, 'Tuesday', 'Tue', 'Weekday', 6, 165, '2022-1-31', 20220131, 2, 38, 'February', 'Feb', 1, 2022, 202202, 8, 3, 2022, 'Not Month End', '2021-2-1')"
20220202,2/2/2022,3,2,1129,Wednesday,Wed,Weekday,6,165,1/31/2022,20220131,2,38,February,Feb,1,2022,202202,8,3,2022,Not Month End,2/2/2021,,"insert into Date_Dimension values(20220202, '2022-2-2',3, 2, 1129, 'Wednesday', 'Wed', 'Weekday', 6, 165, '2022-1-31', 20220131, 2, 38, 'February', 'Feb', 1, 2022, 202202, 8, 3, 2022, 'Not Month End', '2021-2-2')"
20220203,2/3/2022,4,3,1130,Thursday,Thu,Weekday,6,165,1/31/2022,20220131,2,38,February,Feb,1,2022,202202,8,3,2022,Not Month End,2/3/2021,,"insert into Date_Dimension values(20220203, '2022-2-3',4, 3, 1130, 'Thursday', 'Thu', 'Weekday', 6, 165, '2022-1-31', 20220131, 2, 38, 'February', 'Feb', 1, 2022, 202202, 8, 3, 2022, 'Not Month End', '2021-2-3')"
20220204,2/4/2022,5,4,1131,Friday,Fri,Weekday,6,165,1/31/2022,20220131,2,38,February,Feb,1,2022,202202,8,3,2022,Not Month End,2/4/2021,,"insert into Date_Dimension values(20220204, '2022-2-4',5, 4, 1131, 'Friday', 'Fri', 'Weekday', 6, 165, '2022-1-31', 20220131, 2, 38, 'February', 'Feb', 1, 2022, 202202, 8, 3, 2022, 'Not Month End', '2021-2-4')"
20220205,2/5/2022,6,5,1132,Saturday,Sat,Weekend,6,165,1/31/2022,20220131,2,38,February,Feb,1,2022,202202,8,3,2022,Not Month End,2/5/2021,,"insert into Date_Dimension values(20220205, '2022-2-5',6, 5, 1132, 'Saturday', 'Sat', 'Weekend', 6, 165, '2022-1-31', 20220131, 2, 38, 'February', 'Feb', 1, 2022, 202202, 8, 3, 2022, 'Not Month End', '2021-2-5')"
20220206,2/6/2022,7,6,1133,Sunday,Sun,Weekend,6,165,1/31/2022,20220131,2,38,February,Feb,1,2022,202202,8,3,2022,Not Month End,2/6/2021,,"insert into Date_Dimension values(20220206, '2022-2-6',7, 6, 1133, 'Sunday', 'Sun', 'Weekend', 6, 165, '2022-1-31', 20220131, 2, 38, 'February', 'Feb', 1, 2022, 202202, 8, 3, 2022, 'Not Month End', '2021-2-6')"
20220207,2/7/2022,1,7,1134,Monday,Mon,Weekday,7,166,2/7/2022,20220207,2,38,February,Feb,1,2022,202202,8,3,2022,Not Month End,2/7/2021,,"insert into Date_Dimension values(20220207, '2022-2-7',1, 7, 1134, 'Monday', 'Mon', 'Weekday', 7, 166, '2022-2-7', 20220207, 2, 38, 'February', 'Feb', 1, 2022, 202202, 8, 3, 2022, 'Not Month End', '2021-2-7')"
20220208,2/8/2022,2,8,1135,Tuesday,Tue,Weekday,7,166,2/7/2022,20220207,2,38,February,Feb,1,2022,202202,8,3,2022,Not Month End,2/8/2021,,"insert into Date_Dimension values(20220208, '2022-2-8',2, 8, 1135, 'Tuesday', 'Tue', 'Weekday', 7, 166, '2022-2-7', 20220207, 2, 38, 'February', 'Feb', 1, 2022, 202202, 8, 3, 2022, 'Not Month End', '2021-2-8')"
20220209,2/9/2022,3,9,1136,Wednesday,Wed,Weekday,7,166,2/7/2022,20220207,2,38,February,Feb,1,2022,202202,8,3,2022,Not Month End,2/9/2021,,"insert into Date_Dimension values(20220209, '2022-2-9',3, 9, 1136, 'Wednesday', 'Wed', 'Weekday', 7, 166, '2022-2-7', 20220207, 2, 38, 'February', 'Feb', 1, 2022, 202202, 8, 3, 2022, 'Not Month End', '2021-2-9')"
20220210,2/10/2022,4,10,1137,Thursday,Thu,Weekday,7,166,2/7/2022,20220207,2,38,February,Feb,1,2022,202202,8,3,2022,Not Month End,2/10/2021,,"insert into Date_Dimension values(20220210, '2022-2-10',4, 10, 1137, 'Thursday', 'Thu', 'Weekday', 7, 166, '2022-2-7', 20220207, 2, 38, 'February', 'Feb', 1, 2022, 202202, 8, 3, 2022, 'Not Month End', '2021-2-10')"
20220211,2/11/2022,5,11,1138,Friday,Fri,Weekday,7,166,2/7/2022,20220207,2,38,February,Feb,1,2022,202202,8,3,2022,Not Month End,2/11/2021,,"insert into Date_Dimension values(20220211, '2022-2-11',5, 11, 1138, 'Friday', 'Fri', 'Weekday', 7, 166, '2022-2-7', 20220207, 2, 38, 'February', 'Feb', 1, 2022, 202202, 8, 3, 2022, 'Not Month End', '2021-2-11')"
20220212,2/12/2022,6,12,1139,Saturday,Sat,Weekend,7,166,2/7/2022,20220207,2,38,February,Feb,1,2022,202202,8,3,2022,Not Month End,2/12/2021,,"insert into Date_Dimension values(20220212, '2022-2-12',6, 12, 1139, 'Saturday', 'Sat', 'Weekend', 7, 166, '2022-2-7', 20220207, 2, 38, 'February', 'Feb', 1, 2022, 202202, 8, 3, 2022, 'Not Month End', '2021-2-12')"
20220213,2/13/2022,7,13,1140,Sunday,Sun,Weekend,7,166,2/7/2022,20220207,2,38,February,Feb,1,2022,202202,8,3,2022,Not Month End,2/13/2021,,"insert into Date_Dimension values(20220213, '2022-2-13',7, 13, 1140, 'Sunday', 'Sun', 'Weekend', 7, 166, '2022-2-7', 20220207, 2, 38, 'February', 'Feb', 1, 2022, 202202, 8, 3, 2022, 'Not Month End', '2021-2-13')"
20220214,2/14/2022,1,14,1141,Monday,Mon,Weekday,8,167,2/14/2022,20220214,2,38,February,Feb,1,2022,202202,8,3,2022,Not Month End,2/14/2021,,"insert into Date_Dimension values(20220214, '2022-2-14',1, 14, 1141, 'Monday', 'Mon', 'Weekday', 8, 167, '2022-2-14', 20220214, 2, 38, 'February', 'Feb', 1, 2022, 202202, 8, 3, 2022, 'Not Month End', '2021-2-14')"
20220215,2/15/2022,2,15,1142,Tuesday,Tue,Weekday,8,167,2/14/2022,20220214,2,38,February,Feb,1,2022,202202,8,3,2022,Not Month End,2/15/2021,,"insert into Date_Dimension values(20220215, '2022-2-15',2, 15, 1142, 'Tuesday', 'Tue', 'Weekday', 8, 167, '2022-2-14', 20220214, 2, 38, 'February', 'Feb', 1, 2022, 202202, 8, 3, 2022, 'Not Month End', '2021-2-15')"
20220216,2/16/2022,3,16,1143,Wednesday,Wed,Weekday,8,167,2/14/2022,20220214,2,38,February,Feb,1,2022,202202,8,3,2022,Not Month End,2/16/2021,,"insert into Date_Dimension values(20220216, '2022-2-16',3, 16, 1143, 'Wednesday', 'Wed', 'Weekday', 8, 167, '2022-2-14', 20220214, 2, 38, 'February', 'Feb', 1, 2022, 202202, 8, 3, 2022, 'Not Month End', '2021-2-16')"
20220217,2/17/2022,4,17,1144,Thursday,Thu,Weekday,8,167,2/14/2022,20220214,2,38,February,Feb,1,2022,202202,8,3,2022,Not Month End,2/17/2021,,"insert into Date_Dimension values(20220217, '2022-2-17',4, 17, 1144, 'Thursday', 'Thu', 'Weekday', 8, 167, '2022-2-14', 20220214, 2, 38, 'February', 'Feb', 1, 2022, 202202, 8, 3, 2022, 'Not Month End', '2021-2-17')"
20220218,2/18/2022,5,18,1145,Friday,Fri,Weekday,8,167,2/14/2022,20220214,2,38,February,Feb,1,2022,202202,8,3,2022,Not Month End,2/18/2021,,"insert into Date_Dimension values(20220218, '2022-2-18',5, 18, 1145, 'Friday', 'Fri', 'Weekday', 8, 167, '2022-2-14', 20220214, 2, 38, 'February', 'Feb', 1, 2022, 202202, 8, 3, 2022, 'Not Month End', '2021-2-18')"
20220219,2/19/2022,6,19,1146,Saturday,Sat,Weekend,8,167,2/14/2022,20220214,2,38,February,Feb,1,2022,202202,8,3,2022,Not Month End,2/19/2021,,"insert into Date_Dimension values(20220219, '2022-2-19',6, 19, 1146, 'Saturday', 'Sat', 'Weekend', 8, 167, '2022-2-14', 20220214, 2, 38, 'February', 'Feb', 1, 2022, 202202, 8, 3, 2022, 'Not Month End', '2021-2-19')"
20220220,2/20/2022,7,20,1147,Sunday,Sun,Weekend,8,167,2/14/2022,20220214,2,38,February,Feb,1,2022,202202,8,3,2022,Not Month End,2/20/2021,,"insert into Date_Dimension values(20220220, '2022-2-20',7, 20, 1147, 'Sunday', 'Sun', 'Weekend', 8, 167, '2022-2-14', 20220214, 2, 38, 'February', 'Feb', 1, 2022, 202202, 8, 3, 2022, 'Not Month End', '2021-2-20')"
20220221,2/21/2022,1,21,1148,Monday,Mon,Weekday,9,168,2/21/2022,20220221,2,38,February,Feb,1,2022,202202,8,3,2022,Not Month End,2/21/2021,,"insert into Date_Dimension values(20220221, '2022-2-21',1, 21, 1148, 'Monday', 'Mon', 'Weekday', 9, 168, '2022-2-21', 20220221, 2, 38, 'February', 'Feb', 1, 2022, 202202, 8, 3, 2022, 'Not Month End', '2021-2-21')"
20220222,2/22/2022,2,22,1149,Tuesday,Tue,Weekday,9,168,2/21/2022,20220221,2,38,February,Feb,1,2022,202202,8,3,2022,Not Month End,2/22/2021,,"insert into Date_Dimension values(20220222, '2022-2-22',2, 22, 1149, 'Tuesday', 'Tue', 'Weekday', 9, 168, '2022-2-21', 20220221, 2, 38, 'February', 'Feb', 1, 2022, 202202, 8, 3, 2022, 'Not Month End', '2021-2-22')"
20220223,2/23/2022,3,23,1150,Wednesday,Wed,Weekday,9,168,2/21/2022,20220221,2,38,February,Feb,1,2022,202202,8,3,2022,Not Month End,2/23/2021,,"insert into Date_Dimension values(20220223, '2022-2-23',3, 23, 1150, 'Wednesday', 'Wed', 'Weekday', 9, 168, '2022-2-21', 20220221, 2, 38, 'February', 'Feb', 1, 2022, 202202, 8, 3, 2022, 'Not Month End', '2021-2-23')"
20220224,2/24/2022,4,24,1151,Thursday,Thu,Weekday,9,168,2/21/2022,20220221,2,38,February,Feb,1,2022,202202,8,3,2022,Not Month End,2/24/2021,,"insert into Date_Dimension values(20220224, '2022-2-24',4, 24, 1151, 'Thursday', 'Thu', 'Weekday', 9, 168, '2022-2-21', 20220221, 2, 38, 'February', 'Feb', 1, 2022, 202202, 8, 3, 2022, 'Not Month End', '2021-2-24')"
20220225,2/25/2022,5,25,1152,Friday,Fri,Weekday,9,168,2/21/2022,20220221,2,38,February,Feb,1,2022,202202,8,3,2022,Not Month End,2/25/2021,,"insert into Date_Dimension values(20220225, '2022-2-25',5, 25, 1152, 'Friday', 'Fri', 'Weekday', 9, 168, '2022-2-21', 20220221, 2, 38, 'February', 'Feb', 1, 2022, 202202, 8, 3, 2022, 'Not Month End', '2021-2-25')"
20220226,2/26/2022,6,26,1153,Saturday,Sat,Weekend,9,168,2/21/2022,20220221,2,38,February,Feb,1,2022,202202,8,3,2022,Not Month End,2/26/2021,,"insert into Date_Dimension values(20220226, '2022-2-26',6, 26, 1153, 'Saturday', 'Sat', 'Weekend', 9, 168, '2022-2-21', 20220221, 2, 38, 'February', 'Feb', 1, 2022, 202202, 8, 3, 2022, 'Not Month End', '2021-2-26')"
20220227,2/27/2022,7,27,1154,Sunday,Sun,Weekend,9,168,2/21/2022,20220221,2,38,February,Feb,1,2022,202202,8,3,2022,Not Month End,2/27/2021,,"insert into Date_Dimension values(20220227, '2022-2-27',7, 27, 1154, 'Sunday', 'Sun', 'Weekend', 9, 168, '2022-2-21', 20220221, 2, 38, 'February', 'Feb', 1, 2022, 202202, 8, 3, 2022, 'Not Month End', '2021-2-27')"
20220228,2/28/2022,1,28,1155,Monday,Mon,Weekday,10,169,2/28/2022,20220228,2,38,February,Feb,1,2022,202202,8,3,2022,Month End,2/28/2021,,"insert into Date_Dimension values(20220228, '2022-2-28',1, 28, 1155, 'Monday', 'Mon', 'Weekday', 10, 169, '2022-2-28', 20220228, 2, 38, 'February', 'Feb', 1, 2022, 202202, 8, 3, 2022, 'Month End', '2021-2-28')"
20220301,3/1/2022,2,1,1156,Tuesday,Tue,Weekday,10,169,2/28/2022,20220228,3,39,March,Mar,1,2022,202203,9,3,2022,Not Month End,3/1/2021,,"insert into Date_Dimension values(20220301, '2022-3-1',2, 1, 1156, 'Tuesday', 'Tue', 'Weekday', 10, 169, '2022-2-28', 20220228, 3, 39, 'March', 'Mar', 1, 2022, 202203, 9, 3, 2022, 'Not Month End', '2021-3-1')"
20220302,3/2/2022,3,2,1157,Wednesday,Wed,Weekday,10,169,2/28/2022,20220228,3,39,March,Mar,1,2022,202203,9,3,2022,Not Month End,3/2/2021,,"insert into Date_Dimension values(20220302, '2022-3-2',3, 2, 1157, 'Wednesday', 'Wed', 'Weekday', 10, 169, '2022-2-28', 20220228, 3, 39, 'March', 'Mar', 1, 2022, 202203, 9, 3, 2022, 'Not Month End', '2021-3-2')"
20220303,3/3/2022,4,3,1158,Thursday,Thu,Weekday,10,169,2/28/2022,20220228,3,39,March,Mar,1,2022,202203,9,3,2022,Not Month End,3/3/2021,,"insert into Date_Dimension values(20220303, '2022-3-3',4, 3, 1158, 'Thursday', 'Thu', 'Weekday', 10, 169, '2022-2-28', 20220228, 3, 39, 'March', 'Mar', 1, 2022, 202203, 9, 3, 2022, 'Not Month End', '2021-3-3')"
20220304,3/4/2022,5,4,1159,Friday,Fri,Weekday,10,169,2/28/2022,20220228,3,39,March,Mar,1,2022,202203,9,3,2022,Not Month End,3/4/2021,,"insert into Date_Dimension values(20220304, '2022-3-4',5, 4, 1159, 'Friday', 'Fri', 'Weekday', 10, 169, '2022-2-28', 20220228, 3, 39, 'March', 'Mar', 1, 2022, 202203, 9, 3, 2022, 'Not Month End', '2021-3-4')"
20220305,3/5/2022,6,5,1160,Saturday,Sat,Weekend,10,169,2/28/2022,20220228,3,39,March,Mar,1,2022,202203,9,3,2022,Not Month End,3/5/2021,,"insert into Date_Dimension values(20220305, '2022-3-5',6, 5, 1160, 'Saturday', 'Sat', 'Weekend', 10, 169, '2022-2-28', 20220228, 3, 39, 'March', 'Mar', 1, 2022, 202203, 9, 3, 2022, 'Not Month End', '2021-3-5')"
20220306,3/6/2022,7,6,1161,Sunday,Sun,Weekend,10,169,2/28/2022,20220228,3,39,March,Mar,1,2022,202203,9,3,2022,Not Month End,3/6/2021,,"insert into Date_Dimension values(20220306, '2022-3-6',7, 6, 1161, 'Sunday', 'Sun', 'Weekend', 10, 169, '2022-2-28', 20220228, 3, 39, 'March', 'Mar', 1, 2022, 202203, 9, 3, 2022, 'Not Month End', '2021-3-6')"
20220307,3/7/2022,1,7,1162,Monday,Mon,Weekday,11,170,3/7/2022,20220307,3,39,March,Mar,1,2022,202203,9,3,2022,Not Month End,3/7/2021,,"insert into Date_Dimension values(20220307, '2022-3-7',1, 7, 1162, 'Monday', 'Mon', 'Weekday', 11, 170, '2022-3-7', 20220307, 3, 39, 'March', 'Mar', 1, 2022, 202203, 9, 3, 2022, 'Not Month End', '2021-3-7')"
20220308,3/8/2022,2,8,1163,Tuesday,Tue,Weekday,11,170,3/7/2022,20220307,3,39,March,Mar,1,2022,202203,9,3,2022,Not Month End,3/8/2021,,"insert into Date_Dimension values(20220308, '2022-3-8',2, 8, 1163, 'Tuesday', 'Tue', 'Weekday', 11, 170, '2022-3-7', 20220307, 3, 39, 'March', 'Mar', 1, 2022, 202203, 9, 3, 2022, 'Not Month End', '2021-3-8')"
20220309,3/9/2022,3,9,1164,Wednesday,Wed,Weekday,11,170,3/7/2022,20220307,3,39,March,Mar,1,2022,202203,9,3,2022,Not Month End,3/9/2021,,"insert into Date_Dimension values(20220309, '2022-3-9',3, 9, 1164, 'Wednesday', 'Wed', 'Weekday', 11, 170, '2022-3-7', 20220307, 3, 39, 'March', 'Mar', 1, 2022, 202203, 9, 3, 2022, 'Not Month End', '2021-3-9')"
20220310,3/10/2022,4,10,1165,Thursday,Thu,Weekday,11,170,3/7/2022,20220307,3,39,March,Mar,1,2022,202203,9,3,2022,Not Month End,3/10/2021,,"insert into Date_Dimension values(20220310, '2022-3-10',4, 10, 1165, 'Thursday', 'Thu', 'Weekday', 11, 170, '2022-3-7', 20220307, 3, 39, 'March', 'Mar', 1, 2022, 202203, 9, 3, 2022, 'Not Month End', '2021-3-10')"
20220311,3/11/2022,5,11,1166,Friday,Fri,Weekday,11,170,3/7/2022,20220307,3,39,March,Mar,1,2022,202203,9,3,2022,Not Month End,3/11/2021,,"insert into Date_Dimension values(20220311, '2022-3-11',5, 11, 1166, 'Friday', 'Fri', 'Weekday', 11, 170, '2022-3-7', 20220307, 3, 39, 'March', 'Mar', 1, 2022, 202203, 9, 3, 2022, 'Not Month End', '2021-3-11')"
20220312,3/12/2022,6,12,1167,Saturday,Sat,Weekend,11,170,3/7/2022,20220307,3,39,March,Mar,1,2022,202203,9,3,2022,Not Month End,3/12/2021,,"insert into Date_Dimension values(20220312, '2022-3-12',6, 12, 1167, 'Saturday', 'Sat', 'Weekend', 11, 170, '2022-3-7', 20220307, 3, 39, 'March', 'Mar', 1, 2022, 202203, 9, 3, 2022, 'Not Month End', '2021-3-12')"
20220313,3/13/2022,7,13,1168,Sunday,Sun,Weekend,11,170,3/7/2022,20220307,3,39,March,Mar,1,2022,202203,9,3,2022,Not Month End,3/13/2021,,"insert into Date_Dimension values(20220313, '2022-3-13',7, 13, 1168, 'Sunday', 'Sun', 'Weekend', 11, 170, '2022-3-7', 20220307, 3, 39, 'March', 'Mar', 1, 2022, 202203, 9, 3, 2022, 'Not Month End', '2021-3-13')"
20220314,3/14/2022,1,14,1169,Monday,Mon,Weekday,12,171,3/14/2022,20220314,3,39,March,Mar,1,2022,202203,9,3,2022,Not Month End,3/14/2021,,"insert into Date_Dimension values(20220314, '2022-3-14',1, 14, 1169, 'Monday', 'Mon', 'Weekday', 12, 171, '2022-3-14', 20220314, 3, 39, 'March', 'Mar', 1, 2022, 202203, 9, 3, 2022, 'Not Month End', '2021-3-14')"
20220315,3/15/2022,2,15,1170,Tuesday,Tue,Weekday,12,171,3/14/2022,20220314,3,39,March,Mar,1,2022,202203,9,3,2022,Not Month End,3/15/2021,,"insert into Date_Dimension values(20220315, '2022-3-15',2, 15, 1170, 'Tuesday', 'Tue', 'Weekday', 12, 171, '2022-3-14', 20220314, 3, 39, 'March', 'Mar', 1, 2022, 202203, 9, 3, 2022, 'Not Month End', '2021-3-15')"
20220316,3/16/2022,3,16,1171,Wednesday,Wed,Weekday,12,171,3/14/2022,20220314,3,39,March,Mar,1,2022,202203,9,3,2022,Not Month End,3/16/2021,,"insert into Date_Dimension values(20220316, '2022-3-16',3, 16, 1171, 'Wednesday', 'Wed', 'Weekday', 12, 171, '2022-3-14', 20220314, 3, 39, 'March', 'Mar', 1, 2022, 202203, 9, 3, 2022, 'Not Month End', '2021-3-16')"
20220317,3/17/2022,4,17,1172,Thursday,Thu,Weekday,12,171,3/14/2022,20220314,3,39,March,Mar,1,2022,202203,9,3,2022,Not Month End,3/17/2021,,"insert into Date_Dimension values(20220317, '2022-3-17',4, 17, 1172, 'Thursday', 'Thu', 'Weekday', 12, 171, '2022-3-14', 20220314, 3, 39, 'March', 'Mar', 1, 2022, 202203, 9, 3, 2022, 'Not Month End', '2021-3-17')"
20220318,3/18/2022,5,18,1173,Friday,Fri,Weekday,12,171,3/14/2022,20220314,3,39,March,Mar,1,2022,202203,9,3,2022,Not Month End,3/18/2021,,"insert into Date_Dimension values(20220318, '2022-3-18',5, 18, 1173, 'Friday', 'Fri', 'Weekday', 12, 171, '2022-3-14', 20220314, 3, 39, 'March', 'Mar', 1, 2022, 202203, 9, 3, 2022, 'Not Month End', '2021-3-18')"
20220319,3/19/2022,6,19,1174,Saturday,Sat,Weekend,12,171,3/14/2022,20220314,3,39,March,Mar,1,2022,202203,9,3,2022,Not Month End,3/19/2021,,"insert into Date_Dimension values(20220319, '2022-3-19',6, 19, 1174, 'Saturday', 'Sat', 'Weekend', 12, 171, '2022-3-14', 20220314, 3, 39, 'March', 'Mar', 1, 2022, 202203, 9, 3, 2022, 'Not Month End', '2021-3-19')"
20220320,3/20/2022,7,20,1175,Sunday,Sun,Weekend,12,171,3/14/2022,20220314,3,39,March,Mar,1,2022,202203,9,3,2022,Not Month End,3/20/2021,,"insert into Date_Dimension values(20220320, '2022-3-20',7, 20, 1175, 'Sunday', 'Sun', 'Weekend', 12, 171, '2022-3-14', 20220314, 3, 39, 'March', 'Mar', 1, 2022, 202203, 9, 3, 2022, 'Not Month End', '2021-3-20')"
20220321,3/21/2022,1,21,1176,Monday,Mon,Weekday,13,172,3/21/2022,20220321,3,39,March,Mar,1,2022,202203,9,3,2022,Not Month End,3/21/2021,,"insert into Date_Dimension values(20220321, '2022-3-21',1, 21, 1176, 'Monday', 'Mon', 'Weekday', 13, 172, '2022-3-21', 20220321, 3, 39, 'March', 'Mar', 1, 2022, 202203, 9, 3, 2022, 'Not Month End', '2021-3-21')"
20220322,3/22/2022,2,22,1177,Tuesday,Tue,Weekday,13,172,3/21/2022,20220321,3,39,March,Mar,1,2022,202203,9,3,2022,Not Month End,3/22/2021,,"insert into Date_Dimension values(20220322, '2022-3-22',2, 22, 1177, 'Tuesday', 'Tue', 'Weekday', 13, 172, '2022-3-21', 20220321, 3, 39, 'March', 'Mar', 1, 2022, 202203, 9, 3, 2022, 'Not Month End', '2021-3-22')"
20220323,3/23/2022,3,23,1178,Wednesday,Wed,Weekday,13,172,3/21/2022,20220321,3,39,March,Mar,1,2022,202203,9,3,2022,Not Month End,3/23/2021,,"insert into Date_Dimension values(20220323, '2022-3-23',3, 23, 1178, 'Wednesday', 'Wed', 'Weekday', 13, 172, '2022-3-21', 20220321, 3, 39, 'March', 'Mar', 1, 2022, 202203, 9, 3, 2022, 'Not Month End', '2021-3-23')"
20220324,3/24/2022,4,24,1179,Thursday,Thu,Weekday,13,172,3/21/2022,20220321,3,39,March,Mar,1,2022,202203,9,3,2022,Not Month End,3/24/2021,,"insert into Date_Dimension values(20220324, '2022-3-24',4, 24, 1179, 'Thursday', 'Thu', 'Weekday', 13, 172, '2022-3-21', 20220321, 3, 39, 'March', 'Mar', 1, 2022, 202203, 9, 3, 2022, 'Not Month End', '2021-3-24')"
20220325,3/25/2022,5,25,1180,Friday,Fri,Weekday,13,172,3/21/2022,20220321,3,39,March,Mar,1,2022,202203,9,3,2022,Not Month End,3/25/2021,,"insert into Date_Dimension values(20220325, '2022-3-25',5, 25, 1180, 'Friday', 'Fri', 'Weekday', 13, 172, '2022-3-21', 20220321, 3, 39, 'March', 'Mar', 1, 2022, 202203, 9, 3, 2022, 'Not Month End', '2021-3-25')"
20220326,3/26/2022,6,26,1181,Saturday,Sat,Weekend,13,172,3/21/2022,20220321,3,39,March,Mar,1,2022,202203,9,3,2022,Not Month End,3/26/2021,,"insert into Date_Dimension values(20220326, '2022-3-26',6, 26, 1181, 'Saturday', 'Sat', 'Weekend', 13, 172, '2022-3-21', 20220321, 3, 39, 'March', 'Mar', 1, 2022, 202203, 9, 3, 2022, 'Not Month End', '2021-3-26')"
20220327,3/27/2022,7,27,1182,Sunday,Sun,Weekend,13,172,3/21/2022,20220321,3,39,March,Mar,1,2022,202203,9,3,2022,Not Month End,3/27/2021,,"insert into Date_Dimension values(20220327, '2022-3-27',7, 27, 1182, 'Sunday', 'Sun', 'Weekend', 13, 172, '2022-3-21', 20220321, 3, 39, 'March', 'Mar', 1, 2022, 202203, 9, 3, 2022, 'Not Month End', '2021-3-27')"
20220328,3/28/2022,1,28,1183,Monday,Mon,Weekday,14,173,3/28/2022,20220328,3,39,March,Mar,1,2022,202203,9,3,2022,Not Month End,3/28/2021,,"insert into Date_Dimension values(20220328, '2022-3-28',1, 28, 1183, 'Monday', 'Mon', 'Weekday', 14, 173, '2022-3-28', 20220328, 3, 39, 'March', 'Mar', 1, 2022, 202203, 9, 3, 2022, 'Not Month End', '2021-3-28')"
20220329,3/29/2022,2,29,1184,Tuesday,Tue,Weekday,14,173,3/28/2022,20220328,3,39,March,Mar,1,2022,202203,9,3,2022,Not Month End,3/29/2021,,"insert into Date_Dimension values(20220329, '2022-3-29',2, 29, 1184, 'Tuesday', 'Tue', 'Weekday', 14, 173, '2022-3-28', 20220328, 3, 39, 'March', 'Mar', 1, 2022, 202203, 9, 3, 2022, 'Not Month End', '2021-3-29')"
20220330,3/30/2022,3,30,1185,Wednesday,Wed,Weekday,14,173,3/28/2022,20220328,3,39,March,Mar,1,2022,202203,9,3,2022,Not Month End,3/30/2021,,"insert into Date_Dimension values(20220330, '2022-3-30',3, 30, 1185, 'Wednesday', 'Wed', 'Weekday', 14, 173, '2022-3-28', 20220328, 3, 39, 'March', 'Mar', 1, 2022, 202203, 9, 3, 2022, 'Not Month End', '2021-3-30')"
20220331,3/31/2022,4,31,1186,Thursday,Thu,Weekday,14,173,3/28/2022,20220328,3,39,March,Mar,1,2022,202203,9,3,2022,Month End,3/31/2021,,"insert into Date_Dimension values(20220331, '2022-3-31',4, 31, 1186, 'Thursday', 'Thu', 'Weekday', 14, 173, '2022-3-28', 20220328, 3, 39, 'March', 'Mar', 1, 2022, 202203, 9, 3, 2022, 'Month End', '2021-3-31')"
20220401,4/1/2022,5,1,1187,Friday,Fri,Weekday,14,173,3/28/2022,20220328,4,40,April,Apr,2,2022,202204,10,4,2022,Not Month End,4/1/2021,,"insert into Date_Dimension values(20220401, '2022-4-1',5, 1, 1187, 'Friday', 'Fri', 'Weekday', 14, 173, '2022-3-28', 20220328, 4, 40, 'April', 'Apr', 2, 2022, 202204, 10, 4, 2022, 'Not Month End', '2021-4-1')"
20220402,4/2/2022,6,2,1188,Saturday,Sat,Weekend,14,173,3/28/2022,20220328,4,40,April,Apr,2,2022,202204,10,4,2022,Not Month End,4/2/2021,,"insert into Date_Dimension values(20220402, '2022-4-2',6, 2, 1188, 'Saturday', 'Sat', 'Weekend', 14, 173, '2022-3-28', 20220328, 4, 40, 'April', 'Apr', 2, 2022, 202204, 10, 4, 2022, 'Not Month End', '2021-4-2')"
20220403,4/3/2022,7,3,1189,Sunday,Sun,Weekend,14,173,3/28/2022,20220328,4,40,April,Apr,2,2022,202204,10,4,2022,Not Month End,4/3/2021,,"insert into Date_Dimension values(20220403, '2022-4-3',7, 3, 1189, 'Sunday', 'Sun', 'Weekend', 14, 173, '2022-3-28', 20220328, 4, 40, 'April', 'Apr', 2, 2022, 202204, 10, 4, 2022, 'Not Month End', '2021-4-3')"
20220404,4/4/2022,1,4,1190,Monday,Mon,Weekday,15,174,4/4/2022,20220404,4,40,April,Apr,2,2022,202204,10,4,2022,Not Month End,4/4/2021,,"insert into Date_Dimension values(20220404, '2022-4-4',1, 4, 1190, 'Monday', 'Mon', 'Weekday', 15, 174, '2022-4-4', 20220404, 4, 40, 'April', 'Apr', 2, 2022, 202204, 10, 4, 2022, 'Not Month End', '2021-4-4')"
20220405,4/5/2022,2,5,1191,Tuesday,Tue,Weekday,15,174,4/4/2022,20220404,4,40,April,Apr,2,2022,202204,10,4,2022,Not Month End,4/5/2021,,"insert into Date_Dimension values(20220405, '2022-4-5',2, 5, 1191, 'Tuesday', 'Tue', 'Weekday', 15, 174, '2022-4-4', 20220404, 4, 40, 'April', 'Apr', 2, 2022, 202204, 10, 4, 2022, 'Not Month End', '2021-4-5')"
20220406,4/6/2022,3,6,1192,Wednesday,Wed,Weekday,15,174,4/4/2022,20220404,4,40,April,Apr,2,2022,202204,10,4,2022,Not Month End,4/6/2021,,"insert into Date_Dimension values(20220406, '2022-4-6',3, 6, 1192, 'Wednesday', 'Wed', 'Weekday', 15, 174, '2022-4-4', 20220404, 4, 40, 'April', 'Apr', 2, 2022, 202204, 10, 4, 2022, 'Not Month End', '2021-4-6')"
20220407,4/7/2022,4,7,1193,Thursday,Thu,Weekday,15,174,4/4/2022,20220404,4,40,April,Apr,2,2022,202204,10,4,2022,Not Month End,4/7/2021,,"insert into Date_Dimension values(20220407, '2022-4-7',4, 7, 1193, 'Thursday', 'Thu', 'Weekday', 15, 174, '2022-4-4', 20220404, 4, 40, 'April', 'Apr', 2, 2022, 202204, 10, 4, 2022, 'Not Month End', '2021-4-7')"
20220408,4/8/2022,5,8,1194,Friday,Fri,Weekday,15,174,4/4/2022,20220404,4,40,April,Apr,2,2022,202204,10,4,2022,Not Month End,4/8/2021,,"insert into Date_Dimension values(20220408, '2022-4-8',5, 8, 1194, 'Friday', 'Fri', 'Weekday', 15, 174, '2022-4-4', 20220404, 4, 40, 'April', 'Apr', 2, 2022, 202204, 10, 4, 2022, 'Not Month End', '2021-4-8')"
20220409,4/9/2022,6,9,1195,Saturday,Sat,Weekend,15,174,4/4/2022,20220404,4,40,April,Apr,2,2022,202204,10,4,2022,Not Month End,4/9/2021,,"insert into Date_Dimension values(20220409, '2022-4-9',6, 9, 1195, 'Saturday', 'Sat', 'Weekend', 15, 174, '2022-4-4', 20220404, 4, 40, 'April', 'Apr', 2, 2022, 202204, 10, 4, 2022, 'Not Month End', '2021-4-9')"
20220410,4/10/2022,7,10,1196,Sunday,Sun,Weekend,15,174,4/4/2022,20220404,4,40,April,Apr,2,2022,202204,10,4,2022,Not Month End,4/10/2021,,"insert into Date_Dimension values(20220410, '2022-4-10',7, 10, 1196, 'Sunday', 'Sun', 'Weekend', 15, 174, '2022-4-4', 20220404, 4, 40, 'April', 'Apr', 2, 2022, 202204, 10, 4, 2022, 'Not Month End', '2021-4-10')"
20220411,4/11/2022,1,11,1197,Monday,Mon,Weekday,16,175,4/11/2022,20220411,4,40,April,Apr,2,2022,202204,10,4,2022,Not Month End,4/11/2021,,"insert into Date_Dimension values(20220411, '2022-4-11',1, 11, 1197, 'Monday', 'Mon', 'Weekday', 16, 175, '2022-4-11', 20220411, 4, 40, 'April', 'Apr', 2, 2022, 202204, 10, 4, 2022, 'Not Month End', '2021-4-11')"
20220412,4/12/2022,2,12,1198,Tuesday,Tue,Weekday,16,175,4/11/2022,20220411,4,40,April,Apr,2,2022,202204,10,4,2022,Not Month End,4/12/2021,,"insert into Date_Dimension values(20220412, '2022-4-12',2, 12, 1198, 'Tuesday', 'Tue', 'Weekday', 16, 175, '2022-4-11', 20220411, 4, 40, 'April', 'Apr', 2, 2022, 202204, 10, 4, 2022, 'Not Month End', '2021-4-12')"
20220413,4/13/2022,3,13,1199,Wednesday,Wed,Weekday,16,175,4/11/2022,20220411,4,40,April,Apr,2,2022,202204,10,4,2022,Not Month End,4/13/2021,,"insert into Date_Dimension values(20220413, '2022-4-13',3, 13, 1199, 'Wednesday', 'Wed', 'Weekday', 16, 175, '2022-4-11', 20220411, 4, 40, 'April', 'Apr', 2, 2022, 202204, 10, 4, 2022, 'Not Month End', '2021-4-13')"
20220414,4/14/2022,4,14,1200,Thursday,Thu,Weekday,16,175,4/11/2022,20220411,4,40,April,Apr,2,2022,202204,10,4,2022,Not Month End,4/14/2021,,"insert into Date_Dimension values(20220414, '2022-4-14',4, 14, 1200, 'Thursday', 'Thu', 'Weekday', 16, 175, '2022-4-11', 20220411, 4, 40, 'April', 'Apr', 2, 2022, 202204, 10, 4, 2022, 'Not Month End', '2021-4-14')"
20220415,4/15/2022,5,15,1201,Friday,Fri,Weekday,16,175,4/11/2022,20220411,4,40,April,Apr,2,2022,202204,10,4,2022,Not Month End,4/15/2021,,"insert into Date_Dimension values(20220415, '2022-4-15',5, 15, 1201, 'Friday', 'Fri', 'Weekday', 16, 175, '2022-4-11', 20220411, 4, 40, 'April', 'Apr', 2, 2022, 202204, 10, 4, 2022, 'Not Month End', '2021-4-15')"
20220416,4/16/2022,6,16,1202,Saturday,Sat,Weekend,16,175,4/11/2022,20220411,4,40,April,Apr,2,2022,202204,10,4,2022,Not Month End,4/16/2021,,"insert into Date_Dimension values(20220416, '2022-4-16',6, 16, 1202, 'Saturday', 'Sat', 'Weekend', 16, 175, '2022-4-11', 20220411, 4, 40, 'April', 'Apr', 2, 2022, 202204, 10, 4, 2022, 'Not Month End', '2021-4-16')"
20220417,4/17/2022,7,17,1203,Sunday,Sun,Weekend,16,175,4/11/2022,20220411,4,40,April,Apr,2,2022,202204,10,4,2022,Not Month End,4/17/2021,,"insert into Date_Dimension values(20220417, '2022-4-17',7, 17, 1203, 'Sunday', 'Sun', 'Weekend', 16, 175, '2022-4-11', 20220411, 4, 40, 'April', 'Apr', 2, 2022, 202204, 10, 4, 2022, 'Not Month End', '2021-4-17')"
20220418,4/18/2022,1,18,1204,Monday,Mon,Weekday,17,176,4/18/2022,20220418,4,40,April,Apr,2,2022,202204,10,4,2022,Not Month End,4/18/2021,,"insert into Date_Dimension values(20220418, '2022-4-18',1, 18, 1204, 'Monday', 'Mon', 'Weekday', 17, 176, '2022-4-18', 20220418, 4, 40, 'April', 'Apr', 2, 2022, 202204, 10, 4, 2022, 'Not Month End', '2021-4-18')"
20220419,4/19/2022,2,19,1205,Tuesday,Tue,Weekday,17,176,4/18/2022,20220418,4,40,April,Apr,2,2022,202204,10,4,2022,Not Month End,4/19/2021,,"insert into Date_Dimension values(20220419, '2022-4-19',2, 19, 1205, 'Tuesday', 'Tue', 'Weekday', 17, 176, '2022-4-18', 20220418, 4, 40, 'April', 'Apr', 2, 2022, 202204, 10, 4, 2022, 'Not Month End', '2021-4-19')"
20220420,4/20/2022,3,20,1206,Wednesday,Wed,Weekday,17,176,4/18/2022,20220418,4,40,April,Apr,2,2022,202204,10,4,2022,Not Month End,4/20/2021,,"insert into Date_Dimension values(20220420, '2022-4-20',3, 20, 1206, 'Wednesday', 'Wed', 'Weekday', 17, 176, '2022-4-18', 20220418, 4, 40, 'April', 'Apr', 2, 2022, 202204, 10, 4, 2022, 'Not Month End', '2021-4-20')"
20220421,4/21/2022,4,21,1207,Thursday,Thu,Weekday,17,176,4/18/2022,20220418,4,40,April,Apr,2,2022,202204,10,4,2022,Not Month End,4/21/2021,,"insert into Date_Dimension values(20220421, '2022-4-21',4, 21, 1207, 'Thursday', 'Thu', 'Weekday', 17, 176, '2022-4-18', 20220418, 4, 40, 'April', 'Apr', 2, 2022, 202204, 10, 4, 2022, 'Not Month End', '2021-4-21')"
20220422,4/22/2022,5,22,1208,Friday,Fri,Weekday,17,176,4/18/2022,20220418,4,40,April,Apr,2,2022,202204,10,4,2022,Not Month End,4/22/2021,,"insert into Date_Dimension values(20220422, '2022-4-22',5, 22, 1208, 'Friday', 'Fri', 'Weekday', 17, 176, '2022-4-18', 20220418, 4, 40, 'April', 'Apr', 2, 2022, 202204, 10, 4, 2022, 'Not Month End', '2021-4-22')"
20220423,4/23/2022,6,23,1209,Saturday,Sat,Weekend,17,176,4/18/2022,20220418,4,40,April,Apr,2,2022,202204,10,4,2022,Not Month End,4/23/2021,,"insert into Date_Dimension values(20220423, '2022-4-23',6, 23, 1209, 'Saturday', 'Sat', 'Weekend', 17, 176, '2022-4-18', 20220418, 4, 40, 'April', 'Apr', 2, 2022, 202204, 10, 4, 2022, 'Not Month End', '2021-4-23')"
20220424,4/24/2022,7,24,1210,Sunday,Sun,Weekend,17,176,4/18/2022,20220418,4,40,April,Apr,2,2022,202204,10,4,2022,Not Month End,4/24/2021,,"insert into Date_Dimension values(20220424, '2022-4-24',7, 24, 1210, 'Sunday', 'Sun', 'Weekend', 17, 176, '2022-4-18', 20220418, 4, 40, 'April', 'Apr', 2, 2022, 202204, 10, 4, 2022, 'Not Month End', '2021-4-24')"
20220425,4/25/2022,1,25,1211,Monday,Mon,Weekday,18,177,4/25/2022,20220425,4,40,April,Apr,2,2022,202204,10,4,2022,Not Month End,4/25/2021,,"insert into Date_Dimension values(20220425, '2022-4-25',1, 25, 1211, 'Monday', 'Mon', 'Weekday', 18, 177, '2022-4-25', 20220425, 4, 40, 'April', 'Apr', 2, 2022, 202204, 10, 4, 2022, 'Not Month End', '2021-4-25')"
20220426,4/26/2022,2,26,1212,Tuesday,Tue,Weekday,18,177,4/25/2022,20220425,4,40,April,Apr,2,2022,202204,10,4,2022,Not Month End,4/26/2021,,"insert into Date_Dimension values(20220426, '2022-4-26',2, 26, 1212, 'Tuesday', 'Tue', 'Weekday', 18, 177, '2022-4-25', 20220425, 4, 40, 'April', 'Apr', 2, 2022, 202204, 10, 4, 2022, 'Not Month End', '2021-4-26')"
20220427,4/27/2022,3,27,1213,Wednesday,Wed,Weekday,18,177,4/25/2022,20220425,4,40,April,Apr,2,2022,202204,10,4,2022,Not Month End,4/27/2021,,"insert into Date_Dimension values(20220427, '2022-4-27',3, 27, 1213, 'Wednesday', 'Wed', 'Weekday', 18, 177, '2022-4-25', 20220425, 4, 40, 'April', 'Apr', 2, 2022, 202204, 10, 4, 2022, 'Not Month End', '2021-4-27')"
20220428,4/28/2022,4,28,1214,Thursday,Thu,Weekday,18,177,4/25/2022,20220425,4,40,April,Apr,2,2022,202204,10,4,2022,Not Month End,4/28/2021,,"insert into Date_Dimension values(20220428, '2022-4-28',4, 28, 1214, 'Thursday', 'Thu', 'Weekday', 18, 177, '2022-4-25', 20220425, 4, 40, 'April', 'Apr', 2, 2022, 202204, 10, 4, 2022, 'Not Month End', '2021-4-28')"
20220429,4/29/2022,5,29,1215,Friday,Fri,Weekday,18,177,4/25/2022,20220425,4,40,April,Apr,2,2022,202204,10,4,2022,Not Month End,4/29/2021,,"insert into Date_Dimension values(20220429, '2022-4-29',5, 29, 1215, 'Friday', 'Fri', 'Weekday', 18, 177, '2022-4-25', 20220425, 4, 40, 'April', 'Apr', 2, 2022, 202204, 10, 4, 2022, 'Not Month End', '2021-4-29')"
20220430,4/30/2022,6,30,1216,Saturday,Sat,Weekend,18,177,4/25/2022,20220425,4,40,April,Apr,2,2022,202204,10,4,2022,Month End,4/30/2021,,"insert into Date_Dimension values(20220430, '2022-4-30',6, 30, 1216, 'Saturday', 'Sat', 'Weekend', 18, 177, '2022-4-25', 20220425, 4, 40, 'April', 'Apr', 2, 2022, 202204, 10, 4, 2022, 'Month End', '2021-4-30')"
20220501,5/1/2022,7,1,1217,Sunday,Sun,Weekend,18,177,4/25/2022,20220425,5,41,May,May,2,2022,202205,11,4,2022,Not Month End,5/1/2021,,"insert into Date_Dimension values(20220501, '2022-5-1',7, 1, 1217, 'Sunday', 'Sun', 'Weekend', 18, 177, '2022-4-25', 20220425, 5, 41, 'May', 'May', 2, 2022, 202205, 11, 4, 2022, 'Not Month End', '2021-5-1')"
20220502,5/2/2022,1,2,1218,Monday,Mon,Weekday,19,178,5/2/2022,20220502,5,41,May,May,2,2022,202205,11,4,2022,Not Month End,5/2/2021,,"insert into Date_Dimension values(20220502, '2022-5-2',1, 2, 1218, 'Monday', 'Mon', 'Weekday', 19, 178, '2022-5-2', 20220502, 5, 41, 'May', 'May', 2, 2022, 202205, 11, 4, 2022, 'Not Month End', '2021-5-2')"
20220503,5/3/2022,2,3,1219,Tuesday,Tue,Weekday,19,178,5/2/2022,20220502,5,41,May,May,2,2022,202205,11,4,2022,Not Month End,5/3/2021,,"insert into Date_Dimension values(20220503, '2022-5-3',2, 3, 1219, 'Tuesday', 'Tue', 'Weekday', 19, 178, '2022-5-2', 20220502, 5, 41, 'May', 'May', 2, 2022, 202205, 11, 4, 2022, 'Not Month End', '2021-5-3')"
20220504,5/4/2022,3,4,1220,Wednesday,Wed,Weekday,19,178,5/2/2022,20220502,5,41,May,May,2,2022,202205,11,4,2022,Not Month End,5/4/2021,,"insert into Date_Dimension values(20220504, '2022-5-4',3, 4, 1220, 'Wednesday', 'Wed', 'Weekday', 19, 178, '2022-5-2', 20220502, 5, 41, 'May', 'May', 2, 2022, 202205, 11, 4, 2022, 'Not Month End', '2021-5-4')"
20220505,5/5/2022,4,5,1221,Thursday,Thu,Weekday,19,178,5/2/2022,20220502,5,41,May,May,2,2022,202205,11,4,2022,Not Month End,5/5/2021,,"insert into Date_Dimension values(20220505, '2022-5-5',4, 5, 1221, 'Thursday', 'Thu', 'Weekday', 19, 178, '2022-5-2', 20220502, 5, 41, 'May', 'May', 2, 2022, 202205, 11, 4, 2022, 'Not Month End', '2021-5-5')"
20220506,5/6/2022,5,6,1222,Friday,Fri,Weekday,19,178,5/2/2022,20220502,5,41,May,May,2,2022,202205,11,4,2022,Not Month End,5/6/2021,,"insert into Date_Dimension values(20220506, '2022-5-6',5, 6, 1222, 'Friday', 'Fri', 'Weekday', 19, 178, '2022-5-2', 20220502, 5, 41, 'May', 'May', 2, 2022, 202205, 11, 4, 2022, 'Not Month End', '2021-5-6')"
20220507,5/7/2022,6,7,1223,Saturday,Sat,Weekend,19,178,5/2/2022,20220502,5,41,May,May,2,2022,202205,11,4,2022,Not Month End,5/7/2021,,"insert into Date_Dimension values(20220507, '2022-5-7',6, 7, 1223, 'Saturday', 'Sat', 'Weekend', 19, 178, '2022-5-2', 20220502, 5, 41, 'May', 'May', 2, 2022, 202205, 11, 4, 2022, 'Not Month End', '2021-5-7')"
20220508,5/8/2022,7,8,1224,Sunday,Sun,Weekend,19,178,5/2/2022,20220502,5,41,May,May,2,2022,202205,11,4,2022,Not Month End,5/8/2021,,"insert into Date_Dimension values(20220508, '2022-5-8',7, 8, 1224, 'Sunday', 'Sun', 'Weekend', 19, 178, '2022-5-2', 20220502, 5, 41, 'May', 'May', 2, 2022, 202205, 11, 4, 2022, 'Not Month End', '2021-5-8')"
20220509,5/9/2022,1,9,1225,Monday,Mon,Weekday,20,179,5/9/2022,20220509,5,41,May,May,2,2022,202205,11,4,2022,Not Month End,5/9/2021,,"insert into Date_Dimension values(20220509, '2022-5-9',1, 9, 1225, 'Monday', 'Mon', 'Weekday', 20, 179, '2022-5-9', 20220509, 5, 41, 'May', 'May', 2, 2022, 202205, 11, 4, 2022, 'Not Month End', '2021-5-9')"
20220510,5/10/2022,2,10,1226,Tuesday,Tue,Weekday,20,179,5/9/2022,20220509,5,41,May,May,2,2022,202205,11,4,2022,Not Month End,5/10/2021,,"insert into Date_Dimension values(20220510, '2022-5-10',2, 10, 1226, 'Tuesday', 'Tue', 'Weekday', 20, 179, '2022-5-9', 20220509, 5, 41, 'May', 'May', 2, 2022, 202205, 11, 4, 2022, 'Not Month End', '2021-5-10')"
20220511,5/11/2022,3,11,1227,Wednesday,Wed,Weekday,20,179,5/9/2022,20220509,5,41,May,May,2,2022,202205,11,4,2022,Not Month End,5/11/2021,,"insert into Date_Dimension values(20220511, '2022-5-11',3, 11, 1227, 'Wednesday', 'Wed', 'Weekday', 20, 179, '2022-5-9', 20220509, 5, 41, 'May', 'May', 2, 2022, 202205, 11, 4, 2022, 'Not Month End', '2021-5-11')"
20220512,5/12/2022,4,12,1228,Thursday,Thu,Weekday,20,179,5/9/2022,20220509,5,41,May,May,2,2022,202205,11,4,2022,Not Month End,5/12/2021,,"insert into Date_Dimension values(20220512, '2022-5-12',4, 12, 1228, 'Thursday', 'Thu', 'Weekday', 20, 179, '2022-5-9', 20220509, 5, 41, 'May', 'May', 2, 2022, 202205, 11, 4, 2022, 'Not Month End', '2021-5-12')"
20220513,5/13/2022,5,13,1229,Friday,Fri,Weekday,20,179,5/9/2022,20220509,5,41,May,May,2,2022,202205,11,4,2022,Not Month End,5/13/2021,,"insert into Date_Dimension values(20220513, '2022-5-13',5, 13, 1229, 'Friday', 'Fri', 'Weekday', 20, 179, '2022-5-9', 20220509, 5, 41, 'May', 'May', 2, 2022, 202205, 11, 4, 2022, 'Not Month End', '2021-5-13')"
20220514,5/14/2022,6,14,1230,Saturday,Sat,Weekend,20,179,5/9/2022,20220509,5,41,May,May,2,2022,202205,11,4,2022,Not Month End,5/14/2021,,"insert into Date_Dimension values(20220514, '2022-5-14',6, 14, 1230, 'Saturday', 'Sat', 'Weekend', 20, 179, '2022-5-9', 20220509, 5, 41, 'May', 'May', 2, 2022, 202205, 11, 4, 2022, 'Not Month End', '2021-5-14')"
20220515,5/15/2022,7,15,1231,Sunday,Sun,Weekend,20,179,5/9/2022,20220509,5,41,May,May,2,2022,202205,11,4,2022,Not Month End,5/15/2021,,"insert into Date_Dimension values(20220515, '2022-5-15',7, 15, 1231, 'Sunday', 'Sun', 'Weekend', 20, 179, '2022-5-9', 20220509, 5, 41, 'May', 'May', 2, 2022, 202205, 11, 4, 2022, 'Not Month End', '2021-5-15')"
20220516,5/16/2022,1,16,1232,Monday,Mon,Weekday,21,180,5/16/2022,20220516,5,41,May,May,2,2022,202205,11,4,2022,Not Month End,5/16/2021,,"insert into Date_Dimension values(20220516, '2022-5-16',1, 16, 1232, 'Monday', 'Mon', 'Weekday', 21, 180, '2022-5-16', 20220516, 5, 41, 'May', 'May', 2, 2022, 202205, 11, 4, 2022, 'Not Month End', '2021-5-16')"
20220517,5/17/2022,2,17,1233,Tuesday,Tue,Weekday,21,180,5/16/2022,20220516,5,41,May,May,2,2022,202205,11,4,2022,Not Month End,5/17/2021,,"insert into Date_Dimension values(20220517, '2022-5-17',2, 17, 1233, 'Tuesday', 'Tue', 'Weekday', 21, 180, '2022-5-16', 20220516, 5, 41, 'May', 'May', 2, 2022, 202205, 11, 4, 2022, 'Not Month End', '2021-5-17')"
20220518,5/18/2022,3,18,1234,Wednesday,Wed,Weekday,21,180,5/16/2022,20220516,5,41,May,May,2,2022,202205,11,4,2022,Not Month End,5/18/2021,,"insert into Date_Dimension values(20220518, '2022-5-18',3, 18, 1234, 'Wednesday', 'Wed', 'Weekday', 21, 180, '2022-5-16', 20220516, 5, 41, 'May', 'May', 2, 2022, 202205, 11, 4, 2022, 'Not Month End', '2021-5-18')"
20220519,5/19/2022,4,19,1235,Thursday,Thu,Weekday,21,180,5/16/2022,20220516,5,41,May,May,2,2022,202205,11,4,2022,Not Month End,5/19/2021,,"insert into Date_Dimension values(20220519, '2022-5-19',4, 19, 1235, 'Thursday', 'Thu', 'Weekday', 21, 180, '2022-5-16', 20220516, 5, 41, 'May', 'May', 2, 2022, 202205, 11, 4, 2022, 'Not Month End', '2021-5-19')"
20220520,5/20/2022,5,20,1236,Friday,Fri,Weekday,21,180,5/16/2022,20220516,5,41,May,May,2,2022,202205,11,4,2022,Not Month End,5/20/2021,,"insert into Date_Dimension values(20220520, '2022-5-20',5, 20, 1236, 'Friday', 'Fri', 'Weekday', 21, 180, '2022-5-16', 20220516, 5, 41, 'May', 'May', 2, 2022, 202205, 11, 4, 2022, 'Not Month End', '2021-5-20')"
20220521,5/21/2022,6,21,1237,Saturday,Sat,Weekend,21,180,5/16/2022,20220516,5,41,May,May,2,2022,202205,11,4,2022,Not Month End,5/21/2021,,"insert into Date_Dimension values(20220521, '2022-5-21',6, 21, 1237, 'Saturday', 'Sat', 'Weekend', 21, 180, '2022-5-16', 20220516, 5, 41, 'May', 'May', 2, 2022, 202205, 11, 4, 2022, 'Not Month End', '2021-5-21')"
20220522,5/22/2022,7,22,1238,Sunday,Sun,Weekend,21,180,5/16/2022,20220516,5,41,May,May,2,2022,202205,11,4,2022,Not Month End,5/22/2021,,"insert into Date_Dimension values(20220522, '2022-5-22',7, 22, 1238, 'Sunday', 'Sun', 'Weekend', 21, 180, '2022-5-16', 20220516, 5, 41, 'May', 'May', 2, 2022, 202205, 11, 4, 2022, 'Not Month End', '2021-5-22')"
20220523,5/23/2022,1,23,1239,Monday,Mon,Weekday,22,181,5/23/2022,20220523,5,41,May,May,2,2022,202205,11,4,2022,Not Month End,5/23/2021,,"insert into Date_Dimension values(20220523, '2022-5-23',1, 23, 1239, 'Monday', 'Mon', 'Weekday', 22, 181, '2022-5-23', 20220523, 5, 41, 'May', 'May', 2, 2022, 202205, 11, 4, 2022, 'Not Month End', '2021-5-23')"
20220524,5/24/2022,2,24,1240,Tuesday,Tue,Weekday,22,181,5/23/2022,20220523,5,41,May,May,2,2022,202205,11,4,2022,Not Month End,5/24/2021,,"insert into Date_Dimension values(20220524, '2022-5-24',2, 24, 1240, 'Tuesday', 'Tue', 'Weekday', 22, 181, '2022-5-23', 20220523, 5, 41, 'May', 'May', 2, 2022, 202205, 11, 4, 2022, 'Not Month End', '2021-5-24')"
20220525,5/25/2022,3,25,1241,Wednesday,Wed,Weekday,22,181,5/23/2022,20220523,5,41,May,May,2,2022,202205,11,4,2022,Not Month End,5/25/2021,,"insert into Date_Dimension values(20220525, '2022-5-25',3, 25, 1241, 'Wednesday', 'Wed', 'Weekday', 22, 181, '2022-5-23', 20220523, 5, 41, 'May', 'May', 2, 2022, 202205, 11, 4, 2022, 'Not Month End', '2021-5-25')"
20220526,5/26/2022,4,26,1242,Thursday,Thu,Weekday,22,181,5/23/2022,20220523,5,41,May,May,2,2022,202205,11,4,2022,Not Month End,5/26/2021,,"insert into Date_Dimension values(20220526, '2022-5-26',4, 26, 1242, 'Thursday', 'Thu', 'Weekday', 22, 181, '2022-5-23', 20220523, 5, 41, 'May', 'May', 2, 2022, 202205, 11, 4, 2022, 'Not Month End', '2021-5-26')"
20220527,5/27/2022,5,27,1243,Friday,Fri,Weekday,22,181,5/23/2022,20220523,5,41,May,May,2,2022,202205,11,4,2022,Not Month End,5/27/2021,,"insert into Date_Dimension values(20220527, '2022-5-27',5, 27, 1243, 'Friday', 'Fri', 'Weekday', 22, 181, '2022-5-23', 20220523, 5, 41, 'May', 'May', 2, 2022, 202205, 11, 4, 2022, 'Not Month End', '2021-5-27')"
20220528,5/28/2022,6,28,1244,Saturday,Sat,Weekend,22,181,5/23/2022,20220523,5,41,May,May,2,2022,202205,11,4,2022,Not Month End,5/28/2021,,"insert into Date_Dimension values(20220528, '2022-5-28',6, 28, 1244, 'Saturday', 'Sat', 'Weekend', 22, 181, '2022-5-23', 20220523, 5, 41, 'May', 'May', 2, 2022, 202205, 11, 4, 2022, 'Not Month End', '2021-5-28')"
20220529,5/29/2022,7,29,1245,Sunday,Sun,Weekend,22,181,5/23/2022,20220523,5,41,May,May,2,2022,202205,11,4,2022,Not Month End,5/29/2021,,"insert into Date_Dimension values(20220529, '2022-5-29',7, 29, 1245, 'Sunday', 'Sun', 'Weekend', 22, 181, '2022-5-23', 20220523, 5, 41, 'May', 'May', 2, 2022, 202205, 11, 4, 2022, 'Not Month End', '2021-5-29')"
20220530,5/30/2022,1,30,1246,Monday,Mon,Weekday,23,182,5/30/2022,20220530,5,41,May,May,2,2022,202205,11,4,2022,Not Month End,5/30/2021,,"insert into Date_Dimension values(20220530, '2022-5-30',1, 30, 1246, 'Monday', 'Mon', 'Weekday', 23, 182, '2022-5-30', 20220530, 5, 41, 'May', 'May', 2, 2022, 202205, 11, 4, 2022, 'Not Month End', '2021-5-30')"
20220531,5/31/2022,2,31,1247,Tuesday,Tue,Weekday,23,182,5/30/2022,20220530,5,41,May,May,2,2022,202205,11,4,2022,Month End,5/31/2021,,"insert into Date_Dimension values(20220531, '2022-5-31',2, 31, 1247, 'Tuesday', 'Tue', 'Weekday', 23, 182, '2022-5-30', 20220530, 5, 41, 'May', 'May', 2, 2022, 202205, 11, 4, 2022, 'Month End', '2021-5-31')"
20220601,6/1/2022,3,1,1248,Wednesday,Wed,Weekday,23,182,5/30/2022,20220530,6,42,June,Jun,2,2022,202206,12,4,2022,Not Month End,6/1/2021,,"insert into Date_Dimension values(20220601, '2022-6-1',3, 1, 1248, 'Wednesday', 'Wed', 'Weekday', 23, 182, '2022-5-30', 20220530, 6, 42, 'June', 'Jun', 2, 2022, 202206, 12, 4, 2022, 'Not Month End', '2021-6-1')"
20220602,6/2/2022,4,2,1249,Thursday,Thu,Weekday,23,182,5/30/2022,20220530,6,42,June,Jun,2,2022,202206,12,4,2022,Not Month End,6/2/2021,,"insert into Date_Dimension values(20220602, '2022-6-2',4, 2, 1249, 'Thursday', 'Thu', 'Weekday', 23, 182, '2022-5-30', 20220530, 6, 42, 'June', 'Jun', 2, 2022, 202206, 12, 4, 2022, 'Not Month End', '2021-6-2')"
20220603,6/3/2022,5,3,1250,Friday,Fri,Weekday,23,182,5/30/2022,20220530,6,42,June,Jun,2,2022,202206,12,4,2022,Not Month End,6/3/2021,,"insert into Date_Dimension values(20220603, '2022-6-3',5, 3, 1250, 'Friday', 'Fri', 'Weekday', 23, 182, '2022-5-30', 20220530, 6, 42, 'June', 'Jun', 2, 2022, 202206, 12, 4, 2022, 'Not Month End', '2021-6-3')"
20220604,6/4/2022,6,4,1251,Saturday,Sat,Weekend,23,182,5/30/2022,20220530,6,42,June,Jun,2,2022,202206,12,4,2022,Not Month End,6/4/2021,,"insert into Date_Dimension values(20220604, '2022-6-4',6, 4, 1251, 'Saturday', 'Sat', 'Weekend', 23, 182, '2022-5-30', 20220530, 6, 42, 'June', 'Jun', 2, 2022, 202206, 12, 4, 2022, 'Not Month End', '2021-6-4')"
20220605,6/5/2022,7,5,1252,Sunday,Sun,Weekend,23,182,5/30/2022,20220530,6,42,June,Jun,2,2022,202206,12,4,2022,Not Month End,6/5/2021,,"insert into Date_Dimension values(20220605, '2022-6-5',7, 5, 1252, 'Sunday', 'Sun', 'Weekend', 23, 182, '2022-5-30', 20220530, 6, 42, 'June', 'Jun', 2, 2022, 202206, 12, 4, 2022, 'Not Month End', '2021-6-5')"
20220606,6/6/2022,1,6,1253,Monday,Mon,Weekday,24,183,6/6/2022,20220606,6,42,June,Jun,2,2022,202206,12,4,2022,Not Month End,6/6/2021,,"insert into Date_Dimension values(20220606, '2022-6-6',1, 6, 1253, 'Monday', 'Mon', 'Weekday', 24, 183, '2022-6-6', 20220606, 6, 42, 'June', 'Jun', 2, 2022, 202206, 12, 4, 2022, 'Not Month End', '2021-6-6')"
20220607,6/7/2022,2,7,1254,Tuesday,Tue,Weekday,24,183,6/6/2022,20220606,6,42,June,Jun,2,2022,202206,12,4,2022,Not Month End,6/7/2021,,"insert into Date_Dimension values(20220607, '2022-6-7',2, 7, 1254, 'Tuesday', 'Tue', 'Weekday', 24, 183, '2022-6-6', 20220606, 6, 42, 'June', 'Jun', 2, 2022, 202206, 12, 4, 2022, 'Not Month End', '2021-6-7')"
20220608,6/8/2022,3,8,1255,Wednesday,Wed,Weekday,24,183,6/6/2022,20220606,6,42,June,Jun,2,2022,202206,12,4,2022,Not Month End,6/8/2021,,"insert into Date_Dimension values(20220608, '2022-6-8',3, 8, 1255, 'Wednesday', 'Wed', 'Weekday', 24, 183, '2022-6-6', 20220606, 6, 42, 'June', 'Jun', 2, 2022, 202206, 12, 4, 2022, 'Not Month End', '2021-6-8')"
20220609,6/9/2022,4,9,1256,Thursday,Thu,Weekday,24,183,6/6/2022,20220606,6,42,June,Jun,2,2022,202206,12,4,2022,Not Month End,6/9/2021,,"insert into Date_Dimension values(20220609, '2022-6-9',4, 9, 1256, 'Thursday', 'Thu', 'Weekday', 24, 183, '2022-6-6', 20220606, 6, 42, 'June', 'Jun', 2, 2022, 202206, 12, 4, 2022, 'Not Month End', '2021-6-9')"
20220610,6/10/2022,5,10,1257,Friday,Fri,Weekday,24,183,6/6/2022,20220606,6,42,June,Jun,2,2022,202206,12,4,2022,Not Month End,6/10/2021,,"insert into Date_Dimension values(20220610, '2022-6-10',5, 10, 1257, 'Friday', 'Fri', 'Weekday', 24, 183, '2022-6-6', 20220606, 6, 42, 'June', 'Jun', 2, 2022, 202206, 12, 4, 2022, 'Not Month End', '2021-6-10')"
20220611,6/11/2022,6,11,1258,Saturday,Sat,Weekend,24,183,6/6/2022,20220606,6,42,June,Jun,2,2022,202206,12,4,2022,Not Month End,6/11/2021,,"insert into Date_Dimension values(20220611, '2022-6-11',6, 11, 1258, 'Saturday', 'Sat', 'Weekend', 24, 183, '2022-6-6', 20220606, 6, 42, 'June', 'Jun', 2, 2022, 202206, 12, 4, 2022, 'Not Month End', '2021-6-11')"
20220612,6/12/2022,7,12,1259,Sunday,Sun,Weekend,24,183,6/6/2022,20220606,6,42,June,Jun,2,2022,202206,12,4,2022,Not Month End,6/12/2021,,"insert into Date_Dimension values(20220612, '2022-6-12',7, 12, 1259, 'Sunday', 'Sun', 'Weekend', 24, 183, '2022-6-6', 20220606, 6, 42, 'June', 'Jun', 2, 2022, 202206, 12, 4, 2022, 'Not Month End', '2021-6-12')"
20220613,6/13/2022,1,13,1260,Monday,Mon,Weekday,25,184,6/13/2022,20220613,6,42,June,Jun,2,2022,202206,12,4,2022,Not Month End,6/13/2021,Yes,"insert into Date_Dimension values(20220613, '2022-6-13',1, 13, 1260, 'Monday', 'Mon', 'Weekday', 25, 184, '2022-6-13', 20220613, 6, 42, 'June', 'Jun', 2, 2022, 202206, 12, 4, 2022, 'Not Month End', '2021-6-13')"
20220614,6/14/2022,2,14,1261,Tuesday,Tue,Weekday,25,184,6/13/2022,20220613,6,42,June,Jun,2,2022,202206,12,4,2022,Not Month End,6/14/2021,,"insert into Date_Dimension values(20220614, '2022-6-14',2, 14, 1261, 'Tuesday', 'Tue', 'Weekday', 25, 184, '2022-6-13', 20220613, 6, 42, 'June', 'Jun', 2, 2022, 202206, 12, 4, 2022, 'Not Month End', '2021-6-14')"
20220615,6/15/2022,3,15,1262,Wednesday,Wed,Weekday,25,184,6/13/2022,20220613,6,42,June,Jun,2,2022,202206,12,4,2022,Not Month End,6/15/2021,,"insert into Date_Dimension values(20220615, '2022-6-15',3, 15, 1262, 'Wednesday', 'Wed', 'Weekday', 25, 184, '2022-6-13', 20220613, 6, 42, 'June', 'Jun', 2, 2022, 202206, 12, 4, 2022, 'Not Month End', '2021-6-15')"
20220616,6/16/2022,4,16,1263,Thursday,Thu,Weekday,25,184,6/13/2022,20220613,6,42,June,Jun,2,2022,202206,12,4,2022,Not Month End,6/16/2021,,"insert into Date_Dimension values(20220616, '2022-6-16',4, 16, 1263, 'Thursday', 'Thu', 'Weekday', 25, 184, '2022-6-13', 20220613, 6, 42, 'June', 'Jun', 2, 2022, 202206, 12, 4, 2022, 'Not Month End', '2021-6-16')"
20220617,6/17/2022,5,17,1264,Friday,Fri,Weekday,25,184,6/13/2022,20220613,6,42,June,Jun,2,2022,202206,12,4,2022,Not Month End,6/17/2021,,"insert into Date_Dimension values(20220617, '2022-6-17',5, 17, 1264, 'Friday', 'Fri', 'Weekday', 25, 184, '2022-6-13', 20220613, 6, 42, 'June', 'Jun', 2, 2022, 202206, 12, 4, 2022, 'Not Month End', '2021-6-17')"
20220618,6/18/2022,6,18,1265,Saturday,Sat,Weekend,25,184,6/13/2022,20220613,6,42,June,Jun,2,2022,202206,12,4,2022,Not Month End,6/18/2021,,"insert into Date_Dimension values(20220618, '2022-6-18',6, 18, 1265, 'Saturday', 'Sat', 'Weekend', 25, 184, '2022-6-13', 20220613, 6, 42, 'June', 'Jun', 2, 2022, 202206, 12, 4, 2022, 'Not Month End', '2021-6-18')"
20220619,6/19/2022,7,19,1266,Sunday,Sun,Weekend,25,184,6/13/2022,20220613,6,42,June,Jun,2,2022,202206,12,4,2022,Not Month End,6/19/2021,,"insert into Date_Dimension values(20220619, '2022-6-19',7, 19, 1266, 'Sunday', 'Sun', 'Weekend', 25, 184, '2022-6-13', 20220613, 6, 42, 'June', 'Jun', 2, 2022, 202206, 12, 4, 2022, 'Not Month End', '2021-6-19')"
20220620,6/20/2022,1,20,1267,Monday,Mon,Weekday,26,185,6/20/2022,20220620,6,42,June,Jun,2,2022,202206,12,4,2022,Not Month End,6/20/2021,,"insert into Date_Dimension values(20220620, '2022-6-20',1, 20, 1267, 'Monday', 'Mon', 'Weekday', 26, 185, '2022-6-20', 20220620, 6, 42, 'June', 'Jun', 2, 2022, 202206, 12, 4, 2022, 'Not Month End', '2021-6-20')"
20220621,6/21/2022,2,21,1268,Tuesday,Tue,Weekday,26,185,6/20/2022,20220620,6,42,June,Jun,2,2022,202206,12,4,2022,Not Month End,6/21/2021,,"insert into Date_Dimension values(20220621, '2022-6-21',2, 21, 1268, 'Tuesday', 'Tue', 'Weekday', 26, 185, '2022-6-20', 20220620, 6, 42, 'June', 'Jun', 2, 2022, 202206, 12, 4, 2022, 'Not Month End', '2021-6-21')"
20220622,6/22/2022,3,22,1269,Wednesday,Wed,Weekday,26,185,6/20/2022,20220620,6,42,June,Jun,2,2022,202206,12,4,2022,Not Month End,6/22/2021,,"insert into Date_Dimension values(20220622, '2022-6-22',3, 22, 1269, 'Wednesday', 'Wed', 'Weekday', 26, 185, '2022-6-20', 20220620, 6, 42, 'June', 'Jun', 2, 2022, 202206, 12, 4, 2022, 'Not Month End', '2021-6-22')"
20220623,6/23/2022,4,23,1270,Thursday,Thu,Weekday,26,185,6/20/2022,20220620,6,42,June,Jun,2,2022,202206,12,4,2022,Not Month End,6/23/2021,,"insert into Date_Dimension values(20220623, '2022-6-23',4, 23, 1270, 'Thursday', 'Thu', 'Weekday', 26, 185, '2022-6-20', 20220620, 6, 42, 'June', 'Jun', 2, 2022, 202206, 12, 4, 2022, 'Not Month End', '2021-6-23')"
20220624,6/24/2022,5,24,1271,Friday,Fri,Weekday,26,185,6/20/2022,20220620,6,42,June,Jun,2,2022,202206,12,4,2022,Not Month End,6/24/2021,,"insert into Date_Dimension values(20220624, '2022-6-24',5, 24, 1271, 'Friday', 'Fri', 'Weekday', 26, 185, '2022-6-20', 20220620, 6, 42, 'June', 'Jun', 2, 2022, 202206, 12, 4, 2022, 'Not Month End', '2021-6-24')"
20220625,6/25/2022,6,25,1272,Saturday,Sat,Weekend,26,185,6/20/2022,20220620,6,42,June,Jun,2,2022,202206,12,4,2022,Not Month End,6/25/2021,,"insert into Date_Dimension values(20220625, '2022-6-25',6, 25, 1272, 'Saturday', 'Sat', 'Weekend', 26, 185, '2022-6-20', 20220620, 6, 42, 'June', 'Jun', 2, 2022, 202206, 12, 4, 2022, 'Not Month End', '2021-6-25')"
20220626,6/26/2022,7,26,1273,Sunday,Sun,Weekend,26,185,6/20/2022,20220620,6,42,June,Jun,2,2022,202206,12,4,2022,Not Month End,6/26/2021,,"insert into Date_Dimension values(20220626, '2022-6-26',7, 26, 1273, 'Sunday', 'Sun', 'Weekend', 26, 185, '2022-6-20', 20220620, 6, 42, 'June', 'Jun', 2, 2022, 202206, 12, 4, 2022, 'Not Month End', '2021-6-26')"
20220627,6/27/2022,1,27,1274,Monday,Mon,Weekday,27,186,6/27/2022,20220627,6,42,June,Jun,2,2022,202206,12,4,2022,Not Month End,6/27/2021,,"insert into Date_Dimension values(20220627, '2022-6-27',1, 27, 1274, 'Monday', 'Mon', 'Weekday', 27, 186, '2022-6-27', 20220627, 6, 42, 'June', 'Jun', 2, 2022, 202206, 12, 4, 2022, 'Not Month End', '2021-6-27')"
20220628,6/28/2022,2,28,1275,Tuesday,Tue,Weekday,27,186,6/27/2022,20220627,6,42,June,Jun,2,2022,202206,12,4,2022,Not Month End,6/28/2021,,"insert into Date_Dimension values(20220628, '2022-6-28',2, 28, 1275, 'Tuesday', 'Tue', 'Weekday', 27, 186, '2022-6-27', 20220627, 6, 42, 'June', 'Jun', 2, 2022, 202206, 12, 4, 2022, 'Not Month End', '2021-6-28')"
20220629,6/29/2022,3,29,1276,Wednesday,Wed,Weekday,27,186,6/27/2022,20220627,6,42,June,Jun,2,2022,202206,12,4,2022,Not Month End,6/29/2021,,"insert into Date_Dimension values(20220629, '2022-6-29',3, 29, 1276, 'Wednesday', 'Wed', 'Weekday', 27, 186, '2022-6-27', 20220627, 6, 42, 'June', 'Jun', 2, 2022, 202206, 12, 4, 2022, 'Not Month End', '2021-6-29')"
20220630,6/30/2022,4,30,1277,Thursday,Thu,Weekday,27,186,6/27/2022,20220627,6,42,June,Jun,2,2022,202206,12,4,2022,Month End,6/30/2021,,"insert into Date_Dimension values(20220630, '2022-6-30',4, 30, 1277, 'Thursday', 'Thu', 'Weekday', 27, 186, '2022-6-27', 20220627, 6, 42, 'June', 'Jun', 2, 2022, 202206, 12, 4, 2022, 'Month End', '2021-6-30')"
20220701,7/1/2022,5,1,1278,Friday,Fri,Weekday,27,186,6/27/2022,20220627,7,43,July,Jul,3,2022,202207,1,1,2023,Not Month End,7/1/2021,,"insert into Date_Dimension values(20220701, '2022-7-1',5, 1, 1278, 'Friday', 'Fri', 'Weekday', 27, 186, '2022-6-27', 20220627, 7, 43, 'July', 'Jul', 3, 2022, 202207, 1, 1, 2023, 'Not Month End', '2021-7-1')"
20220702,7/2/2022,6,2,1279,Saturday,Sat,Weekend,27,186,6/27/2022,20220627,7,43,July,Jul,3,2022,202207,1,1,2023,Not Month End,7/2/2021,,"insert into Date_Dimension values(20220702, '2022-7-2',6, 2, 1279, 'Saturday', 'Sat', 'Weekend', 27, 186, '2022-6-27', 20220627, 7, 43, 'July', 'Jul', 3, 2022, 202207, 1, 1, 2023, 'Not Month End', '2021-7-2')"
20220703,7/3/2022,7,3,1280,Sunday,Sun,Weekend,27,186,6/27/2022,20220627,7,43,July,Jul,3,2022,202207,1,1,2023,Not Month End,7/3/2021,,"insert into Date_Dimension values(20220703, '2022-7-3',7, 3, 1280, 'Sunday', 'Sun', 'Weekend', 27, 186, '2022-6-27', 20220627, 7, 43, 'July', 'Jul', 3, 2022, 202207, 1, 1, 2023, 'Not Month End', '2021-7-3')"
20220704,7/4/2022,1,4,1281,Monday,Mon,Weekday,28,187,7/4/2022,20220704,7,43,July,Jul,3,2022,202207,1,1,2023,Not Month End,7/4/2021,,"insert into Date_Dimension values(20220704, '2022-7-4',1, 4, 1281, 'Monday', 'Mon', 'Weekday', 28, 187, '2022-7-4', 20220704, 7, 43, 'July', 'Jul', 3, 2022, 202207, 1, 1, 2023, 'Not Month End', '2021-7-4')"
20220705,7/5/2022,2,5,1282,Tuesday,Tue,Weekday,28,187,7/4/2022,20220704,7,43,July,Jul,3,2022,202207,1,1,2023,Not Month End,7/5/2021,,"insert into Date_Dimension values(20220705, '2022-7-5',2, 5, 1282, 'Tuesday', 'Tue', 'Weekday', 28, 187, '2022-7-4', 20220704, 7, 43, 'July', 'Jul', 3, 2022, 202207, 1, 1, 2023, 'Not Month End', '2021-7-5')"
20220706,7/6/2022,3,6,1283,Wednesday,Wed,Weekday,28,187,7/4/2022,20220704,7,43,July,Jul,3,2022,202207,1,1,2023,Not Month End,7/6/2021,,"insert into Date_Dimension values(20220706, '2022-7-6',3, 6, 1283, 'Wednesday', 'Wed', 'Weekday', 28, 187, '2022-7-4', 20220704, 7, 43, 'July', 'Jul', 3, 2022, 202207, 1, 1, 2023, 'Not Month End', '2021-7-6')"
20220707,7/7/2022,4,7,1284,Thursday,Thu,Weekday,28,187,7/4/2022,20220704,7,43,July,Jul,3,2022,202207,1,1,2023,Not Month End,7/7/2021,,"insert into Date_Dimension values(20220707, '2022-7-7',4, 7, 1284, 'Thursday', 'Thu', 'Weekday', 28, 187, '2022-7-4', 20220704, 7, 43, 'July', 'Jul', 3, 2022, 202207, 1, 1, 2023, 'Not Month End', '2021-7-7')"
20220708,7/8/2022,5,8,1285,Friday,Fri,Weekday,28,187,7/4/2022,20220704,7,43,July,Jul,3,2022,202207,1,1,2023,Not Month End,7/8/2021,,"insert into Date_Dimension values(20220708, '2022-7-8',5, 8, 1285, 'Friday', 'Fri', 'Weekday', 28, 187, '2022-7-4', 20220704, 7, 43, 'July', 'Jul', 3, 2022, 202207, 1, 1, 2023, 'Not Month End', '2021-7-8')"
20220709,7/9/2022,6,9,1286,Saturday,Sat,Weekend,28,187,7/4/2022,20220704,7,43,July,Jul,3,2022,202207,1,1,2023,Not Month End,7/9/2021,,"insert into Date_Dimension values(20220709, '2022-7-9',6, 9, 1286, 'Saturday', 'Sat', 'Weekend', 28, 187, '2022-7-4', 20220704, 7, 43, 'July', 'Jul', 3, 2022, 202207, 1, 1, 2023, 'Not Month End', '2021-7-9')"
20220710,7/10/2022,7,10,1287,Sunday,Sun,Weekend,28,187,7/4/2022,20220704,7,43,July,Jul,3,2022,202207,1,1,2023,Not Month End,7/10/2021,,"insert into Date_Dimension values(20220710, '2022-7-10',7, 10, 1287, 'Sunday', 'Sun', 'Weekend', 28, 187, '2022-7-4', 20220704, 7, 43, 'July', 'Jul', 3, 2022, 202207, 1, 1, 2023, 'Not Month End', '2021-7-10')"
20220711,7/11/2022,1,11,1288,Monday,Mon,Weekday,29,188,7/11/2022,20220711,7,43,July,Jul,3,2022,202207,1,1,2023,Not Month End,7/11/2021,,"insert into Date_Dimension values(20220711, '2022-7-11',1, 11, 1288, 'Monday', 'Mon', 'Weekday', 29, 188, '2022-7-11', 20220711, 7, 43, 'July', 'Jul', 3, 2022, 202207, 1, 1, 2023, 'Not Month End', '2021-7-11')"
20220712,7/12/2022,2,12,1289,Tuesday,Tue,Weekday,29,188,7/11/2022,20220711,7,43,July,Jul,3,2022,202207,1,1,2023,Not Month End,7/12/2021,,"insert into Date_Dimension values(20220712, '2022-7-12',2, 12, 1289, 'Tuesday', 'Tue', 'Weekday', 29, 188, '2022-7-11', 20220711, 7, 43, 'July', 'Jul', 3, 2022, 202207, 1, 1, 2023, 'Not Month End', '2021-7-12')"
20220713,7/13/2022,3,13,1290,Wednesday,Wed,Weekday,29,188,7/11/2022,20220711,7,43,July,Jul,3,2022,202207,1,1,2023,Not Month End,7/13/2021,,"insert into Date_Dimension values(20220713, '2022-7-13',3, 13, 1290, 'Wednesday', 'Wed', 'Weekday', 29, 188, '2022-7-11', 20220711, 7, 43, 'July', 'Jul', 3, 2022, 202207, 1, 1, 2023, 'Not Month End', '2021-7-13')"
20220714,7/14/2022,4,14,1291,Thursday,Thu,Weekday,29,188,7/11/2022,20220711,7,43,July,Jul,3,2022,202207,1,1,2023,Not Month End,7/14/2021,,"insert into Date_Dimension values(20220714, '2022-7-14',4, 14, 1291, 'Thursday', 'Thu', 'Weekday', 29, 188, '2022-7-11', 20220711, 7, 43, 'July', 'Jul', 3, 2022, 202207, 1, 1, 2023, 'Not Month End', '2021-7-14')"
20220715,7/15/2022,5,15,1292,Friday,Fri,Weekday,29,188,7/11/2022,20220711,7,43,July,Jul,3,2022,202207,1,1,2023,Not Month End,7/15/2021,,"insert into Date_Dimension values(20220715, '2022-7-15',5, 15, 1292, 'Friday', 'Fri', 'Weekday', 29, 188, '2022-7-11', 20220711, 7, 43, 'July', 'Jul', 3, 2022, 202207, 1, 1, 2023, 'Not Month End', '2021-7-15')"
20220716,7/16/2022,6,16,1293,Saturday,Sat,Weekend,29,188,7/11/2022,20220711,7,43,July,Jul,3,2022,202207,1,1,2023,Not Month End,7/16/2021,,"insert into Date_Dimension values(20220716, '2022-7-16',6, 16, 1293, 'Saturday', 'Sat', 'Weekend', 29, 188, '2022-7-11', 20220711, 7, 43, 'July', 'Jul', 3, 2022, 202207, 1, 1, 2023, 'Not Month End', '2021-7-16')"
20220717,7/17/2022,7,17,1294,Sunday,Sun,Weekend,29,188,7/11/2022,20220711,7,43,July,Jul,3,2022,202207,1,1,2023,Not Month End,7/17/2021,,"insert into Date_Dimension values(20220717, '2022-7-17',7, 17, 1294, 'Sunday', 'Sun', 'Weekend', 29, 188, '2022-7-11', 20220711, 7, 43, 'July', 'Jul', 3, 2022, 202207, 1, 1, 2023, 'Not Month End', '2021-7-17')"
20220718,7/18/2022,1,18,1295,Monday,Mon,Weekday,30,189,7/18/2022,20220718,7,43,July,Jul,3,2022,202207,1,1,2023,Not Month End,7/18/2021,,"insert into Date_Dimension values(20220718, '2022-7-18',1, 18, 1295, 'Monday', 'Mon', 'Weekday', 30, 189, '2022-7-18', 20220718, 7, 43, 'July', 'Jul', 3, 2022, 202207, 1, 1, 2023, 'Not Month End', '2021-7-18')"
20220719,7/19/2022,2,19,1296,Tuesday,Tue,Weekday,30,189,7/18/2022,20220718,7,43,July,Jul,3,2022,202207,1,1,2023,Not Month End,7/19/2021,,"insert into Date_Dimension values(20220719, '2022-7-19',2, 19, 1296, 'Tuesday', 'Tue', 'Weekday', 30, 189, '2022-7-18', 20220718, 7, 43, 'July', 'Jul', 3, 2022, 202207, 1, 1, 2023, 'Not Month End', '2021-7-19')"
20220720,7/20/2022,3,20,1297,Wednesday,Wed,Weekday,30,189,7/18/2022,20220718,7,43,July,Jul,3,2022,202207,1,1,2023,Not Month End,7/20/2021,,"insert into Date_Dimension values(20220720, '2022-7-20',3, 20, 1297, 'Wednesday', 'Wed', 'Weekday', 30, 189, '2022-7-18', 20220718, 7, 43, 'July', 'Jul', 3, 2022, 202207, 1, 1, 2023, 'Not Month End', '2021-7-20')"
20220721,7/21/2022,4,21,1298,Thursday,Thu,Weekday,30,189,7/18/2022,20220718,7,43,July,Jul,3,2022,202207,1,1,2023,Not Month End,7/21/2021,,"insert into Date_Dimension values(20220721, '2022-7-21',4, 21, 1298, 'Thursday', 'Thu', 'Weekday', 30, 189, '2022-7-18', 20220718, 7, 43, 'July', 'Jul', 3, 2022, 202207, 1, 1, 2023, 'Not Month End', '2021-7-21')"
20220722,7/22/2022,5,22,1299,Friday,Fri,Weekday,30,189,7/18/2022,20220718,7,43,July,Jul,3,2022,202207,1,1,2023,Not Month End,7/22/2021,,"insert into Date_Dimension values(20220722, '2022-7-22',5, 22, 1299, 'Friday', 'Fri', 'Weekday', 30, 189, '2022-7-18', 20220718, 7, 43, 'July', 'Jul', 3, 2022, 202207, 1, 1, 2023, 'Not Month End', '2021-7-22')"
20220723,7/23/2022,6,23,1300,Saturday,Sat,Weekend,30,189,7/18/2022,20220718,7,43,July,Jul,3,2022,202207,1,1,2023,Not Month End,7/23/2021,,"insert into Date_Dimension values(20220723, '2022-7-23',6, 23, 1300, 'Saturday', 'Sat', 'Weekend', 30, 189, '2022-7-18', 20220718, 7, 43, 'July', 'Jul', 3, 2022, 202207, 1, 1, 2023, 'Not Month End', '2021-7-23')"
20220724,7/24/2022,7,24,1301,Sunday,Sun,Weekend,30,189,7/18/2022,20220718,7,43,July,Jul,3,2022,202207,1,1,2023,Not Month End,7/24/2021,,"insert into Date_Dimension values(20220724, '2022-7-24',7, 24, 1301, 'Sunday', 'Sun', 'Weekend', 30, 189, '2022-7-18', 20220718, 7, 43, 'July', 'Jul', 3, 2022, 202207, 1, 1, 2023, 'Not Month End', '2021-7-24')"
20220725,7/25/2022,1,25,1302,Monday,Mon,Weekday,31,190,7/25/2022,20220725,7,43,July,Jul,3,2022,202207,1,1,2023,Not Month End,7/25/2021,,"insert into Date_Dimension values(20220725, '2022-7-25',1, 25, 1302, 'Monday', 'Mon', 'Weekday', 31, 190, '2022-7-25', 20220725, 7, 43, 'July', 'Jul', 3, 2022, 202207, 1, 1, 2023, 'Not Month End', '2021-7-25')"
20220726,7/26/2022,2,26,1303,Tuesday,Tue,Weekday,31,190,7/25/2022,20220725,7,43,July,Jul,3,2022,202207,1,1,2023,Not Month End,7/26/2021,,"insert into Date_Dimension values(20220726, '2022-7-26',2, 26, 1303, 'Tuesday', 'Tue', 'Weekday', 31, 190, '2022-7-25', 20220725, 7, 43, 'July', 'Jul', 3, 2022, 202207, 1, 1, 2023, 'Not Month End', '2021-7-26')"
20220727,7/27/2022,3,27,1304,Wednesday,Wed,Weekday,31,190,7/25/2022,20220725,7,43,July,Jul,3,2022,202207,1,1,2023,Not Month End,7/27/2021,,"insert into Date_Dimension values(20220727, '2022-7-27',3, 27, 1304, 'Wednesday', 'Wed', 'Weekday', 31, 190, '2022-7-25', 20220725, 7, 43, 'July', 'Jul', 3, 2022, 202207, 1, 1, 2023, 'Not Month End', '2021-7-27')"
20220728,7/28/2022,4,28,1305,Thursday,Thu,Weekday,31,190,7/25/2022,20220725,7,43,July,Jul,3,2022,202207,1,1,2023,Not Month End,7/28/2021,,"insert into Date_Dimension values(20220728, '2022-7-28',4, 28, 1305, 'Thursday', 'Thu', 'Weekday', 31, 190, '2022-7-25', 20220725, 7, 43, 'July', 'Jul', 3, 2022, 202207, 1, 1, 2023, 'Not Month End', '2021-7-28')"
20220729,7/29/2022,5,29,1306,Friday,Fri,Weekday,31,190,7/25/2022,20220725,7,43,July,Jul,3,2022,202207,1,1,2023,Not Month End,7/29/2021,,"insert into Date_Dimension values(20220729, '2022-7-29',5, 29, 1306, 'Friday', 'Fri', 'Weekday', 31, 190, '2022-7-25', 20220725, 7, 43, 'July', 'Jul', 3, 2022, 202207, 1, 1, 2023, 'Not Month End', '2021-7-29')"
20220730,7/30/2022,6,30,1307,Saturday,Sat,Weekend,31,190,7/25/2022,20220725,7,43,July,Jul,3,2022,202207,1,1,2023,Not Month End,7/30/2021,,"insert into Date_Dimension values(20220730, '2022-7-30',6, 30, 1307, 'Saturday', 'Sat', 'Weekend', 31, 190, '2022-7-25', 20220725, 7, 43, 'July', 'Jul', 3, 2022, 202207, 1, 1, 2023, 'Not Month End', '2021-7-30')"
20220731,7/31/2022,7,31,1308,Sunday,Sun,Weekend,31,190,7/25/2022,20220725,7,43,July,Jul,3,2022,202207,1,1,2023,Month End,7/31/2021,,"insert into Date_Dimension values(20220731, '2022-7-31',7, 31, 1308, 'Sunday', 'Sun', 'Weekend', 31, 190, '2022-7-25', 20220725, 7, 43, 'July', 'Jul', 3, 2022, 202207, 1, 1, 2023, 'Month End', '2021-7-31')"
20220801,8/1/2022,1,1,1309,Monday,Mon,Weekday,32,191,8/1/2022,20220801,8,44,August,Aug,3,2022,202208,2,1,2023,Not Month End,8/1/2021,,"insert into Date_Dimension values(20220801, '2022-8-1',1, 1, 1309, 'Monday', 'Mon', 'Weekday', 32, 191, '2022-8-1', 20220801, 8, 44, 'August', 'Aug', 3, 2022, 202208, 2, 1, 2023, 'Not Month End', '2021-8-1')"
20220802,8/2/2022,2,2,1310,Tuesday,Tue,Weekday,32,191,8/1/2022,20220801,8,44,August,Aug,3,2022,202208,2,1,2023,Not Month End,8/2/2021,,"insert into Date_Dimension values(20220802, '2022-8-2',2, 2, 1310, 'Tuesday', 'Tue', 'Weekday', 32, 191, '2022-8-1', 20220801, 8, 44, 'August', 'Aug', 3, 2022, 202208, 2, 1, 2023, 'Not Month End', '2021-8-2')"
20220803,8/3/2022,3,3,1311,Wednesday,Wed,Weekday,32,191,8/1/2022,20220801,8,44,August,Aug,3,2022,202208,2,1,2023,Not Month End,8/3/2021,,"insert into Date_Dimension values(20220803, '2022-8-3',3, 3, 1311, 'Wednesday', 'Wed', 'Weekday', 32, 191, '2022-8-1', 20220801, 8, 44, 'August', 'Aug', 3, 2022, 202208, 2, 1, 2023, 'Not Month End', '2021-8-3')"
20220804,8/4/2022,4,4,1312,Thursday,Thu,Weekday,32,191,8/1/2022,20220801,8,44,August,Aug,3,2022,202208,2,1,2023,Not Month End,8/4/2021,,"insert into Date_Dimension values(20220804, '2022-8-4',4, 4, 1312, 'Thursday', 'Thu', 'Weekday', 32, 191, '2022-8-1', 20220801, 8, 44, 'August', 'Aug', 3, 2022, 202208, 2, 1, 2023, 'Not Month End', '2021-8-4')"
20220805,8/5/2022,5,5,1313,Friday,Fri,Weekday,32,191,8/1/2022,20220801,8,44,August,Aug,3,2022,202208,2,1,2023,Not Month End,8/5/2021,,"insert into Date_Dimension values(20220805, '2022-8-5',5, 5, 1313, 'Friday', 'Fri', 'Weekday', 32, 191, '2022-8-1', 20220801, 8, 44, 'August', 'Aug', 3, 2022, 202208, 2, 1, 2023, 'Not Month End', '2021-8-5')"
20220806,8/6/2022,6,6,1314,Saturday,Sat,Weekend,32,191,8/1/2022,20220801,8,44,August,Aug,3,2022,202208,2,1,2023,Not Month End,8/6/2021,,"insert into Date_Dimension values(20220806, '2022-8-6',6, 6, 1314, 'Saturday', 'Sat', 'Weekend', 32, 191, '2022-8-1', 20220801, 8, 44, 'August', 'Aug', 3, 2022, 202208, 2, 1, 2023, 'Not Month End', '2021-8-6')"
20220807,8/7/2022,7,7,1315,Sunday,Sun,Weekend,32,191,8/1/2022,20220801,8,44,August,Aug,3,2022,202208,2,1,2023,Not Month End,8/7/2021,,"insert into Date_Dimension values(20220807, '2022-8-7',7, 7, 1315, 'Sunday', 'Sun', 'Weekend', 32, 191, '2022-8-1', 20220801, 8, 44, 'August', 'Aug', 3, 2022, 202208, 2, 1, 2023, 'Not Month End', '2021-8-7')"
20220808,8/8/2022,1,8,1316,Monday,Mon,Weekday,33,192,8/8/2022,20220808,8,44,August,Aug,3,2022,202208,2,1,2023,Not Month End,8/8/2021,,"insert into Date_Dimension values(20220808, '2022-8-8',1, 8, 1316, 'Monday', 'Mon', 'Weekday', 33, 192, '2022-8-8', 20220808, 8, 44, 'August', 'Aug', 3, 2022, 202208, 2, 1, 2023, 'Not Month End', '2021-8-8')"
20220809,8/9/2022,2,9,1317,Tuesday,Tue,Weekday,33,192,8/8/2022,20220808,8,44,August,Aug,3,2022,202208,2,1,2023,Not Month End,8/9/2021,,"insert into Date_Dimension values(20220809, '2022-8-9',2, 9, 1317, 'Tuesday', 'Tue', 'Weekday', 33, 192, '2022-8-8', 20220808, 8, 44, 'August', 'Aug', 3, 2022, 202208, 2, 1, 2023, 'Not Month End', '2021-8-9')"
20220810,8/10/2022,3,10,1318,Wednesday,Wed,Weekday,33,192,8/8/2022,20220808,8,44,August,Aug,3,2022,202208,2,1,2023,Not Month End,8/10/2021,,"insert into Date_Dimension values(20220810, '2022-8-10',3, 10, 1318, 'Wednesday', 'Wed', 'Weekday', 33, 192, '2022-8-8', 20220808, 8, 44, 'August', 'Aug', 3, 2022, 202208, 2, 1, 2023, 'Not Month End', '2021-8-10')"
20220811,8/11/2022,4,11,1319,Thursday,Thu,Weekday,33,192,8/8/2022,20220808,8,44,August,Aug,3,2022,202208,2,1,2023,Not Month End,8/11/2021,,"insert into Date_Dimension values(20220811, '2022-8-11',4, 11, 1319, 'Thursday', 'Thu', 'Weekday', 33, 192, '2022-8-8', 20220808, 8, 44, 'August', 'Aug', 3, 2022, 202208, 2, 1, 2023, 'Not Month End', '2021-8-11')"
20220812,8/12/2022,5,12,1320,Friday,Fri,Weekday,33,192,8/8/2022,20220808,8,44,August,Aug,3,2022,202208,2,1,2023,Not Month End,8/12/2021,,"insert into Date_Dimension values(20220812, '2022-8-12',5, 12, 1320, 'Friday', 'Fri', 'Weekday', 33, 192, '2022-8-8', 20220808, 8, 44, 'August', 'Aug', 3, 2022, 202208, 2, 1, 2023, 'Not Month End', '2021-8-12')"
20220813,8/13/2022,6,13,1321,Saturday,Sat,Weekend,33,192,8/8/2022,20220808,8,44,August,Aug,3,2022,202208,2,1,2023,Not Month End,8/13/2021,,"insert into Date_Dimension values(20220813, '2022-8-13',6, 13, 1321, 'Saturday', 'Sat', 'Weekend', 33, 192, '2022-8-8', 20220808, 8, 44, 'August', 'Aug', 3, 2022, 202208, 2, 1, 2023, 'Not Month End', '2021-8-13')"
20220814,8/14/2022,7,14,1322,Sunday,Sun,Weekend,33,192,8/8/2022,20220808,8,44,August,Aug,3,2022,202208,2,1,2023,Not Month End,8/14/2021,,"insert into Date_Dimension values(20220814, '2022-8-14',7, 14, 1322, 'Sunday', 'Sun', 'Weekend', 33, 192, '2022-8-8', 20220808, 8, 44, 'August', 'Aug', 3, 2022, 202208, 2, 1, 2023, 'Not Month End', '2021-8-14')"
20220815,8/15/2022,1,15,1323,Monday,Mon,Weekday,34,193,8/15/2022,20220815,8,44,August,Aug,3,2022,202208,2,1,2023,Not Month End,8/15/2021,,"insert into Date_Dimension values(20220815, '2022-8-15',1, 15, 1323, 'Monday', 'Mon', 'Weekday', 34, 193, '2022-8-15', 20220815, 8, 44, 'August', 'Aug', 3, 2022, 202208, 2, 1, 2023, 'Not Month End', '2021-8-15')"
20220816,8/16/2022,2,16,1324,Tuesday,Tue,Weekday,34,193,8/15/2022,20220815,8,44,August,Aug,3,2022,202208,2,1,2023,Not Month End,8/16/2021,,"insert into Date_Dimension values(20220816, '2022-8-16',2, 16, 1324, 'Tuesday', 'Tue', 'Weekday', 34, 193, '2022-8-15', 20220815, 8, 44, 'August', 'Aug', 3, 2022, 202208, 2, 1, 2023, 'Not Month End', '2021-8-16')"
20220817,8/17/2022,3,17,1325,Wednesday,Wed,Weekday,34,193,8/15/2022,20220815,8,44,August,Aug,3,2022,202208,2,1,2023,Not Month End,8/17/2021,,"insert into Date_Dimension values(20220817, '2022-8-17',3, 17, 1325, 'Wednesday', 'Wed', 'Weekday', 34, 193, '2022-8-15', 20220815, 8, 44, 'August', 'Aug', 3, 2022, 202208, 2, 1, 2023, 'Not Month End', '2021-8-17')"
20220818,8/18/2022,4,18,1326,Thursday,Thu,Weekday,34,193,8/15/2022,20220815,8,44,August,Aug,3,2022,202208,2,1,2023,Not Month End,8/18/2021,,"insert into Date_Dimension values(20220818, '2022-8-18',4, 18, 1326, 'Thursday', 'Thu', 'Weekday', 34, 193, '2022-8-15', 20220815, 8, 44, 'August', 'Aug', 3, 2022, 202208, 2, 1, 2023, 'Not Month End', '2021-8-18')"
20220819,8/19/2022,5,19,1327,Friday,Fri,Weekday,34,193,8/15/2022,20220815,8,44,August,Aug,3,2022,202208,2,1,2023,Not Month End,8/19/2021,,"insert into Date_Dimension values(20220819, '2022-8-19',5, 19, 1327, 'Friday', 'Fri', 'Weekday', 34, 193, '2022-8-15', 20220815, 8, 44, 'August', 'Aug', 3, 2022, 202208, 2, 1, 2023, 'Not Month End', '2021-8-19')"
20220820,8/20/2022,6,20,1328,Saturday,Sat,Weekend,34,193,8/15/2022,20220815,8,44,August,Aug,3,2022,202208,2,1,2023,Not Month End,8/20/2021,,"insert into Date_Dimension values(20220820, '2022-8-20',6, 20, 1328, 'Saturday', 'Sat', 'Weekend', 34, 193, '2022-8-15', 20220815, 8, 44, 'August', 'Aug', 3, 2022, 202208, 2, 1, 2023, 'Not Month End', '2021-8-20')"
20220821,8/21/2022,7,21,1329,Sunday,Sun,Weekend,34,193,8/15/2022,20220815,8,44,August,Aug,3,2022,202208,2,1,2023,Not Month End,8/21/2021,,"insert into Date_Dimension values(20220821, '2022-8-21',7, 21, 1329, 'Sunday', 'Sun', 'Weekend', 34, 193, '2022-8-15', 20220815, 8, 44, 'August', 'Aug', 3, 2022, 202208, 2, 1, 2023, 'Not Month End', '2021-8-21')"
20220822,8/22/2022,1,22,1330,Monday,Mon,Weekday,35,194,8/22/2022,20220822,8,44,August,Aug,3,2022,202208,2,1,2023,Not Month End,8/22/2021,,"insert into Date_Dimension values(20220822, '2022-8-22',1, 22, 1330, 'Monday', 'Mon', 'Weekday', 35, 194, '2022-8-22', 20220822, 8, 44, 'August', 'Aug', 3, 2022, 202208, 2, 1, 2023, 'Not Month End', '2021-8-22')"
20220823,8/23/2022,2,23,1331,Tuesday,Tue,Weekday,35,194,8/22/2022,20220822,8,44,August,Aug,3,2022,202208,2,1,2023,Not Month End,8/23/2021,,"insert into Date_Dimension values(20220823, '2022-8-23',2, 23, 1331, 'Tuesday', 'Tue', 'Weekday', 35, 194, '2022-8-22', 20220822, 8, 44, 'August', 'Aug', 3, 2022, 202208, 2, 1, 2023, 'Not Month End', '2021-8-23')"
20220824,8/24/2022,3,24,1332,Wednesday,Wed,Weekday,35,194,8/22/2022,20220822,8,44,August,Aug,3,2022,202208,2,1,2023,Not Month End,8/24/2021,,"insert into Date_Dimension values(20220824, '2022-8-24',3, 24, 1332, 'Wednesday', 'Wed', 'Weekday', 35, 194, '2022-8-22', 20220822, 8, 44, 'August', 'Aug', 3, 2022, 202208, 2, 1, 2023, 'Not Month End', '2021-8-24')"
20220825,8/25/2022,4,25,1333,Thursday,Thu,Weekday,35,194,8/22/2022,20220822,8,44,August,Aug,3,2022,202208,2,1,2023,Not Month End,8/25/2021,,"insert into Date_Dimension values(20220825, '2022-8-25',4, 25, 1333, 'Thursday', 'Thu', 'Weekday', 35, 194, '2022-8-22', 20220822, 8, 44, 'August', 'Aug', 3, 2022, 202208, 2, 1, 2023, 'Not Month End', '2021-8-25')"
20220826,8/26/2022,5,26,1334,Friday,Fri,Weekday,35,194,8/22/2022,20220822,8,44,August,Aug,3,2022,202208,2,1,2023,Not Month End,8/26/2021,,"insert into Date_Dimension values(20220826, '2022-8-26',5, 26, 1334, 'Friday', 'Fri', 'Weekday', 35, 194, '2022-8-22', 20220822, 8, 44, 'August', 'Aug', 3, 2022, 202208, 2, 1, 2023, 'Not Month End', '2021-8-26')"
20220827,8/27/2022,6,27,1335,Saturday,Sat,Weekend,35,194,8/22/2022,20220822,8,44,August,Aug,3,2022,202208,2,1,2023,Not Month End,8/27/2021,,"insert into Date_Dimension values(20220827, '2022-8-27',6, 27, 1335, 'Saturday', 'Sat', 'Weekend', 35, 194, '2022-8-22', 20220822, 8, 44, 'August', 'Aug', 3, 2022, 202208, 2, 1, 2023, 'Not Month End', '2021-8-27')"
20220828,8/28/2022,7,28,1336,Sunday,Sun,Weekend,35,194,8/22/2022,20220822,8,44,August,Aug,3,2022,202208,2,1,2023,Not Month End,8/28/2021,,"insert into Date_Dimension values(20220828, '2022-8-28',7, 28, 1336, 'Sunday', 'Sun', 'Weekend', 35, 194, '2022-8-22', 20220822, 8, 44, 'August', 'Aug', 3, 2022, 202208, 2, 1, 2023, 'Not Month End', '2021-8-28')"
20220829,8/29/2022,1,29,1337,Monday,Mon,Weekday,36,195,8/29/2022,20220829,8,44,August,Aug,3,2022,202208,2,1,2023,Not Month End,8/29/2021,,"insert into Date_Dimension values(20220829, '2022-8-29',1, 29, 1337, 'Monday', 'Mon', 'Weekday', 36, 195, '2022-8-29', 20220829, 8, 44, 'August', 'Aug', 3, 2022, 202208, 2, 1, 2023, 'Not Month End', '2021-8-29')"
20220830,8/30/2022,2,30,1338,Tuesday,Tue,Weekday,36,195,8/29/2022,20220829,8,44,August,Aug,3,2022,202208,2,1,2023,Not Month End,8/30/2021,,"insert into Date_Dimension values(20220830, '2022-8-30',2, 30, 1338, 'Tuesday', 'Tue', 'Weekday', 36, 195, '2022-8-29', 20220829, 8, 44, 'August', 'Aug', 3, 2022, 202208, 2, 1, 2023, 'Not Month End', '2021-8-30')"
20220831,8/31/2022,3,31,1339,Wednesday,Wed,Weekday,36,195,8/29/2022,20220829,8,44,August,Aug,3,2022,202208,2,1,2023,Month End,8/31/2021,,"insert into Date_Dimension values(20220831, '2022-8-31',3, 31, 1339, 'Wednesday', 'Wed', 'Weekday', 36, 195, '2022-8-29', 20220829, 8, 44, 'August', 'Aug', 3, 2022, 202208, 2, 1, 2023, 'Month End', '2021-8-31')"
20220901,9/1/2022,4,1,1340,Thursday,Thu,Weekday,36,195,8/29/2022,20220829,9,45,September,Sep,3,2022,202209,3,1,2023,Not Month End,9/1/2021,,"insert into Date_Dimension values(20220901, '2022-9-1',4, 1, 1340, 'Thursday', 'Thu', 'Weekday', 36, 195, '2022-8-29', 20220829, 9, 45, 'September', 'Sep', 3, 2022, 202209, 3, 1, 2023, 'Not Month End', '2021-9-1')"
20220902,9/2/2022,5,2,1341,Friday,Fri,Weekday,36,195,8/29/2022,20220829,9,45,September,Sep,3,2022,202209,3,1,2023,Not Month End,9/2/2021,,"insert into Date_Dimension values(20220902, '2022-9-2',5, 2, 1341, 'Friday', 'Fri', 'Weekday', 36, 195, '2022-8-29', 20220829, 9, 45, 'September', 'Sep', 3, 2022, 202209, 3, 1, 2023, 'Not Month End', '2021-9-2')"
20220903,9/3/2022,6,3,1342,Saturday,Sat,Weekend,36,195,8/29/2022,20220829,9,45,September,Sep,3,2022,202209,3,1,2023,Not Month End,9/3/2021,,"insert into Date_Dimension values(20220903, '2022-9-3',6, 3, 1342, 'Saturday', 'Sat', 'Weekend', 36, 195, '2022-8-29', 20220829, 9, 45, 'September', 'Sep', 3, 2022, 202209, 3, 1, 2023, 'Not Month End', '2021-9-3')"
20220904,9/4/2022,7,4,1343,Sunday,Sun,Weekend,36,195,8/29/2022,20220829,9,45,September,Sep,3,2022,202209,3,1,2023,Not Month End,9/4/2021,,"insert into Date_Dimension values(20220904, '2022-9-4',7, 4, 1343, 'Sunday', 'Sun', 'Weekend', 36, 195, '2022-8-29', 20220829, 9, 45, 'September', 'Sep', 3, 2022, 202209, 3, 1, 2023, 'Not Month End', '2021-9-4')"
20220905,9/5/2022,1,5,1344,Monday,Mon,Weekday,37,196,9/5/2022,20220905,9,45,September,Sep,3,2022,202209,3,1,2023,Not Month End,9/5/2021,,"insert into Date_Dimension values(20220905, '2022-9-5',1, 5, 1344, 'Monday', 'Mon', 'Weekday', 37, 196, '2022-9-5', 20220905, 9, 45, 'September', 'Sep', 3, 2022, 202209, 3, 1, 2023, 'Not Month End', '2021-9-5')"
20220906,9/6/2022,2,6,1345,Tuesday,Tue,Weekday,37,196,9/5/2022,20220905,9,45,September,Sep,3,2022,202209,3,1,2023,Not Month End,9/6/2021,,"insert into Date_Dimension values(20220906, '2022-9-6',2, 6, 1345, 'Tuesday', 'Tue', 'Weekday', 37, 196, '2022-9-5', 20220905, 9, 45, 'September', 'Sep', 3, 2022, 202209, 3, 1, 2023, 'Not Month End', '2021-9-6')"
20220907,9/7/2022,3,7,1346,Wednesday,Wed,Weekday,37,196,9/5/2022,20220905,9,45,September,Sep,3,2022,202209,3,1,2023,Not Month End,9/7/2021,,"insert into Date_Dimension values(20220907, '2022-9-7',3, 7, 1346, 'Wednesday', 'Wed', 'Weekday', 37, 196, '2022-9-5', 20220905, 9, 45, 'September', 'Sep', 3, 2022, 202209, 3, 1, 2023, 'Not Month End', '2021-9-7')"
20220908,9/8/2022,4,8,1347,Thursday,Thu,Weekday,37,196,9/5/2022,20220905,9,45,September,Sep,3,2022,202209,3,1,2023,Not Month End,9/8/2021,,"insert into Date_Dimension values(20220908, '2022-9-8',4, 8, 1347, 'Thursday', 'Thu', 'Weekday', 37, 196, '2022-9-5', 20220905, 9, 45, 'September', 'Sep', 3, 2022, 202209, 3, 1, 2023, 'Not Month End', '2021-9-8')"
20220909,9/9/2022,5,9,1348,Friday,Fri,Weekday,37,196,9/5/2022,20220905,9,45,September,Sep,3,2022,202209,3,1,2023,Not Month End,9/9/2021,,"insert into Date_Dimension values(20220909, '2022-9-9',5, 9, 1348, 'Friday', 'Fri', 'Weekday', 37, 196, '2022-9-5', 20220905, 9, 45, 'September', 'Sep', 3, 2022, 202209, 3, 1, 2023, 'Not Month End', '2021-9-9')"
20220910,9/10/2022,6,10,1349,Saturday,Sat,Weekend,37,196,9/5/2022,20220905,9,45,September,Sep,3,2022,202209,3,1,2023,Not Month End,9/10/2021,,"insert into Date_Dimension values(20220910, '2022-9-10',6, 10, 1349, 'Saturday', 'Sat', 'Weekend', 37, 196, '2022-9-5', 20220905, 9, 45, 'September', 'Sep', 3, 2022, 202209, 3, 1, 2023, 'Not Month End', '2021-9-10')"
20220911,9/11/2022,7,11,1350,Sunday,Sun,Weekend,37,196,9/5/2022,20220905,9,45,September,Sep,3,2022,202209,3,1,2023,Not Month End,9/11/2021,,"insert into Date_Dimension values(20220911, '2022-9-11',7, 11, 1350, 'Sunday', 'Sun', 'Weekend', 37, 196, '2022-9-5', 20220905, 9, 45, 'September', 'Sep', 3, 2022, 202209, 3, 1, 2023, 'Not Month End', '2021-9-11')"
20220912,9/12/2022,1,12,1351,Monday,Mon,Weekday,38,197,9/12/2022,20220912,9,45,September,Sep,3,2022,202209,3,1,2023,Not Month End,9/12/2021,,"insert into Date_Dimension values(20220912, '2022-9-12',1, 12, 1351, 'Monday', 'Mon', 'Weekday', 38, 197, '2022-9-12', 20220912, 9, 45, 'September', 'Sep', 3, 2022, 202209, 3, 1, 2023, 'Not Month End', '2021-9-12')"
20220913,9/13/2022,2,13,1352,Tuesday,Tue,Weekday,38,197,9/12/2022,20220912,9,45,September,Sep,3,2022,202209,3,1,2023,Not Month End,9/13/2021,,"insert into Date_Dimension values(20220913, '2022-9-13',2, 13, 1352, 'Tuesday', 'Tue', 'Weekday', 38, 197, '2022-9-12', 20220912, 9, 45, 'September', 'Sep', 3, 2022, 202209, 3, 1, 2023, 'Not Month End', '2021-9-13')"
20220914,9/14/2022,3,14,1353,Wednesday,Wed,Weekday,38,197,9/12/2022,20220912,9,45,September,Sep,3,2022,202209,3,1,2023,Not Month End,9/14/2021,,"insert into Date_Dimension values(20220914, '2022-9-14',3, 14, 1353, 'Wednesday', 'Wed', 'Weekday', 38, 197, '2022-9-12', 20220912, 9, 45, 'September', 'Sep', 3, 2022, 202209, 3, 1, 2023, 'Not Month End', '2021-9-14')"
20220915,9/15/2022,4,15,1354,Thursday,Thu,Weekday,38,197,9/12/2022,20220912,9,45,September,Sep,3,2022,202209,3,1,2023,Not Month End,9/15/2021,,"insert into Date_Dimension values(20220915, '2022-9-15',4, 15, 1354, 'Thursday', 'Thu', 'Weekday', 38, 197, '2022-9-12', 20220912, 9, 45, 'September', 'Sep', 3, 2022, 202209, 3, 1, 2023, 'Not Month End', '2021-9-15')"
20220916,9/16/2022,5,16,1355,Friday,Fri,Weekday,38,197,9/12/2022,20220912,9,45,September,Sep,3,2022,202209,3,1,2023,Not Month End,9/16/2021,,"insert into Date_Dimension values(20220916, '2022-9-16',5, 16, 1355, 'Friday', 'Fri', 'Weekday', 38, 197, '2022-9-12', 20220912, 9, 45, 'September', 'Sep', 3, 2022, 202209, 3, 1, 2023, 'Not Month End', '2021-9-16')"
20220917,9/17/2022,6,17,1356,Saturday,Sat,Weekend,38,197,9/12/2022,20220912,9,45,September,Sep,3,2022,202209,3,1,2023,Not Month End,9/17/2021,,"insert into Date_Dimension values(20220917, '2022-9-17',6, 17, 1356, 'Saturday', 'Sat', 'Weekend', 38, 197, '2022-9-12', 20220912, 9, 45, 'September', 'Sep', 3, 2022, 202209, 3, 1, 2023, 'Not Month End', '2021-9-17')"
20220918,9/18/2022,7,18,1357,Sunday,Sun,Weekend,38,197,9/12/2022,20220912,9,45,September,Sep,3,2022,202209,3,1,2023,Not Month End,9/18/2021,,"insert into Date_Dimension values(20220918, '2022-9-18',7, 18, 1357, 'Sunday', 'Sun', 'Weekend', 38, 197, '2022-9-12', 20220912, 9, 45, 'September', 'Sep', 3, 2022, 202209, 3, 1, 2023, 'Not Month End', '2021-9-18')"
20220919,9/19/2022,1,19,1358,Monday,Mon,Weekday,39,198,9/19/2022,20220919,9,45,September,Sep,3,2022,202209,3,1,2023,Not Month End,9/19/2021,,"insert into Date_Dimension values(20220919, '2022-9-19',1, 19, 1358, 'Monday', 'Mon', 'Weekday', 39, 198, '2022-9-19', 20220919, 9, 45, 'September', 'Sep', 3, 2022, 202209, 3, 1, 2023, 'Not Month End', '2021-9-19')"
20220920,9/20/2022,2,20,1359,Tuesday,Tue,Weekday,39,198,9/19/2022,20220919,9,45,September,Sep,3,2022,202209,3,1,2023,Not Month End,9/20/2021,,"insert into Date_Dimension values(20220920, '2022-9-20',2, 20, 1359, 'Tuesday', 'Tue', 'Weekday', 39, 198, '2022-9-19', 20220919, 9, 45, 'September', 'Sep', 3, 2022, 202209, 3, 1, 2023, 'Not Month End', '2021-9-20')"
20220921,9/21/2022,3,21,1360,Wednesday,Wed,Weekday,39,198,9/19/2022,20220919,9,45,September,Sep,3,2022,202209,3,1,2023,Not Month End,9/21/2021,,"insert into Date_Dimension values(20220921, '2022-9-21',3, 21, 1360, 'Wednesday', 'Wed', 'Weekday', 39, 198, '2022-9-19', 20220919, 9, 45, 'September', 'Sep', 3, 2022, 202209, 3, 1, 2023, 'Not Month End', '2021-9-21')"
20220922,9/22/2022,4,22,1361,Thursday,Thu,Weekday,39,198,9/19/2022,20220919,9,45,September,Sep,3,2022,202209,3,1,2023,Not Month End,9/22/2021,,"insert into Date_Dimension values(20220922, '2022-9-22',4, 22, 1361, 'Thursday', 'Thu', 'Weekday', 39, 198, '2022-9-19', 20220919, 9, 45, 'September', 'Sep', 3, 2022, 202209, 3, 1, 2023, 'Not Month End', '2021-9-22')"
20220923,9/23/2022,5,23,1362,Friday,Fri,Weekday,39,198,9/19/2022,20220919,9,45,September,Sep,3,2022,202209,3,1,2023,Not Month End,9/23/2021,,"insert into Date_Dimension values(20220923, '2022-9-23',5, 23, 1362, 'Friday', 'Fri', 'Weekday', 39, 198, '2022-9-19', 20220919, 9, 45, 'September', 'Sep', 3, 2022, 202209, 3, 1, 2023, 'Not Month End', '2021-9-23')"
20220924,9/24/2022,6,24,1363,Saturday,Sat,Weekend,39,198,9/19/2022,20220919,9,45,September,Sep,3,2022,202209,3,1,2023,Not Month End,9/24/2021,,"insert into Date_Dimension values(20220924, '2022-9-24',6, 24, 1363, 'Saturday', 'Sat', 'Weekend', 39, 198, '2022-9-19', 20220919, 9, 45, 'September', 'Sep', 3, 2022, 202209, 3, 1, 2023, 'Not Month End', '2021-9-24')"
20220925,9/25/2022,7,25,1364,Sunday,Sun,Weekend,39,198,9/19/2022,20220919,9,45,September,Sep,3,2022,202209,3,1,2023,Not Month End,9/25/2021,,"insert into Date_Dimension values(20220925, '2022-9-25',7, 25, 1364, 'Sunday', 'Sun', 'Weekend', 39, 198, '2022-9-19', 20220919, 9, 45, 'September', 'Sep', 3, 2022, 202209, 3, 1, 2023, 'Not Month End', '2021-9-25')"
20220926,9/26/2022,1,26,1365,Monday,Mon,Weekday,40,199,9/26/2022,20220926,9,45,September,Sep,3,2022,202209,3,1,2023,Not Month End,9/26/2021,,"insert into Date_Dimension values(20220926, '2022-9-26',1, 26, 1365, 'Monday', 'Mon', 'Weekday', 40, 199, '2022-9-26', 20220926, 9, 45, 'September', 'Sep', 3, 2022, 202209, 3, 1, 2023, 'Not Month End', '2021-9-26')"
20220927,9/27/2022,2,27,1366,Tuesday,Tue,Weekday,40,199,9/26/2022,20220926,9,45,September,Sep,3,2022,202209,3,1,2023,Not Month End,9/27/2021,,"insert into Date_Dimension values(20220927, '2022-9-27',2, 27, 1366, 'Tuesday', 'Tue', 'Weekday', 40, 199, '2022-9-26', 20220926, 9, 45, 'September', 'Sep', 3, 2022, 202209, 3, 1, 2023, 'Not Month End', '2021-9-27')"
20220928,9/28/2022,3,28,1367,Wednesday,Wed,Weekday,40,199,9/26/2022,20220926,9,45,September,Sep,3,2022,202209,3,1,2023,Not Month End,9/28/2021,,"insert into Date_Dimension values(20220928, '2022-9-28',3, 28, 1367, 'Wednesday', 'Wed', 'Weekday', 40, 199, '2022-9-26', 20220926, 9, 45, 'September', 'Sep', 3, 2022, 202209, 3, 1, 2023, 'Not Month End', '2021-9-28')"
20220929,9/29/2022,4,29,1368,Thursday,Thu,Weekday,40,199,9/26/2022,20220926,9,45,September,Sep,3,2022,202209,3,1,2023,Not Month End,9/29/2021,,"insert into Date_Dimension values(20220929, '2022-9-29',4, 29, 1368, 'Thursday', 'Thu', 'Weekday', 40, 199, '2022-9-26', 20220926, 9, 45, 'September', 'Sep', 3, 2022, 202209, 3, 1, 2023, 'Not Month End', '2021-9-29')"
20220930,9/30/2022,5,30,1369,Friday,Fri,Weekday,40,199,9/26/2022,20220926,9,45,September,Sep,3,2022,202209,3,1,2023,Month End,9/30/2021,,"insert into Date_Dimension values(20220930, '2022-9-30',5, 30, 1369, 'Friday', 'Fri', 'Weekday', 40, 199, '2022-9-26', 20220926, 9, 45, 'September', 'Sep', 3, 2022, 202209, 3, 1, 2023, 'Month End', '2021-9-30')"
20221001,10/1/2022,6,1,1370,Saturday,Sat,Weekend,40,199,9/26/2022,20220926,10,46,October,Oct,4,2022,202210,4,2,2023,Not Month End,10/1/2021,,"insert into Date_Dimension values(20221001, '2022-10-1',6, 1, 1370, 'Saturday', 'Sat', 'Weekend', 40, 199, '2022-9-26', 20220926, 10, 46, 'October', 'Oct', 4, 2022, 202210, 4, 2, 2023, 'Not Month End', '2021-10-1')"
20221002,10/2/2022,7,2,1371,Sunday,Sun,Weekend,40,199,9/26/2022,20220926,10,46,October,Oct,4,2022,202210,4,2,2023,Not Month End,10/2/2021,,"insert into Date_Dimension values(20221002, '2022-10-2',7, 2, 1371, 'Sunday', 'Sun', 'Weekend', 40, 199, '2022-9-26', 20220926, 10, 46, 'October', 'Oct', 4, 2022, 202210, 4, 2, 2023, 'Not Month End', '2021-10-2')"
20221003,10/3/2022,1,3,1372,Monday,Mon,Weekday,41,200,10/3/2022,20221003,10,46,October,Oct,4,2022,202210,4,2,2023,Not Month End,10/3/2021,,"insert into Date_Dimension values(20221003, '2022-10-3',1, 3, 1372, 'Monday', 'Mon', 'Weekday', 41, 200, '2022-10-3', 20221003, 10, 46, 'October', 'Oct', 4, 2022, 202210, 4, 2, 2023, 'Not Month End', '2021-10-3')"
20221004,10/4/2022,2,4,1373,Tuesday,Tue,Weekday,41,200,10/3/2022,20221003,10,46,October,Oct,4,2022,202210,4,2,2023,Not Month End,10/4/2021,,"insert into Date_Dimension values(20221004, '2022-10-4',2, 4, 1373, 'Tuesday', 'Tue', 'Weekday', 41, 200, '2022-10-3', 20221003, 10, 46, 'October', 'Oct', 4, 2022, 202210, 4, 2, 2023, 'Not Month End', '2021-10-4')"
20221005,10/5/2022,3,5,1374,Wednesday,Wed,Weekday,41,200,10/3/2022,20221003,10,46,October,Oct,4,2022,202210,4,2,2023,Not Month End,10/5/2021,,"insert into Date_Dimension values(20221005, '2022-10-5',3, 5, 1374, 'Wednesday', 'Wed', 'Weekday', 41, 200, '2022-10-3', 20221003, 10, 46, 'October', 'Oct', 4, 2022, 202210, 4, 2, 2023, 'Not Month End', '2021-10-5')"
20221006,10/6/2022,4,6,1375,Thursday,Thu,Weekday,41,200,10/3/2022,20221003,10,46,October,Oct,4,2022,202210,4,2,2023,Not Month End,10/6/2021,,"insert into Date_Dimension values(20221006, '2022-10-6',4, 6, 1375, 'Thursday', 'Thu', 'Weekday', 41, 200, '2022-10-3', 20221003, 10, 46, 'October', 'Oct', 4, 2022, 202210, 4, 2, 2023, 'Not Month End', '2021-10-6')"
20221007,10/7/2022,5,7,1376,Friday,Fri,Weekday,41,200,10/3/2022,20221003,10,46,October,Oct,4,2022,202210,4,2,2023,Not Month End,10/7/2021,,"insert into Date_Dimension values(20221007, '2022-10-7',5, 7, 1376, 'Friday', 'Fri', 'Weekday', 41, 200, '2022-10-3', 20221003, 10, 46, 'October', 'Oct', 4, 2022, 202210, 4, 2, 2023, 'Not Month End', '2021-10-7')"
20221008,10/8/2022,6,8,1377,Saturday,Sat,Weekend,41,200,10/3/2022,20221003,10,46,October,Oct,4,2022,202210,4,2,2023,Not Month End,10/8/2021,,"insert into Date_Dimension values(20221008, '2022-10-8',6, 8, 1377, 'Saturday', 'Sat', 'Weekend', 41, 200, '2022-10-3', 20221003, 10, 46, 'October', 'Oct', 4, 2022, 202210, 4, 2, 2023, 'Not Month End', '2021-10-8')"
20221009,10/9/2022,7,9,1378,Sunday,Sun,Weekend,41,200,10/3/2022,20221003,10,46,October,Oct,4,2022,202210,4,2,2023,Not Month End,10/9/2021,,"insert into Date_Dimension values(20221009, '2022-10-9',7, 9, 1378, 'Sunday', 'Sun', 'Weekend', 41, 200, '2022-10-3', 20221003, 10, 46, 'October', 'Oct', 4, 2022, 202210, 4, 2, 2023, 'Not Month End', '2021-10-9')"
20221010,10/10/2022,1,10,1379,Monday,Mon,Weekday,42,201,10/10/2022,20221010,10,46,October,Oct,4,2022,202210,4,2,2023,Not Month End,10/10/2021,,"insert into Date_Dimension values(20221010, '2022-10-10',1, 10, 1379, 'Monday', 'Mon', 'Weekday', 42, 201, '2022-10-10', 20221010, 10, 46, 'October', 'Oct', 4, 2022, 202210, 4, 2, 2023, 'Not Month End', '2021-10-10')"
20221011,10/11/2022,2,11,1380,Tuesday,Tue,Weekday,42,201,10/10/2022,20221010,10,46,October,Oct,4,2022,202210,4,2,2023,Not Month End,10/11/2021,,"insert into Date_Dimension values(20221011, '2022-10-11',2, 11, 1380, 'Tuesday', 'Tue', 'Weekday', 42, 201, '2022-10-10', 20221010, 10, 46, 'October', 'Oct', 4, 2022, 202210, 4, 2, 2023, 'Not Month End', '2021-10-11')"
20221012,10/12/2022,3,12,1381,Wednesday,Wed,Weekday,42,201,10/10/2022,20221010,10,46,October,Oct,4,2022,202210,4,2,2023,Not Month End,10/12/2021,,"insert into Date_Dimension values(20221012, '2022-10-12',3, 12, 1381, 'Wednesday', 'Wed', 'Weekday', 42, 201, '2022-10-10', 20221010, 10, 46, 'October', 'Oct', 4, 2022, 202210, 4, 2, 2023, 'Not Month End', '2021-10-12')"
20221013,10/13/2022,4,13,1382,Thursday,Thu,Weekday,42,201,10/10/2022,20221010,10,46,October,Oct,4,2022,202210,4,2,2023,Not Month End,10/13/2021,,"insert into Date_Dimension values(20221013, '2022-10-13',4, 13, 1382, 'Thursday', 'Thu', 'Weekday', 42, 201, '2022-10-10', 20221010, 10, 46, 'October', 'Oct', 4, 2022, 202210, 4, 2, 2023, 'Not Month End', '2021-10-13')"
20221014,10/14/2022,5,14,1383,Friday,Fri,Weekday,42,201,10/10/2022,20221010,10,46,October,Oct,4,2022,202210,4,2,2023,Not Month End,10/14/2021,,"insert into Date_Dimension values(20221014, '2022-10-14',5, 14, 1383, 'Friday', 'Fri', 'Weekday', 42, 201, '2022-10-10', 20221010, 10, 46, 'October', 'Oct', 4, 2022, 202210, 4, 2, 2023, 'Not Month End', '2021-10-14')"
20221015,10/15/2022,6,15,1384,Saturday,Sat,Weekend,42,201,10/10/2022,20221010,10,46,October,Oct,4,2022,202210,4,2,2023,Not Month End,10/15/2021,,"insert into Date_Dimension values(20221015, '2022-10-15',6, 15, 1384, 'Saturday', 'Sat', 'Weekend', 42, 201, '2022-10-10', 20221010, 10, 46, 'October', 'Oct', 4, 2022, 202210, 4, 2, 2023, 'Not Month End', '2021-10-15')"
20221016,10/16/2022,7,16,1385,Sunday,Sun,Weekend,42,201,10/10/2022,20221010,10,46,October,Oct,4,2022,202210,4,2,2023,Not Month End,10/16/2021,,"insert into Date_Dimension values(20221016, '2022-10-16',7, 16, 1385, 'Sunday', 'Sun', 'Weekend', 42, 201, '2022-10-10', 20221010, 10, 46, 'October', 'Oct', 4, 2022, 202210, 4, 2, 2023, 'Not Month End', '2021-10-16')"
20221017,10/17/2022,1,17,1386,Monday,Mon,Weekday,43,202,10/17/2022,20221017,10,46,October,Oct,4,2022,202210,4,2,2023,Not Month End,10/17/2021,,"insert into Date_Dimension values(20221017, '2022-10-17',1, 17, 1386, 'Monday', 'Mon', 'Weekday', 43, 202, '2022-10-17', 20221017, 10, 46, 'October', 'Oct', 4, 2022, 202210, 4, 2, 2023, 'Not Month End', '2021-10-17')"
20221018,10/18/2022,2,18,1387,Tuesday,Tue,Weekday,43,202,10/17/2022,20221017,10,46,October,Oct,4,2022,202210,4,2,2023,Not Month End,10/18/2021,,"insert into Date_Dimension values(20221018, '2022-10-18',2, 18, 1387, 'Tuesday', 'Tue', 'Weekday', 43, 202, '2022-10-17', 20221017, 10, 46, 'October', 'Oct', 4, 2022, 202210, 4, 2, 2023, 'Not Month End', '2021-10-18')"
20221019,10/19/2022,3,19,1388,Wednesday,Wed,Weekday,43,202,10/17/2022,20221017,10,46,October,Oct,4,2022,202210,4,2,2023,Not Month End,10/19/2021,,"insert into Date_Dimension values(20221019, '2022-10-19',3, 19, 1388, 'Wednesday', 'Wed', 'Weekday', 43, 202, '2022-10-17', 20221017, 10, 46, 'October', 'Oct', 4, 2022, 202210, 4, 2, 2023, 'Not Month End', '2021-10-19')"
20221020,10/20/2022,4,20,1389,Thursday,Thu,Weekday,43,202,10/17/2022,20221017,10,46,October,Oct,4,2022,202210,4,2,2023,Not Month End,10/20/2021,,"insert into Date_Dimension values(20221020, '2022-10-20',4, 20, 1389, 'Thursday', 'Thu', 'Weekday', 43, 202, '2022-10-17', 20221017, 10, 46, 'October', 'Oct', 4, 2022, 202210, 4, 2, 2023, 'Not Month End', '2021-10-20')"
20221021,10/21/2022,5,21,1390,Friday,Fri,Weekday,43,202,10/17/2022,20221017,10,46,October,Oct,4,2022,202210,4,2,2023,Not Month End,10/21/2021,,"insert into Date_Dimension values(20221021, '2022-10-21',5, 21, 1390, 'Friday', 'Fri', 'Weekday', 43, 202, '2022-10-17', 20221017, 10, 46, 'October', 'Oct', 4, 2022, 202210, 4, 2, 2023, 'Not Month End', '2021-10-21')"
20221022,10/22/2022,6,22,1391,Saturday,Sat,Weekend,43,202,10/17/2022,20221017,10,46,October,Oct,4,2022,202210,4,2,2023,Not Month End,10/22/2021,,"insert into Date_Dimension values(20221022, '2022-10-22',6, 22, 1391, 'Saturday', 'Sat', 'Weekend', 43, 202, '2022-10-17', 20221017, 10, 46, 'October', 'Oct', 4, 2022, 202210, 4, 2, 2023, 'Not Month End', '2021-10-22')"
20221023,10/23/2022,7,23,1392,Sunday,Sun,Weekend,43,202,10/17/2022,20221017,10,46,October,Oct,4,2022,202210,4,2,2023,Not Month End,10/23/2021,,"insert into Date_Dimension values(20221023, '2022-10-23',7, 23, 1392, 'Sunday', 'Sun', 'Weekend', 43, 202, '2022-10-17', 20221017, 10, 46, 'October', 'Oct', 4, 2022, 202210, 4, 2, 2023, 'Not Month End', '2021-10-23')"
20221024,10/24/2022,1,24,1393,Monday,Mon,Weekday,44,203,10/24/2022,20221024,10,46,October,Oct,4,2022,202210,4,2,2023,Not Month End,10/24/2021,,"insert into Date_Dimension values(20221024, '2022-10-24',1, 24, 1393, 'Monday', 'Mon', 'Weekday', 44, 203, '2022-10-24', 20221024, 10, 46, 'October', 'Oct', 4, 2022, 202210, 4, 2, 2023, 'Not Month End', '2021-10-24')"
20221025,10/25/2022,2,25,1394,Tuesday,Tue,Weekday,44,203,10/24/2022,20221024,10,46,October,Oct,4,2022,202210,4,2,2023,Not Month End,10/25/2021,,"insert into Date_Dimension values(20221025, '2022-10-25',2, 25, 1394, 'Tuesday', 'Tue', 'Weekday', 44, 203, '2022-10-24', 20221024, 10, 46, 'October', 'Oct', 4, 2022, 202210, 4, 2, 2023, 'Not Month End', '2021-10-25')"
20221026,10/26/2022,3,26,1395,Wednesday,Wed,Weekday,44,203,10/24/2022,20221024,10,46,October,Oct,4,2022,202210,4,2,2023,Not Month End,10/26/2021,,"insert into Date_Dimension values(20221026, '2022-10-26',3, 26, 1395, 'Wednesday', 'Wed', 'Weekday', 44, 203, '2022-10-24', 20221024, 10, 46, 'October', 'Oct', 4, 2022, 202210, 4, 2, 2023, 'Not Month End', '2021-10-26')"
20221027,10/27/2022,4,27,1396,Thursday,Thu,Weekday,44,203,10/24/2022,20221024,10,46,October,Oct,4,2022,202210,4,2,2023,Not Month End,10/27/2021,,"insert into Date_Dimension values(20221027, '2022-10-27',4, 27, 1396, 'Thursday', 'Thu', 'Weekday', 44, 203, '2022-10-24', 20221024, 10, 46, 'October', 'Oct', 4, 2022, 202210, 4, 2, 2023, 'Not Month End', '2021-10-27')"
20221028,10/28/2022,5,28,1397,Friday,Fri,Weekday,44,203,10/24/2022,20221024,10,46,October,Oct,4,2022,202210,4,2,2023,Not Month End,10/28/2021,,"insert into Date_Dimension values(20221028, '2022-10-28',5, 28, 1397, 'Friday', 'Fri', 'Weekday', 44, 203, '2022-10-24', 20221024, 10, 46, 'October', 'Oct', 4, 2022, 202210, 4, 2, 2023, 'Not Month End', '2021-10-28')"
20221029,10/29/2022,6,29,1398,Saturday,Sat,Weekend,44,203,10/24/2022,20221024,10,46,October,Oct,4,2022,202210,4,2,2023,Not Month End,10/29/2021,,"insert into Date_Dimension values(20221029, '2022-10-29',6, 29, 1398, 'Saturday', 'Sat', 'Weekend', 44, 203, '2022-10-24', 20221024, 10, 46, 'October', 'Oct', 4, 2022, 202210, 4, 2, 2023, 'Not Month End', '2021-10-29')"
20221030,10/30/2022,7,30,1399,Sunday,Sun,Weekend,44,203,10/24/2022,20221024,10,46,October,Oct,4,2022,202210,4,2,2023,Not Month End,10/30/2021,,"insert into Date_Dimension values(20221030, '2022-10-30',7, 30, 1399, 'Sunday', 'Sun', 'Weekend', 44, 203, '2022-10-24', 20221024, 10, 46, 'October', 'Oct', 4, 2022, 202210, 4, 2, 2023, 'Not Month End', '2021-10-30')"
20221031,10/31/2022,1,31,1400,Monday,Mon,Weekday,45,204,10/31/2022,20221031,10,46,October,Oct,4,2022,202210,4,2,2023,Month End,10/31/2021,,"insert into Date_Dimension values(20221031, '2022-10-31',1, 31, 1400, 'Monday', 'Mon', 'Weekday', 45, 204, '2022-10-31', 20221031, 10, 46, 'October', 'Oct', 4, 2022, 202210, 4, 2, 2023, 'Month End', '2021-10-31')"
20221101,11/1/2022,2,1,1401,Tuesday,Tue,Weekday,45,204,10/31/2022,20221031,11,47,November,Nov,4,2022,202211,5,2,2023,Not Month End,11/1/2021,,"insert into Date_Dimension values(20221101, '2022-11-1',2, 1, 1401, 'Tuesday', 'Tue', 'Weekday', 45, 204, '2022-10-31', 20221031, 11, 47, 'November', 'Nov', 4, 2022, 202211, 5, 2, 2023, 'Not Month End', '2021-11-1')"
20221102,11/2/2022,3,2,1402,Wednesday,Wed,Weekday,45,204,10/31/2022,20221031,11,47,November,Nov,4,2022,202211,5,2,2023,Not Month End,11/2/2021,,"insert into Date_Dimension values(20221102, '2022-11-2',3, 2, 1402, 'Wednesday', 'Wed', 'Weekday', 45, 204, '2022-10-31', 20221031, 11, 47, 'November', 'Nov', 4, 2022, 202211, 5, 2, 2023, 'Not Month End', '2021-11-2')"
20221103,11/3/2022,4,3,1403,Thursday,Thu,Weekday,45,204,10/31/2022,20221031,11,47,November,Nov,4,2022,202211,5,2,2023,Not Month End,11/3/2021,,"insert into Date_Dimension values(20221103, '2022-11-3',4, 3, 1403, 'Thursday', 'Thu', 'Weekday', 45, 204, '2022-10-31', 20221031, 11, 47, 'November', 'Nov', 4, 2022, 202211, 5, 2, 2023, 'Not Month End', '2021-11-3')"
20221104,11/4/2022,5,4,1404,Friday,Fri,Weekday,45,204,10/31/2022,20221031,11,47,November,Nov,4,2022,202211,5,2,2023,Not Month End,11/4/2021,,"insert into Date_Dimension values(20221104, '2022-11-4',5, 4, 1404, 'Friday', 'Fri', 'Weekday', 45, 204, '2022-10-31', 20221031, 11, 47, 'November', 'Nov', 4, 2022, 202211, 5, 2, 2023, 'Not Month End', '2021-11-4')"
20221105,11/5/2022,6,5,1405,Saturday,Sat,Weekend,45,204,10/31/2022,20221031,11,47,November,Nov,4,2022,202211,5,2,2023,Not Month End,11/5/2021,,"insert into Date_Dimension values(20221105, '2022-11-5',6, 5, 1405, 'Saturday', 'Sat', 'Weekend', 45, 204, '2022-10-31', 20221031, 11, 47, 'November', 'Nov', 4, 2022, 202211, 5, 2, 2023, 'Not Month End', '2021-11-5')"
20221106,11/6/2022,7,6,1406,Sunday,Sun,Weekend,45,204,10/31/2022,20221031,11,47,November,Nov,4,2022,202211,5,2,2023,Not Month End,11/6/2021,,"insert into Date_Dimension values(20221106, '2022-11-6',7, 6, 1406, 'Sunday', 'Sun', 'Weekend', 45, 204, '2022-10-31', 20221031, 11, 47, 'November', 'Nov', 4, 2022, 202211, 5, 2, 2023, 'Not Month End', '2021-11-6')"
20221107,11/7/2022,1,7,1407,Monday,Mon,Weekday,46,205,11/7/2022,20221107,11,47,November,Nov,4,2022,202211,5,2,2023,Not Month End,11/7/2021,,"insert into Date_Dimension values(20221107, '2022-11-7',1, 7, 1407, 'Monday', 'Mon', 'Weekday', 46, 205, '2022-11-7', 20221107, 11, 47, 'November', 'Nov', 4, 2022, 202211, 5, 2, 2023, 'Not Month End', '2021-11-7')"
20221108,11/8/2022,2,8,1408,Tuesday,Tue,Weekday,46,205,11/7/2022,20221107,11,47,November,Nov,4,2022,202211,5,2,2023,Not Month End,11/8/2021,,"insert into Date_Dimension values(20221108, '2022-11-8',2, 8, 1408, 'Tuesday', 'Tue', 'Weekday', 46, 205, '2022-11-7', 20221107, 11, 47, 'November', 'Nov', 4, 2022, 202211, 5, 2, 2023, 'Not Month End', '2021-11-8')"
20221109,11/9/2022,3,9,1409,Wednesday,Wed,Weekday,46,205,11/7/2022,20221107,11,47,November,Nov,4,2022,202211,5,2,2023,Not Month End,11/9/2021,,"insert into Date_Dimension values(20221109, '2022-11-9',3, 9, 1409, 'Wednesday', 'Wed', 'Weekday', 46, 205, '2022-11-7', 20221107, 11, 47, 'November', 'Nov', 4, 2022, 202211, 5, 2, 2023, 'Not Month End', '2021-11-9')"
20221110,11/10/2022,4,10,1410,Thursday,Thu,Weekday,46,205,11/7/2022,20221107,11,47,November,Nov,4,2022,202211,5,2,2023,Not Month End,11/10/2021,,"insert into Date_Dimension values(20221110, '2022-11-10',4, 10, 1410, 'Thursday', 'Thu', 'Weekday', 46, 205, '2022-11-7', 20221107, 11, 47, 'November', 'Nov', 4, 2022, 202211, 5, 2, 2023, 'Not Month End', '2021-11-10')"
20221111,11/11/2022,5,11,1411,Friday,Fri,Weekday,46,205,11/7/2022,20221107,11,47,November,Nov,4,2022,202211,5,2,2023,Not Month End,11/11/2021,,"insert into Date_Dimension values(20221111, '2022-11-11',5, 11, 1411, 'Friday', 'Fri', 'Weekday', 46, 205, '2022-11-7', 20221107, 11, 47, 'November', 'Nov', 4, 2022, 202211, 5, 2, 2023, 'Not Month End', '2021-11-11')"
20221112,11/12/2022,6,12,1412,Saturday,Sat,Weekend,46,205,11/7/2022,20221107,11,47,November,Nov,4,2022,202211,5,2,2023,Not Month End,11/12/2021,,"insert into Date_Dimension values(20221112, '2022-11-12',6, 12, 1412, 'Saturday', 'Sat', 'Weekend', 46, 205, '2022-11-7', 20221107, 11, 47, 'November', 'Nov', 4, 2022, 202211, 5, 2, 2023, 'Not Month End', '2021-11-12')"
20221113,11/13/2022,7,13,1413,Sunday,Sun,Weekend,46,205,11/7/2022,20221107,11,47,November,Nov,4,2022,202211,5,2,2023,Not Month End,11/13/2021,,"insert into Date_Dimension values(20221113, '2022-11-13',7, 13, 1413, 'Sunday', 'Sun', 'Weekend', 46, 205, '2022-11-7', 20221107, 11, 47, 'November', 'Nov', 4, 2022, 202211, 5, 2, 2023, 'Not Month End', '2021-11-13')"
20221114,11/14/2022,1,14,1414,Monday,Mon,Weekday,47,206,11/14/2022,20221114,11,47,November,Nov,4,2022,202211,5,2,2023,Not Month End,11/14/2021,,"insert into Date_Dimension values(20221114, '2022-11-14',1, 14, 1414, 'Monday', 'Mon', 'Weekday', 47, 206, '2022-11-14', 20221114, 11, 47, 'November', 'Nov', 4, 2022, 202211, 5, 2, 2023, 'Not Month End', '2021-11-14')"
20221115,11/15/2022,2,15,1415,Tuesday,Tue,Weekday,47,206,11/14/2022,20221114,11,47,November,Nov,4,2022,202211,5,2,2023,Not Month End,11/15/2021,,"insert into Date_Dimension values(20221115, '2022-11-15',2, 15, 1415, 'Tuesday', 'Tue', 'Weekday', 47, 206, '2022-11-14', 20221114, 11, 47, 'November', 'Nov', 4, 2022, 202211, 5, 2, 2023, 'Not Month End', '2021-11-15')"
20221116,11/16/2022,3,16,1416,Wednesday,Wed,Weekday,47,206,11/14/2022,20221114,11,47,November,Nov,4,2022,202211,5,2,2023,Not Month End,11/16/2021,,"insert into Date_Dimension values(20221116, '2022-11-16',3, 16, 1416, 'Wednesday', 'Wed', 'Weekday', 47, 206, '2022-11-14', 20221114, 11, 47, 'November', 'Nov', 4, 2022, 202211, 5, 2, 2023, 'Not Month End', '2021-11-16')"
20221117,11/17/2022,4,17,1417,Thursday,Thu,Weekday,47,206,11/14/2022,20221114,11,47,November,Nov,4,2022,202211,5,2,2023,Not Month End,11/17/2021,,"insert into Date_Dimension values(20221117, '2022-11-17',4, 17, 1417, 'Thursday', 'Thu', 'Weekday', 47, 206, '2022-11-14', 20221114, 11, 47, 'November', 'Nov', 4, 2022, 202211, 5, 2, 2023, 'Not Month End', '2021-11-17')"
20221118,11/18/2022,5,18,1418,Friday,Fri,Weekday,47,206,11/14/2022,20221114,11,47,November,Nov,4,2022,202211,5,2,2023,Not Month End,11/18/2021,,"insert into Date_Dimension values(20221118, '2022-11-18',5, 18, 1418, 'Friday', 'Fri', 'Weekday', 47, 206, '2022-11-14', 20221114, 11, 47, 'November', 'Nov', 4, 2022, 202211, 5, 2, 2023, 'Not Month End', '2021-11-18')"
20221119,11/19/2022,6,19,1419,Saturday,Sat,Weekend,47,206,11/14/2022,20221114,11,47,November,Nov,4,2022,202211,5,2,2023,Not Month End,11/19/2021,,"insert into Date_Dimension values(20221119, '2022-11-19',6, 19, 1419, 'Saturday', 'Sat', 'Weekend', 47, 206, '2022-11-14', 20221114, 11, 47, 'November', 'Nov', 4, 2022, 202211, 5, 2, 2023, 'Not Month End', '2021-11-19')"
20221120,11/20/2022,7,20,1420,Sunday,Sun,Weekend,47,206,11/14/2022,20221114,11,47,November,Nov,4,2022,202211,5,2,2023,Not Month End,11/20/2021,,"insert into Date_Dimension values(20221120, '2022-11-20',7, 20, 1420, 'Sunday', 'Sun', 'Weekend', 47, 206, '2022-11-14', 20221114, 11, 47, 'November', 'Nov', 4, 2022, 202211, 5, 2, 2023, 'Not Month End', '2021-11-20')"
20221121,11/21/2022,1,21,1421,Monday,Mon,Weekday,48,207,11/21/2022,20221121,11,47,November,Nov,4,2022,202211,5,2,2023,Not Month End,11/21/2021,,"insert into Date_Dimension values(20221121, '2022-11-21',1, 21, 1421, 'Monday', 'Mon', 'Weekday', 48, 207, '2022-11-21', 20221121, 11, 47, 'November', 'Nov', 4, 2022, 202211, 5, 2, 2023, 'Not Month End', '2021-11-21')"
20221122,11/22/2022,2,22,1422,Tuesday,Tue,Weekday,48,207,11/21/2022,20221121,11,47,November,Nov,4,2022,202211,5,2,2023,Not Month End,11/22/2021,,"insert into Date_Dimension values(20221122, '2022-11-22',2, 22, 1422, 'Tuesday', 'Tue', 'Weekday', 48, 207, '2022-11-21', 20221121, 11, 47, 'November', 'Nov', 4, 2022, 202211, 5, 2, 2023, 'Not Month End', '2021-11-22')"
20221123,11/23/2022,3,23,1423,Wednesday,Wed,Weekday,48,207,11/21/2022,20221121,11,47,November,Nov,4,2022,202211,5,2,2023,Not Month End,11/23/2021,,"insert into Date_Dimension values(20221123, '2022-11-23',3, 23, 1423, 'Wednesday', 'Wed', 'Weekday', 48, 207, '2022-11-21', 20221121, 11, 47, 'November', 'Nov', 4, 2022, 202211, 5, 2, 2023, 'Not Month End', '2021-11-23')"
20221124,11/24/2022,4,24,1424,Thursday,Thu,Weekday,48,207,11/21/2022,20221121,11,47,November,Nov,4,2022,202211,5,2,2023,Not Month End,11/24/2021,,"insert into Date_Dimension values(20221124, '2022-11-24',4, 24, 1424, 'Thursday', 'Thu', 'Weekday', 48, 207, '2022-11-21', 20221121, 11, 47, 'November', 'Nov', 4, 2022, 202211, 5, 2, 2023, 'Not Month End', '2021-11-24')"
20221125,11/25/2022,5,25,1425,Friday,Fri,Weekday,48,207,11/21/2022,20221121,11,47,November,Nov,4,2022,202211,5,2,2023,Not Month End,11/25/2021,,"insert into Date_Dimension values(20221125, '2022-11-25',5, 25, 1425, 'Friday', 'Fri', 'Weekday', 48, 207, '2022-11-21', 20221121, 11, 47, 'November', 'Nov', 4, 2022, 202211, 5, 2, 2023, 'Not Month End', '2021-11-25')"
20221126,11/26/2022,6,26,1426,Saturday,Sat,Weekend,48,207,11/21/2022,20221121,11,47,November,Nov,4,2022,202211,5,2,2023,Not Month End,11/26/2021,,"insert into Date_Dimension values(20221126, '2022-11-26',6, 26, 1426, 'Saturday', 'Sat', 'Weekend', 48, 207, '2022-11-21', 20221121, 11, 47, 'November', 'Nov', 4, 2022, 202211, 5, 2, 2023, 'Not Month End', '2021-11-26')"
20221127,11/27/2022,7,27,1427,Sunday,Sun,Weekend,48,207,11/21/2022,20221121,11,47,November,Nov,4,2022,202211,5,2,2023,Not Month End,11/27/2021,,"insert into Date_Dimension values(20221127, '2022-11-27',7, 27, 1427, 'Sunday', 'Sun', 'Weekend', 48, 207, '2022-11-21', 20221121, 11, 47, 'November', 'Nov', 4, 2022, 202211, 5, 2, 2023, 'Not Month End', '2021-11-27')"
20221128,11/28/2022,1,28,1428,Monday,Mon,Weekday,49,208,11/28/2022,20221128,11,47,November,Nov,4,2022,202211,5,2,2023,Not Month End,11/28/2021,,"insert into Date_Dimension values(20221128, '2022-11-28',1, 28, 1428, 'Monday', 'Mon', 'Weekday', 49, 208, '2022-11-28', 20221128, 11, 47, 'November', 'Nov', 4, 2022, 202211, 5, 2, 2023, 'Not Month End', '2021-11-28')"
20221129,11/29/2022,2,29,1429,Tuesday,Tue,Weekday,49,208,11/28/2022,20221128,11,47,November,Nov,4,2022,202211,5,2,2023,Not Month End,11/29/2021,,"insert into Date_Dimension values(20221129, '2022-11-29',2, 29, 1429, 'Tuesday', 'Tue', 'Weekday', 49, 208, '2022-11-28', 20221128, 11, 47, 'November', 'Nov', 4, 2022, 202211, 5, 2, 2023, 'Not Month End', '2021-11-29')"
20221130,11/30/2022,3,30,1430,Wednesday,Wed,Weekday,49,208,11/28/2022,20221128,11,47,November,Nov,4,2022,202211,5,2,2023,Month End,11/30/2021,,"insert into Date_Dimension values(20221130, '2022-11-30',3, 30, 1430, 'Wednesday', 'Wed', 'Weekday', 49, 208, '2022-11-28', 20221128, 11, 47, 'November', 'Nov', 4, 2022, 202211, 5, 2, 2023, 'Month End', '2021-11-30')"
20221201,12/1/2022,4,1,1431,Thursday,Thu,Weekday,49,208,11/28/2022,20221128,12,48,December,Dec,4,2022,202212,6,2,2023,Not Month End,12/1/2021,,"insert into Date_Dimension values(20221201, '2022-12-1',4, 1, 1431, 'Thursday', 'Thu', 'Weekday', 49, 208, '2022-11-28', 20221128, 12, 48, 'December', 'Dec', 4, 2022, 202212, 6, 2, 2023, 'Not Month End', '2021-12-1')"
20221202,12/2/2022,5,2,1432,Friday,Fri,Weekday,49,208,11/28/2022,20221128,12,48,December,Dec,4,2022,202212,6,2,2023,Not Month End,12/2/2021,,"insert into Date_Dimension values(20221202, '2022-12-2',5, 2, 1432, 'Friday', 'Fri', 'Weekday', 49, 208, '2022-11-28', 20221128, 12, 48, 'December', 'Dec', 4, 2022, 202212, 6, 2, 2023, 'Not Month End', '2021-12-2')"
20221203,12/3/2022,6,3,1433,Saturday,Sat,Weekend,49,208,11/28/2022,20221128,12,48,December,Dec,4,2022,202212,6,2,2023,Not Month End,12/3/2021,,"insert into Date_Dimension values(20221203, '2022-12-3',6, 3, 1433, 'Saturday', 'Sat', 'Weekend', 49, 208, '2022-11-28', 20221128, 12, 48, 'December', 'Dec', 4, 2022, 202212, 6, 2, 2023, 'Not Month End', '2021-12-3')"
20221204,12/4/2022,7,4,1434,Sunday,Sun,Weekend,49,208,11/28/2022,20221128,12,48,December,Dec,4,2022,202212,6,2,2023,Not Month End,12/4/2021,,"insert into Date_Dimension values(20221204, '2022-12-4',7, 4, 1434, 'Sunday', 'Sun', 'Weekend', 49, 208, '2022-11-28', 20221128, 12, 48, 'December', 'Dec', 4, 2022, 202212, 6, 2, 2023, 'Not Month End', '2021-12-4')"
20221205,12/5/2022,1,5,1435,Monday,Mon,Weekday,50,209,12/5/2022,20221205,12,48,December,Dec,4,2022,202212,6,2,2023,Not Month End,12/5/2021,,"insert into Date_Dimension values(20221205, '2022-12-5',1, 5, 1435, 'Monday', 'Mon', 'Weekday', 50, 209, '2022-12-5', 20221205, 12, 48, 'December', 'Dec', 4, 2022, 202212, 6, 2, 2023, 'Not Month End', '2021-12-5')"
20221206,12/6/2022,2,6,1436,Tuesday,Tue,Weekday,50,209,12/5/2022,20221205,12,48,December,Dec,4,2022,202212,6,2,2023,Not Month End,12/6/2021,,"insert into Date_Dimension values(20221206, '2022-12-6',2, 6, 1436, 'Tuesday', 'Tue', 'Weekday', 50, 209, '2022-12-5', 20221205, 12, 48, 'December', 'Dec', 4, 2022, 202212, 6, 2, 2023, 'Not Month End', '2021-12-6')"
20221207,12/7/2022,3,7,1437,Wednesday,Wed,Weekday,50,209,12/5/2022,20221205,12,48,December,Dec,4,2022,202212,6,2,2023,Not Month End,12/7/2021,,"insert into Date_Dimension values(20221207, '2022-12-7',3, 7, 1437, 'Wednesday', 'Wed', 'Weekday', 50, 209, '2022-12-5', 20221205, 12, 48, 'December', 'Dec', 4, 2022, 202212, 6, 2, 2023, 'Not Month End', '2021-12-7')"
20221208,12/8/2022,4,8,1438,Thursday,Thu,Weekday,50,209,12/5/2022,20221205,12,48,December,Dec,4,2022,202212,6,2,2023,Not Month End,12/8/2021,,"insert into Date_Dimension values(20221208, '2022-12-8',4, 8, 1438, 'Thursday', 'Thu', 'Weekday', 50, 209, '2022-12-5', 20221205, 12, 48, 'December', 'Dec', 4, 2022, 202212, 6, 2, 2023, 'Not Month End', '2021-12-8')"
20221209,12/9/2022,5,9,1439,Friday,Fri,Weekday,50,209,12/5/2022,20221205,12,48,December,Dec,4,2022,202212,6,2,2023,Not Month End,12/9/2021,,"insert into Date_Dimension values(20221209, '2022-12-9',5, 9, 1439, 'Friday', 'Fri', 'Weekday', 50, 209, '2022-12-5', 20221205, 12, 48, 'December', 'Dec', 4, 2022, 202212, 6, 2, 2023, 'Not Month End', '2021-12-9')"
20221210,12/10/2022,6,10,1440,Saturday,Sat,Weekend,50,209,12/5/2022,20221205,12,48,December,Dec,4,2022,202212,6,2,2023,Not Month End,12/10/2021,,"insert into Date_Dimension values(20221210, '2022-12-10',6, 10, 1440, 'Saturday', 'Sat', 'Weekend', 50, 209, '2022-12-5', 20221205, 12, 48, 'December', 'Dec', 4, 2022, 202212, 6, 2, 2023, 'Not Month End', '2021-12-10')"
20221211,12/11/2022,7,11,1441,Sunday,Sun,Weekend,50,209,12/5/2022,20221205,12,48,December,Dec,4,2022,202212,6,2,2023,Not Month End,12/11/2021,,"insert into Date_Dimension values(20221211, '2022-12-11',7, 11, 1441, 'Sunday', 'Sun', 'Weekend', 50, 209, '2022-12-5', 20221205, 12, 48, 'December', 'Dec', 4, 2022, 202212, 6, 2, 2023, 'Not Month End', '2021-12-11')"
20221212,12/12/2022,1,12,1442,Monday,Mon,Weekday,51,210,12/12/2022,20221212,12,48,December,Dec,4,2022,202212,6,2,2023,Not Month End,12/12/2021,,"insert into Date_Dimension values(20221212, '2022-12-12',1, 12, 1442, 'Monday', 'Mon', 'Weekday', 51, 210, '2022-12-12', 20221212, 12, 48, 'December', 'Dec', 4, 2022, 202212, 6, 2, 2023, 'Not Month End', '2021-12-12')"
20221213,12/13/2022,2,13,1443,Tuesday,Tue,Weekday,51,210,12/12/2022,20221212,12,48,December,Dec,4,2022,202212,6,2,2023,Not Month End,12/13/2021,,"insert into Date_Dimension values(20221213, '2022-12-13',2, 13, 1443, 'Tuesday', 'Tue', 'Weekday', 51, 210, '2022-12-12', 20221212, 12, 48, 'December', 'Dec', 4, 2022, 202212, 6, 2, 2023, 'Not Month End', '2021-12-13')"
20221214,12/14/2022,3,14,1444,Wednesday,Wed,Weekday,51,210,12/12/2022,20221212,12,48,December,Dec,4,2022,202212,6,2,2023,Not Month End,12/14/2021,,"insert into Date_Dimension values(20221214, '2022-12-14',3, 14, 1444, 'Wednesday', 'Wed', 'Weekday', 51, 210, '2022-12-12', 20221212, 12, 48, 'December', 'Dec', 4, 2022, 202212, 6, 2, 2023, 'Not Month End', '2021-12-14')"
20221215,12/15/2022,4,15,1445,Thursday,Thu,Weekday,51,210,12/12/2022,20221212,12,48,December,Dec,4,2022,202212,6,2,2023,Not Month End,12/15/2021,,"insert into Date_Dimension values(20221215, '2022-12-15',4, 15, 1445, 'Thursday', 'Thu', 'Weekday', 51, 210, '2022-12-12', 20221212, 12, 48, 'December', 'Dec', 4, 2022, 202212, 6, 2, 2023, 'Not Month End', '2021-12-15')"
20221216,12/16/2022,5,16,1446,Friday,Fri,Weekday,51,210,12/12/2022,20221212,12,48,December,Dec,4,2022,202212,6,2,2023,Not Month End,12/16/2021,,"insert into Date_Dimension values(20221216, '2022-12-16',5, 16, 1446, 'Friday', 'Fri', 'Weekday', 51, 210, '2022-12-12', 20221212, 12, 48, 'December', 'Dec', 4, 2022, 202212, 6, 2, 2023, 'Not Month End', '2021-12-16')"
20221217,12/17/2022,6,17,1447,Saturday,Sat,Weekend,51,210,12/12/2022,20221212,12,48,December,Dec,4,2022,202212,6,2,2023,Not Month End,12/17/2021,,"insert into Date_Dimension values(20221217, '2022-12-17',6, 17, 1447, 'Saturday', 'Sat', 'Weekend', 51, 210, '2022-12-12', 20221212, 12, 48, 'December', 'Dec', 4, 2022, 202212, 6, 2, 2023, 'Not Month End', '2021-12-17')"
20221218,12/18/2022,7,18,1448,Sunday,Sun,Weekend,51,210,12/12/2022,20221212,12,48,December,Dec,4,2022,202212,6,2,2023,Not Month End,12/18/2021,,"insert into Date_Dimension values(20221218, '2022-12-18',7, 18, 1448, 'Sunday', 'Sun', 'Weekend', 51, 210, '2022-12-12', 20221212, 12, 48, 'December', 'Dec', 4, 2022, 202212, 6, 2, 2023, 'Not Month End', '2021-12-18')"
20221219,12/19/2022,1,19,1449,Monday,Mon,Weekday,52,211,12/19/2022,20221219,12,48,December,Dec,4,2022,202212,6,2,2023,Not Month End,12/19/2021,,"insert into Date_Dimension values(20221219, '2022-12-19',1, 19, 1449, 'Monday', 'Mon', 'Weekday', 52, 211, '2022-12-19', 20221219, 12, 48, 'December', 'Dec', 4, 2022, 202212, 6, 2, 2023, 'Not Month End', '2021-12-19')"
20221220,12/20/2022,2,20,1450,Tuesday,Tue,Weekday,52,211,12/19/2022,20221219,12,48,December,Dec,4,2022,202212,6,2,2023,Not Month End,12/20/2021,,"insert into Date_Dimension values(20221220, '2022-12-20',2, 20, 1450, 'Tuesday', 'Tue', 'Weekday', 52, 211, '2022-12-19', 20221219, 12, 48, 'December', 'Dec', 4, 2022, 202212, 6, 2, 2023, 'Not Month End', '2021-12-20')"
20221221,12/21/2022,3,21,1451,Wednesday,Wed,Weekday,52,211,12/19/2022,20221219,12,48,December,Dec,4,2022,202212,6,2,2023,Not Month End,12/21/2021,,"insert into Date_Dimension values(20221221, '2022-12-21',3, 21, 1451, 'Wednesday', 'Wed', 'Weekday', 52, 211, '2022-12-19', 20221219, 12, 48, 'December', 'Dec', 4, 2022, 202212, 6, 2, 2023, 'Not Month End', '2021-12-21')"
20221222,12/22/2022,4,22,1452,Thursday,Thu,Weekday,52,211,12/19/2022,20221219,12,48,December,Dec,4,2022,202212,6,2,2023,Not Month End,12/22/2021,,"insert into Date_Dimension values(20221222, '2022-12-22',4, 22, 1452, 'Thursday', 'Thu', 'Weekday', 52, 211, '2022-12-19', 20221219, 12, 48, 'December', 'Dec', 4, 2022, 202212, 6, 2, 2023, 'Not Month End', '2021-12-22')"
20221223,12/23/2022,5,23,1453,Friday,Fri,Weekday,52,211,12/19/2022,20221219,12,48,December,Dec,4,2022,202212,6,2,2023,Not Month End,12/23/2021,,"insert into Date_Dimension values(20221223, '2022-12-23',5, 23, 1453, 'Friday', 'Fri', 'Weekday', 52, 211, '2022-12-19', 20221219, 12, 48, 'December', 'Dec', 4, 2022, 202212, 6, 2, 2023, 'Not Month End', '2021-12-23')"
20221224,12/24/2022,6,24,1454,Saturday,Sat,Weekend,52,211,12/19/2022,20221219,12,48,December,Dec,4,2022,202212,6,2,2023,Not Month End,12/24/2021,,"insert into Date_Dimension values(20221224, '2022-12-24',6, 24, 1454, 'Saturday', 'Sat', 'Weekend', 52, 211, '2022-12-19', 20221219, 12, 48, 'December', 'Dec', 4, 2022, 202212, 6, 2, 2023, 'Not Month End', '2021-12-24')"
20221225,12/25/2022,7,25,1455,Sunday,Sun,Weekend,52,211,12/19/2022,20221219,12,48,December,Dec,4,2022,202212,6,2,2023,Not Month End,12/25/2021,,"insert into Date_Dimension values(20221225, '2022-12-25',7, 25, 1455, 'Sunday', 'Sun', 'Weekend', 52, 211, '2022-12-19', 20221219, 12, 48, 'December', 'Dec', 4, 2022, 202212, 6, 2, 2023, 'Not Month End', '2021-12-25')"
20221226,12/26/2022,1,26,1456,Monday,Mon,Weekday,53,212,12/26/2022,20221226,12,48,December,Dec,4,2022,202212,6,2,2023,Not Month End,12/26/2021,,"insert into Date_Dimension values(20221226, '2022-12-26',1, 26, 1456, 'Monday', 'Mon', 'Weekday', 53, 212, '2022-12-26', 20221226, 12, 48, 'December', 'Dec', 4, 2022, 202212, 6, 2, 2023, 'Not Month End', '2021-12-26')"
20221227,12/27/2022,2,27,1457,Tuesday,Tue,Weekday,53,212,12/26/2022,20221226,12,48,December,Dec,4,2022,202212,6,2,2023,Not Month End,12/27/2021,,"insert into Date_Dimension values(20221227, '2022-12-27',2, 27, 1457, 'Tuesday', 'Tue', 'Weekday', 53, 212, '2022-12-26', 20221226, 12, 48, 'December', 'Dec', 4, 2022, 202212, 6, 2, 2023, 'Not Month End', '2021-12-27')"
20221228,12/28/2022,3,28,1458,Wednesday,Wed,Weekday,53,212,12/26/2022,20221226,12,48,December,Dec,4,2022,202212,6,2,2023,Not Month End,12/28/2021,,"insert into Date_Dimension values(20221228, '2022-12-28',3, 28, 1458, 'Wednesday', 'Wed', 'Weekday', 53, 212, '2022-12-26', 20221226, 12, 48, 'December', 'Dec', 4, 2022, 202212, 6, 2, 2023, 'Not Month End', '2021-12-28')"
20221229,12/29/2022,4,29,1459,Thursday,Thu,Weekday,53,212,12/26/2022,20221226,12,48,December,Dec,4,2022,202212,6,2,2023,Not Month End,12/29/2021,,"insert into Date_Dimension values(20221229, '2022-12-29',4, 29, 1459, 'Thursday', 'Thu', 'Weekday', 53, 212, '2022-12-26', 20221226, 12, 48, 'December', 'Dec', 4, 2022, 202212, 6, 2, 2023, 'Not Month End', '2021-12-29')"
20221230,12/30/2022,5,30,1460,Friday,Fri,Weekday,53,212,12/26/2022,20221226,12,48,December,Dec,4,2022,202212,6,2,2023,Not Month End,12/30/2021,,"insert into Date_Dimension values(20221230, '2022-12-30',5, 30, 1460, 'Friday', 'Fri', 'Weekday', 53, 212, '2022-12-26', 20221226, 12, 48, 'December', 'Dec', 4, 2022, 202212, 6, 2, 2023, 'Not Month End', '2021-12-30')"
20221231,12/31/2022,6,31,1461,Saturday,Sat,Weekend,53,212,12/26/2022,20221226,12,48,December,Dec,4,2022,202212,6,2,2023,Month End,12/31/2021,,"insert into Date_Dimension values(20221231, '2022-12-31',6, 31, 1461, 'Saturday', 'Sat', 'Weekend', 53, 212, '2022-12-26', 20221226, 12, 48, 'December', 'Dec', 4, 2022, 202212, 6, 2, 2023, 'Month End', '2021-12-31')"
20230101,1/1/2023,7,1,1462,Sunday,Sun,Weekend,1,213,12/26/2022,20221226,1,49,January,Jan,1,2023,202301,7,3,2023,Not Month End,1/1/2022,,"insert into Date_Dimension values(20230101, '2023-1-1',7, 1, 1462, 'Sunday', 'Sun', 'Weekend', 1, 213, '2022-12-26', 20221226, 1, 49, 'January', 'Jan', 1, 2023, 202301, 7, 3, 2023, 'Not Month End', '2022-1-1')"
20230102,1/2/2023,1,2,1463,Monday,Mon,Weekday,2,214,1/2/2023,20230102,1,49,January,Jan,1,2023,202301,7,3,2023,Not Month End,1/2/2022,,"insert into Date_Dimension values(20230102, '2023-1-2',1, 2, 1463, 'Monday', 'Mon', 'Weekday', 2, 214, '2023-1-2', 20230102, 1, 49, 'January', 'Jan', 1, 2023, 202301, 7, 3, 2023, 'Not Month End', '2022-1-2')"
20230103,1/3/2023,2,3,1464,Tuesday,Tue,Weekday,2,214,1/2/2023,20230102,1,49,January,Jan,1,2023,202301,7,3,2023,Not Month End,1/3/2022,,"insert into Date_Dimension values(20230103, '2023-1-3',2, 3, 1464, 'Tuesday', 'Tue', 'Weekday', 2, 214, '2023-1-2', 20230102, 1, 49, 'January', 'Jan', 1, 2023, 202301, 7, 3, 2023, 'Not Month End', '2022-1-3')"
20230104,1/4/2023,3,4,1465,Wednesday,Wed,Weekday,2,214,1/2/2023,20230102,1,49,January,Jan,1,2023,202301,7,3,2023,Not Month End,1/4/2022,,"insert into Date_Dimension values(20230104, '2023-1-4',3, 4, 1465, 'Wednesday', 'Wed', 'Weekday', 2, 214, '2023-1-2', 20230102, 1, 49, 'January', 'Jan', 1, 2023, 202301, 7, 3, 2023, 'Not Month End', '2022-1-4')"
20230105,1/5/2023,4,5,1466,Thursday,Thu,Weekday,2,214,1/2/2023,20230102,1,49,January,Jan,1,2023,202301,7,3,2023,Not Month End,1/5/2022,,"insert into Date_Dimension values(20230105, '2023-1-5',4, 5, 1466, 'Thursday', 'Thu', 'Weekday', 2, 214, '2023-1-2', 20230102, 1, 49, 'January', 'Jan', 1, 2023, 202301, 7, 3, 2023, 'Not Month End', '2022-1-5')"
20230106,1/6/2023,5,6,1467,Friday,Fri,Weekday,2,214,1/2/2023,20230102,1,49,January,Jan,1,2023,202301,7,3,2023,Not Month End,1/6/2022,,"insert into Date_Dimension values(20230106, '2023-1-6',5, 6, 1467, 'Friday', 'Fri', 'Weekday', 2, 214, '2023-1-2', 20230102, 1, 49, 'January', 'Jan', 1, 2023, 202301, 7, 3, 2023, 'Not Month End', '2022-1-6')"
20230107,1/7/2023,6,7,1468,Saturday,Sat,Weekend,2,214,1/2/2023,20230102,1,49,January,Jan,1,2023,202301,7,3,2023,Not Month End,1/7/2022,,"insert into Date_Dimension values(20230107, '2023-1-7',6, 7, 1468, 'Saturday', 'Sat', 'Weekend', 2, 214, '2023-1-2', 20230102, 1, 49, 'January', 'Jan', 1, 2023, 202301, 7, 3, 2023, 'Not Month End', '2022-1-7')"
20230108,1/8/2023,7,8,1469,Sunday,Sun,Weekend,2,214,1/2/2023,20230102,1,49,January,Jan,1,2023,202301,7,3,2023,Not Month End,1/8/2022,,"insert into Date_Dimension values(20230108, '2023-1-8',7, 8, 1469, 'Sunday', 'Sun', 'Weekend', 2, 214, '2023-1-2', 20230102, 1, 49, 'January', 'Jan', 1, 2023, 202301, 7, 3, 2023, 'Not Month End', '2022-1-8')"
20230109,1/9/2023,1,9,1470,Monday,Mon,Weekday,3,215,1/9/2023,20230109,1,49,January,Jan,1,2023,202301,7,3,2023,Not Month End,1/9/2022,,"insert into Date_Dimension values(20230109, '2023-1-9',1, 9, 1470, 'Monday', 'Mon', 'Weekday', 3, 215, '2023-1-9', 20230109, 1, 49, 'January', 'Jan', 1, 2023, 202301, 7, 3, 2023, 'Not Month End', '2022-1-9')"
20230110,1/10/2023,2,10,1471,Tuesday,Tue,Weekday,3,215,1/9/2023,20230109,1,49,January,Jan,1,2023,202301,7,3,2023,Not Month End,1/10/2022,,"insert into Date_Dimension values(20230110, '2023-1-10',2, 10, 1471, 'Tuesday', 'Tue', 'Weekday', 3, 215, '2023-1-9', 20230109, 1, 49, 'January', 'Jan', 1, 2023, 202301, 7, 3, 2023, 'Not Month End', '2022-1-10')"
20230111,1/11/2023,3,11,1472,Wednesday,Wed,Weekday,3,215,1/9/2023,20230109,1,49,January,Jan,1,2023,202301,7,3,2023,Not Month End,1/11/2022,,"insert into Date_Dimension values(20230111, '2023-1-11',3, 11, 1472, 'Wednesday', 'Wed', 'Weekday', 3, 215, '2023-1-9', 20230109, 1, 49, 'January', 'Jan', 1, 2023, 202301, 7, 3, 2023, 'Not Month End', '2022-1-11')"
20230112,1/12/2023,4,12,1473,Thursday,Thu,Weekday,3,215,1/9/2023,20230109,1,49,January,Jan,1,2023,202301,7,3,2023,Not Month End,1/12/2022,,"insert into Date_Dimension values(20230112, '2023-1-12',4, 12, 1473, 'Thursday', 'Thu', 'Weekday', 3, 215, '2023-1-9', 20230109, 1, 49, 'January', 'Jan', 1, 2023, 202301, 7, 3, 2023, 'Not Month End', '2022-1-12')"
20230113,1/13/2023,5,13,1474,Friday,Fri,Weekday,3,215,1/9/2023,20230109,1,49,January,Jan,1,2023,202301,7,3,2023,Not Month End,1/13/2022,,"insert into Date_Dimension values(20230113, '2023-1-13',5, 13, 1474, 'Friday', 'Fri', 'Weekday', 3, 215, '2023-1-9', 20230109, 1, 49, 'January', 'Jan', 1, 2023, 202301, 7, 3, 2023, 'Not Month End', '2022-1-13')"
20230114,1/14/2023,6,14,1475,Saturday,Sat,Weekend,3,215,1/9/2023,20230109,1,49,January,Jan,1,2023,202301,7,3,2023,Not Month End,1/14/2022,,"insert into Date_Dimension values(20230114, '2023-1-14',6, 14, 1475, 'Saturday', 'Sat', 'Weekend', 3, 215, '2023-1-9', 20230109, 1, 49, 'January', 'Jan', 1, 2023, 202301, 7, 3, 2023, 'Not Month End', '2022-1-14')"
20230115,1/15/2023,7,15,1476,Sunday,Sun,Weekend,3,215,1/9/2023,20230109,1,49,January,Jan,1,2023,202301,7,3,2023,Not Month End,1/15/2022,,"insert into Date_Dimension values(20230115, '2023-1-15',7, 15, 1476, 'Sunday', 'Sun', 'Weekend', 3, 215, '2023-1-9', 20230109, 1, 49, 'January', 'Jan', 1, 2023, 202301, 7, 3, 2023, 'Not Month End', '2022-1-15')"
20230116,1/16/2023,1,16,1477,Monday,Mon,Weekday,4,216,1/16/2023,20230116,1,49,January,Jan,1,2023,202301,7,3,2023,Not Month End,1/16/2022,,"insert into Date_Dimension values(20230116, '2023-1-16',1, 16, 1477, 'Monday', 'Mon', 'Weekday', 4, 216, '2023-1-16', 20230116, 1, 49, 'January', 'Jan', 1, 2023, 202301, 7, 3, 2023, 'Not Month End', '2022-1-16')"
20230117,1/17/2023,2,17,1478,Tuesday,Tue,Weekday,4,216,1/16/2023,20230116,1,49,January,Jan,1,2023,202301,7,3,2023,Not Month End,1/17/2022,,"insert into Date_Dimension values(20230117, '2023-1-17',2, 17, 1478, 'Tuesday', 'Tue', 'Weekday', 4, 216, '2023-1-16', 20230116, 1, 49, 'January', 'Jan', 1, 2023, 202301, 7, 3, 2023, 'Not Month End', '2022-1-17')"
20230118,1/18/2023,3,18,1479,Wednesday,Wed,Weekday,4,216,1/16/2023,20230116,1,49,January,Jan,1,2023,202301,7,3,2023,Not Month End,1/18/2022,,"insert into Date_Dimension values(20230118, '2023-1-18',3, 18, 1479, 'Wednesday', 'Wed', 'Weekday', 4, 216, '2023-1-16', 20230116, 1, 49, 'January', 'Jan', 1, 2023, 202301, 7, 3, 2023, 'Not Month End', '2022-1-18')"
20230119,1/19/2023,4,19,1480,Thursday,Thu,Weekday,4,216,1/16/2023,20230116,1,49,January,Jan,1,2023,202301,7,3,2023,Not Month End,1/19/2022,,"insert into Date_Dimension values(20230119, '2023-1-19',4, 19, 1480, 'Thursday', 'Thu', 'Weekday', 4, 216, '2023-1-16', 20230116, 1, 49, 'January', 'Jan', 1, 2023, 202301, 7, 3, 2023, 'Not Month End', '2022-1-19')"
20230120,1/20/2023,5,20,1481,Friday,Fri,Weekday,4,216,1/16/2023,20230116,1,49,January,Jan,1,2023,202301,7,3,2023,Not Month End,1/20/2022,,"insert into Date_Dimension values(20230120, '2023-1-20',5, 20, 1481, 'Friday', 'Fri', 'Weekday', 4, 216, '2023-1-16', 20230116, 1, 49, 'January', 'Jan', 1, 2023, 202301, 7, 3, 2023, 'Not Month End', '2022-1-20')"
20230121,1/21/2023,6,21,1482,Saturday,Sat,Weekend,4,216,1/16/2023,20230116,1,49,January,Jan,1,2023,202301,7,3,2023,Not Month End,1/21/2022,,"insert into Date_Dimension values(20230121, '2023-1-21',6, 21, 1482, 'Saturday', 'Sat', 'Weekend', 4, 216, '2023-1-16', 20230116, 1, 49, 'January', 'Jan', 1, 2023, 202301, 7, 3, 2023, 'Not Month End', '2022-1-21')"
20230122,1/22/2023,7,22,1483,Sunday,Sun,Weekend,4,216,1/16/2023,20230116,1,49,January,Jan,1,2023,202301,7,3,2023,Not Month End,1/22/2022,,"insert into Date_Dimension values(20230122, '2023-1-22',7, 22, 1483, 'Sunday', 'Sun', 'Weekend', 4, 216, '2023-1-16', 20230116, 1, 49, 'January', 'Jan', 1, 2023, 202301, 7, 3, 2023, 'Not Month End', '2022-1-22')"
20230123,1/23/2023,1,23,1484,Monday,Mon,Weekday,5,217,1/23/2023,20230123,1,49,January,Jan,1,2023,202301,7,3,2023,Not Month End,1/23/2022,,"insert into Date_Dimension values(20230123, '2023-1-23',1, 23, 1484, 'Monday', 'Mon', 'Weekday', 5, 217, '2023-1-23', 20230123, 1, 49, 'January', 'Jan', 1, 2023, 202301, 7, 3, 2023, 'Not Month End', '2022-1-23')"
20230124,1/24/2023,2,24,1485,Tuesday,Tue,Weekday,5,217,1/23/2023,20230123,1,49,January,Jan,1,2023,202301,7,3,2023,Not Month End,1/24/2022,,"insert into Date_Dimension values(20230124, '2023-1-24',2, 24, 1485, 'Tuesday', 'Tue', 'Weekday', 5, 217, '2023-1-23', 20230123, 1, 49, 'January', 'Jan', 1, 2023, 202301, 7, 3, 2023, 'Not Month End', '2022-1-24')"
20230125,1/25/2023,3,25,1486,Wednesday,Wed,Weekday,5,217,1/23/2023,20230123,1,49,January,Jan,1,2023,202301,7,3,2023,Not Month End,1/25/2022,,"insert into Date_Dimension values(20230125, '2023-1-25',3, 25, 1486, 'Wednesday', 'Wed', 'Weekday', 5, 217, '2023-1-23', 20230123, 1, 49, 'January', 'Jan', 1, 2023, 202301, 7, 3, 2023, 'Not Month End', '2022-1-25')"
20230126,1/26/2023,4,26,1487,Thursday,Thu,Weekday,5,217,1/23/2023,20230123,1,49,January,Jan,1,2023,202301,7,3,2023,Not Month End,1/26/2022,,"insert into Date_Dimension values(20230126, '2023-1-26',4, 26, 1487, 'Thursday', 'Thu', 'Weekday', 5, 217, '2023-1-23', 20230123, 1, 49, 'January', 'Jan', 1, 2023, 202301, 7, 3, 2023, 'Not Month End', '2022-1-26')"
20230127,1/27/2023,5,27,1488,Friday,Fri,Weekday,5,217,1/23/2023,20230123,1,49,January,Jan,1,2023,202301,7,3,2023,Not Month End,1/27/2022,,"insert into Date_Dimension values(20230127, '2023-1-27',5, 27, 1488, 'Friday', 'Fri', 'Weekday', 5, 217, '2023-1-23', 20230123, 1, 49, 'January', 'Jan', 1, 2023, 202301, 7, 3, 2023, 'Not Month End', '2022-1-27')"
20230128,1/28/2023,6,28,1489,Saturday,Sat,Weekend,5,217,1/23/2023,20230123,1,49,January,Jan,1,2023,202301,7,3,2023,Not Month End,1/28/2022,,"insert into Date_Dimension values(20230128, '2023-1-28',6, 28, 1489, 'Saturday', 'Sat', 'Weekend', 5, 217, '2023-1-23', 20230123, 1, 49, 'January', 'Jan', 1, 2023, 202301, 7, 3, 2023, 'Not Month End', '2022-1-28')"
20230129,1/29/2023,7,29,1490,Sunday,Sun,Weekend,5,217,1/23/2023,20230123,1,49,January,Jan,1,2023,202301,7,3,2023,Not Month End,1/29/2022,,"insert into Date_Dimension values(20230129, '2023-1-29',7, 29, 1490, 'Sunday', 'Sun', 'Weekend', 5, 217, '2023-1-23', 20230123, 1, 49, 'January', 'Jan', 1, 2023, 202301, 7, 3, 2023, 'Not Month End', '2022-1-29')"
20230130,1/30/2023,1,30,1491,Monday,Mon,Weekday,6,218,1/30/2023,20230130,1,49,January,Jan,1,2023,202301,7,3,2023,Not Month End,1/30/2022,,"insert into Date_Dimension values(20230130, '2023-1-30',1, 30, 1491, 'Monday', 'Mon', 'Weekday', 6, 218, '2023-1-30', 20230130, 1, 49, 'January', 'Jan', 1, 2023, 202301, 7, 3, 2023, 'Not Month End', '2022-1-30')"
20230131,1/31/2023,2,31,1492,Tuesday,Tue,Weekday,6,218,1/30/2023,20230130,1,49,January,Jan,1,2023,202301,7,3,2023,Month End,1/31/2022,,"insert into Date_Dimension values(20230131, '2023-1-31',2, 31, 1492, 'Tuesday', 'Tue', 'Weekday', 6, 218, '2023-1-30', 20230130, 1, 49, 'January', 'Jan', 1, 2023, 202301, 7, 3, 2023, 'Month End', '2022-1-31')"
20230201,2/1/2023,3,1,1493,Wednesday,Wed,Weekday,6,218,1/30/2023,20230130,2,50,February,Feb,1,2023,202302,8,3,2023,Not Month End,2/1/2022,,"insert into Date_Dimension values(20230201, '2023-2-1',3, 1, 1493, 'Wednesday', 'Wed', 'Weekday', 6, 218, '2023-1-30', 20230130, 2, 50, 'February', 'Feb', 1, 2023, 202302, 8, 3, 2023, 'Not Month End', '2022-2-1')"
20230202,2/2/2023,4,2,1494,Thursday,Thu,Weekday,6,218,1/30/2023,20230130,2,50,February,Feb,1,2023,202302,8,3,2023,Not Month End,2/2/2022,,"insert into Date_Dimension values(20230202, '2023-2-2',4, 2, 1494, 'Thursday', 'Thu', 'Weekday', 6, 218, '2023-1-30', 20230130, 2, 50, 'February', 'Feb', 1, 2023, 202302, 8, 3, 2023, 'Not Month End', '2022-2-2')"
20230203,2/3/2023,5,3,1495,Friday,Fri,Weekday,6,218,1/30/2023,20230130,2,50,February,Feb,1,2023,202302,8,3,2023,Not Month End,2/3/2022,,"insert into Date_Dimension values(20230203, '2023-2-3',5, 3, 1495, 'Friday', 'Fri', 'Weekday', 6, 218, '2023-1-30', 20230130, 2, 50, 'February', 'Feb', 1, 2023, 202302, 8, 3, 2023, 'Not Month End', '2022-2-3')"
20230204,2/4/2023,6,4,1496,Saturday,Sat,Weekend,6,218,1/30/2023,20230130,2,50,February,Feb,1,2023,202302,8,3,2023,Not Month End,2/4/2022,,"insert into Date_Dimension values(20230204, '2023-2-4',6, 4, 1496, 'Saturday', 'Sat', 'Weekend', 6, 218, '2023-1-30', 20230130, 2, 50, 'February', 'Feb', 1, 2023, 202302, 8, 3, 2023, 'Not Month End', '2022-2-4')"
20230205,2/5/2023,7,5,1497,Sunday,Sun,Weekend,6,218,1/30/2023,20230130,2,50,February,Feb,1,2023,202302,8,3,2023,Not Month End,2/5/2022,,"insert into Date_Dimension values(20230205, '2023-2-5',7, 5, 1497, 'Sunday', 'Sun', 'Weekend', 6, 218, '2023-1-30', 20230130, 2, 50, 'February', 'Feb', 1, 2023, 202302, 8, 3, 2023, 'Not Month End', '2022-2-5')"
20230206,2/6/2023,1,6,1498,Monday,Mon,Weekday,7,219,2/6/2023,20230206,2,50,February,Feb,1,2023,202302,8,3,2023,Not Month End,2/6/2022,,"insert into Date_Dimension values(20230206, '2023-2-6',1, 6, 1498, 'Monday', 'Mon', 'Weekday', 7, 219, '2023-2-6', 20230206, 2, 50, 'February', 'Feb', 1, 2023, 202302, 8, 3, 2023, 'Not Month End', '2022-2-6')"
20230207,2/7/2023,2,7,1499,Tuesday,Tue,Weekday,7,219,2/6/2023,20230206,2,50,February,Feb,1,2023,202302,8,3,2023,Not Month End,2/7/2022,,"insert into Date_Dimension values(20230207, '2023-2-7',2, 7, 1499, 'Tuesday', 'Tue', 'Weekday', 7, 219, '2023-2-6', 20230206, 2, 50, 'February', 'Feb', 1, 2023, 202302, 8, 3, 2023, 'Not Month End', '2022-2-7')"
20230208,2/8/2023,3,8,1500,Wednesday,Wed,Weekday,7,219,2/6/2023,20230206,2,50,February,Feb,1,2023,202302,8,3,2023,Not Month End,2/8/2022,,"insert into Date_Dimension values(20230208, '2023-2-8',3, 8, 1500, 'Wednesday', 'Wed', 'Weekday', 7, 219, '2023-2-6', 20230206, 2, 50, 'February', 'Feb', 1, 2023, 202302, 8, 3, 2023, 'Not Month End', '2022-2-8')"
20230209,2/9/2023,4,9,1501,Thursday,Thu,Weekday,7,219,2/6/2023,20230206,2,50,February,Feb,1,2023,202302,8,3,2023,Not Month End,2/9/2022,,"insert into Date_Dimension values(20230209, '2023-2-9',4, 9, 1501, 'Thursday', 'Thu', 'Weekday', 7, 219, '2023-2-6', 20230206, 2, 50, 'February', 'Feb', 1, 2023, 202302, 8, 3, 2023, 'Not Month End', '2022-2-9')"
20230210,2/10/2023,5,10,1502,Friday,Fri,Weekday,7,219,2/6/2023,20230206,2,50,February,Feb,1,2023,202302,8,3,2023,Not Month End,2/10/2022,,"insert into Date_Dimension values(20230210, '2023-2-10',5, 10, 1502, 'Friday', 'Fri', 'Weekday', 7, 219, '2023-2-6', 20230206, 2, 50, 'February', 'Feb', 1, 2023, 202302, 8, 3, 2023, 'Not Month End', '2022-2-10')"
20230211,2/11/2023,6,11,1503,Saturday,Sat,Weekend,7,219,2/6/2023,20230206,2,50,February,Feb,1,2023,202302,8,3,2023,Not Month End,2/11/2022,,"insert into Date_Dimension values(20230211, '2023-2-11',6, 11, 1503, 'Saturday', 'Sat', 'Weekend', 7, 219, '2023-2-6', 20230206, 2, 50, 'February', 'Feb', 1, 2023, 202302, 8, 3, 2023, 'Not Month End', '2022-2-11')"
20230212,2/12/2023,7,12,1504,Sunday,Sun,Weekend,7,219,2/6/2023,20230206,2,50,February,Feb,1,2023,202302,8,3,2023,Not Month End,2/12/2022,,"insert into Date_Dimension values(20230212, '2023-2-12',7, 12, 1504, 'Sunday', 'Sun', 'Weekend', 7, 219, '2023-2-6', 20230206, 2, 50, 'February', 'Feb', 1, 2023, 202302, 8, 3, 2023, 'Not Month End', '2022-2-12')"
20230213,2/13/2023,1,13,1505,Monday,Mon,Weekday,8,220,2/13/2023,20230213,2,50,February,Feb,1,2023,202302,8,3,2023,Not Month End,2/13/2022,,"insert into Date_Dimension values(20230213, '2023-2-13',1, 13, 1505, 'Monday', 'Mon', 'Weekday', 8, 220, '2023-2-13', 20230213, 2, 50, 'February', 'Feb', 1, 2023, 202302, 8, 3, 2023, 'Not Month End', '2022-2-13')"
20230214,2/14/2023,2,14,1506,Tuesday,Tue,Weekday,8,220,2/13/2023,20230213,2,50,February,Feb,1,2023,202302,8,3,2023,Not Month End,2/14/2022,,"insert into Date_Dimension values(20230214, '2023-2-14',2, 14, 1506, 'Tuesday', 'Tue', 'Weekday', 8, 220, '2023-2-13', 20230213, 2, 50, 'February', 'Feb', 1, 2023, 202302, 8, 3, 2023, 'Not Month End', '2022-2-14')"
20230215,2/15/2023,3,15,1507,Wednesday,Wed,Weekday,8,220,2/13/2023,20230213,2,50,February,Feb,1,2023,202302,8,3,2023,Not Month End,2/15/2022,,"insert into Date_Dimension values(20230215, '2023-2-15',3, 15, 1507, 'Wednesday', 'Wed', 'Weekday', 8, 220, '2023-2-13', 20230213, 2, 50, 'February', 'Feb', 1, 2023, 202302, 8, 3, 2023, 'Not Month End', '2022-2-15')"
20230216,2/16/2023,4,16,1508,Thursday,Thu,Weekday,8,220,2/13/2023,20230213,2,50,February,Feb,1,2023,202302,8,3,2023,Not Month End,2/16/2022,,"insert into Date_Dimension values(20230216, '2023-2-16',4, 16, 1508, 'Thursday', 'Thu', 'Weekday', 8, 220, '2023-2-13', 20230213, 2, 50, 'February', 'Feb', 1, 2023, 202302, 8, 3, 2023, 'Not Month End', '2022-2-16')"
20230217,2/17/2023,5,17,1509,Friday,Fri,Weekday,8,220,2/13/2023,20230213,2,50,February,Feb,1,2023,202302,8,3,2023,Not Month End,2/17/2022,,"insert into Date_Dimension values(20230217, '2023-2-17',5, 17, 1509, 'Friday', 'Fri', 'Weekday', 8, 220, '2023-2-13', 20230213, 2, 50, 'February', 'Feb', 1, 2023, 202302, 8, 3, 2023, 'Not Month End', '2022-2-17')"
20230218,2/18/2023,6,18,1510,Saturday,Sat,Weekend,8,220,2/13/2023,20230213,2,50,February,Feb,1,2023,202302,8,3,2023,Not Month End,2/18/2022,,"insert into Date_Dimension values(20230218, '2023-2-18',6, 18, 1510, 'Saturday', 'Sat', 'Weekend', 8, 220, '2023-2-13', 20230213, 2, 50, 'February', 'Feb', 1, 2023, 202302, 8, 3, 2023, 'Not Month End', '2022-2-18')"
20230219,2/19/2023,7,19,1511,Sunday,Sun,Weekend,8,220,2/13/2023,20230213,2,50,February,Feb,1,2023,202302,8,3,2023,Not Month End,2/19/2022,,"insert into Date_Dimension values(20230219, '2023-2-19',7, 19, 1511, 'Sunday', 'Sun', 'Weekend', 8, 220, '2023-2-13', 20230213, 2, 50, 'February', 'Feb', 1, 2023, 202302, 8, 3, 2023, 'Not Month End', '2022-2-19')"
20230220,2/20/2023,1,20,1512,Monday,Mon,Weekday,9,221,2/20/2023,20230220,2,50,February,Feb,1,2023,202302,8,3,2023,Not Month End,2/20/2022,,"insert into Date_Dimension values(20230220, '2023-2-20',1, 20, 1512, 'Monday', 'Mon', 'Weekday', 9, 221, '2023-2-20', 20230220, 2, 50, 'February', 'Feb', 1, 2023, 202302, 8, 3, 2023, 'Not Month End', '2022-2-20')"
20230221,2/21/2023,2,21,1513,Tuesday,Tue,Weekday,9,221,2/20/2023,20230220,2,50,February,Feb,1,2023,202302,8,3,2023,Not Month End,2/21/2022,,"insert into Date_Dimension values(20230221, '2023-2-21',2, 21, 1513, 'Tuesday', 'Tue', 'Weekday', 9, 221, '2023-2-20', 20230220, 2, 50, 'February', 'Feb', 1, 2023, 202302, 8, 3, 2023, 'Not Month End', '2022-2-21')"
20230222,2/22/2023,3,22,1514,Wednesday,Wed,Weekday,9,221,2/20/2023,20230220,2,50,February,Feb,1,2023,202302,8,3,2023,Not Month End,2/22/2022,,"insert into Date_Dimension values(20230222, '2023-2-22',3, 22, 1514, 'Wednesday', 'Wed', 'Weekday', 9, 221, '2023-2-20', 20230220, 2, 50, 'February', 'Feb', 1, 2023, 202302, 8, 3, 2023, 'Not Month End', '2022-2-22')"
20230223,2/23/2023,4,23,1515,Thursday,Thu,Weekday,9,221,2/20/2023,20230220,2,50,February,Feb,1,2023,202302,8,3,2023,Not Month End,2/23/2022,,"insert into Date_Dimension values(20230223, '2023-2-23',4, 23, 1515, 'Thursday', 'Thu', 'Weekday', 9, 221, '2023-2-20', 20230220, 2, 50, 'February', 'Feb', 1, 2023, 202302, 8, 3, 2023, 'Not Month End', '2022-2-23')"
20230224,2/24/2023,5,24,1516,Friday,Fri,Weekday,9,221,2/20/2023,20230220,2,50,February,Feb,1,2023,202302,8,3,2023,Not Month End,2/24/2022,,"insert into Date_Dimension values(20230224, '2023-2-24',5, 24, 1516, 'Friday', 'Fri', 'Weekday', 9, 221, '2023-2-20', 20230220, 2, 50, 'February', 'Feb', 1, 2023, 202302, 8, 3, 2023, 'Not Month End', '2022-2-24')"
20230225,2/25/2023,6,25,1517,Saturday,Sat,Weekend,9,221,2/20/2023,20230220,2,50,February,Feb,1,2023,202302,8,3,2023,Not Month End,2/25/2022,,"insert into Date_Dimension values(20230225, '2023-2-25',6, 25, 1517, 'Saturday', 'Sat', 'Weekend', 9, 221, '2023-2-20', 20230220, 2, 50, 'February', 'Feb', 1, 2023, 202302, 8, 3, 2023, 'Not Month End', '2022-2-25')"
20230226,2/26/2023,7,26,1518,Sunday,Sun,Weekend,9,221,2/20/2023,20230220,2,50,February,Feb,1,2023,202302,8,3,2023,Not Month End,2/26/2022,,"insert into Date_Dimension values(20230226, '2023-2-26',7, 26, 1518, 'Sunday', 'Sun', 'Weekend', 9, 221, '2023-2-20', 20230220, 2, 50, 'February', 'Feb', 1, 2023, 202302, 8, 3, 2023, 'Not Month End', '2022-2-26')"
20230227,2/27/2023,1,27,1519,Monday,Mon,Weekday,10,222,2/27/2023,20230227,2,50,February,Feb,1,2023,202302,8,3,2023,Not Month End,2/27/2022,,"insert into Date_Dimension values(20230227, '2023-2-27',1, 27, 1519, 'Monday', 'Mon', 'Weekday', 10, 222, '2023-2-27', 20230227, 2, 50, 'February', 'Feb', 1, 2023, 202302, 8, 3, 2023, 'Not Month End', '2022-2-27')"
20230228,2/28/2023,2,28,1520,Tuesday,Tue,Weekday,10,222,2/27/2023,20230227,2,50,February,Feb,1,2023,202302,8,3,2023,Month End,2/28/2022,,"insert into Date_Dimension values(20230228, '2023-2-28',2, 28, 1520, 'Tuesday', 'Tue', 'Weekday', 10, 222, '2023-2-27', 20230227, 2, 50, 'February', 'Feb', 1, 2023, 202302, 8, 3, 2023, 'Month End', '2022-2-28')"
20230301,3/1/2023,3,1,1521,Wednesday,Wed,Weekday,10,222,2/27/2023,20230227,3,51,March,Mar,1,2023,202303,9,3,2023,Not Month End,3/1/2022,,"insert into Date_Dimension values(20230301, '2023-3-1',3, 1, 1521, 'Wednesday', 'Wed', 'Weekday', 10, 222, '2023-2-27', 20230227, 3, 51, 'March', 'Mar', 1, 2023, 202303, 9, 3, 2023, 'Not Month End', '2022-3-1')"
20230302,3/2/2023,4,2,1522,Thursday,Thu,Weekday,10,222,2/27/2023,20230227,3,51,March,Mar,1,2023,202303,9,3,2023,Not Month End,3/2/2022,,"insert into Date_Dimension values(20230302, '2023-3-2',4, 2, 1522, 'Thursday', 'Thu', 'Weekday', 10, 222, '2023-2-27', 20230227, 3, 51, 'March', 'Mar', 1, 2023, 202303, 9, 3, 2023, 'Not Month End', '2022-3-2')"
20230303,3/3/2023,5,3,1523,Friday,Fri,Weekday,10,222,2/27/2023,20230227,3,51,March,Mar,1,2023,202303,9,3,2023,Not Month End,3/3/2022,,"insert into Date_Dimension values(20230303, '2023-3-3',5, 3, 1523, 'Friday', 'Fri', 'Weekday', 10, 222, '2023-2-27', 20230227, 3, 51, 'March', 'Mar', 1, 2023, 202303, 9, 3, 2023, 'Not Month End', '2022-3-3')"
20230304,3/4/2023,6,4,1524,Saturday,Sat,Weekend,10,222,2/27/2023,20230227,3,51,March,Mar,1,2023,202303,9,3,2023,Not Month End,3/4/2022,,"insert into Date_Dimension values(20230304, '2023-3-4',6, 4, 1524, 'Saturday', 'Sat', 'Weekend', 10, 222, '2023-2-27', 20230227, 3, 51, 'March', 'Mar', 1, 2023, 202303, 9, 3, 2023, 'Not Month End', '2022-3-4')"
20230305,3/5/2023,7,5,1525,Sunday,Sun,Weekend,10,222,2/27/2023,20230227,3,51,March,Mar,1,2023,202303,9,3,2023,Not Month End,3/5/2022,,"insert into Date_Dimension values(20230305, '2023-3-5',7, 5, 1525, 'Sunday', 'Sun', 'Weekend', 10, 222, '2023-2-27', 20230227, 3, 51, 'March', 'Mar', 1, 2023, 202303, 9, 3, 2023, 'Not Month End', '2022-3-5')"
20230306,3/6/2023,1,6,1526,Monday,Mon,Weekday,11,223,3/6/2023,20230306,3,51,March,Mar,1,2023,202303,9,3,2023,Not Month End,3/6/2022,,"insert into Date_Dimension values(20230306, '2023-3-6',1, 6, 1526, 'Monday', 'Mon', 'Weekday', 11, 223, '2023-3-6', 20230306, 3, 51, 'March', 'Mar', 1, 2023, 202303, 9, 3, 2023, 'Not Month End', '2022-3-6')"
20230307,3/7/2023,2,7,1527,Tuesday,Tue,Weekday,11,223,3/6/2023,20230306,3,51,March,Mar,1,2023,202303,9,3,2023,Not Month End,3/7/2022,,"insert into Date_Dimension values(20230307, '2023-3-7',2, 7, 1527, 'Tuesday', 'Tue', 'Weekday', 11, 223, '2023-3-6', 20230306, 3, 51, 'March', 'Mar', 1, 2023, 202303, 9, 3, 2023, 'Not Month End', '2022-3-7')"
20230308,3/8/2023,3,8,1528,Wednesday,Wed,Weekday,11,223,3/6/2023,20230306,3,51,March,Mar,1,2023,202303,9,3,2023,Not Month End,3/8/2022,,"insert into Date_Dimension values(20230308, '2023-3-8',3, 8, 1528, 'Wednesday', 'Wed', 'Weekday', 11, 223, '2023-3-6', 20230306, 3, 51, 'March', 'Mar', 1, 2023, 202303, 9, 3, 2023, 'Not Month End', '2022-3-8')"
20230309,3/9/2023,4,9,1529,Thursday,Thu,Weekday,11,223,3/6/2023,20230306,3,51,March,Mar,1,2023,202303,9,3,2023,Not Month End,3/9/2022,,"insert into Date_Dimension values(20230309, '2023-3-9',4, 9, 1529, 'Thursday', 'Thu', 'Weekday', 11, 223, '2023-3-6', 20230306, 3, 51, 'March', 'Mar', 1, 2023, 202303, 9, 3, 2023, 'Not Month End', '2022-3-9')"
20230310,3/10/2023,5,10,1530,Friday,Fri,Weekday,11,223,3/6/2023,20230306,3,51,March,Mar,1,2023,202303,9,3,2023,Not Month End,3/10/2022,,"insert into Date_Dimension values(20230310, '2023-3-10',5, 10, 1530, 'Friday', 'Fri', 'Weekday', 11, 223, '2023-3-6', 20230306, 3, 51, 'March', 'Mar', 1, 2023, 202303, 9, 3, 2023, 'Not Month End', '2022-3-10')"
20230311,3/11/2023,6,11,1531,Saturday,Sat,Weekend,11,223,3/6/2023,20230306,3,51,March,Mar,1,2023,202303,9,3,2023,Not Month End,3/11/2022,,"insert into Date_Dimension values(20230311, '2023-3-11',6, 11, 1531, 'Saturday', 'Sat', 'Weekend', 11, 223, '2023-3-6', 20230306, 3, 51, 'March', 'Mar', 1, 2023, 202303, 9, 3, 2023, 'Not Month End', '2022-3-11')"
20230312,3/12/2023,7,12,1532,Sunday,Sun,Weekend,11,223,3/6/2023,20230306,3,51,March,Mar,1,2023,202303,9,3,2023,Not Month End,3/12/2022,,"insert into Date_Dimension values(20230312, '2023-3-12',7, 12, 1532, 'Sunday', 'Sun', 'Weekend', 11, 223, '2023-3-6', 20230306, 3, 51, 'March', 'Mar', 1, 2023, 202303, 9, 3, 2023, 'Not Month End', '2022-3-12')"
20230313,3/13/2023,1,13,1533,Monday,Mon,Weekday,12,224,3/13/2023,20230313,3,51,March,Mar,1,2023,202303,9,3,2023,Not Month End,3/13/2022,,"insert into Date_Dimension values(20230313, '2023-3-13',1, 13, 1533, 'Monday', 'Mon', 'Weekday', 12, 224, '2023-3-13', 20230313, 3, 51, 'March', 'Mar', 1, 2023, 202303, 9, 3, 2023, 'Not Month End', '2022-3-13')"
20230314,3/14/2023,2,14,1534,Tuesday,Tue,Weekday,12,224,3/13/2023,20230313,3,51,March,Mar,1,2023,202303,9,3,2023,Not Month End,3/14/2022,,"insert into Date_Dimension values(20230314, '2023-3-14',2, 14, 1534, 'Tuesday', 'Tue', 'Weekday', 12, 224, '2023-3-13', 20230313, 3, 51, 'March', 'Mar', 1, 2023, 202303, 9, 3, 2023, 'Not Month End', '2022-3-14')"
20230315,3/15/2023,3,15,1535,Wednesday,Wed,Weekday,12,224,3/13/2023,20230313,3,51,March,Mar,1,2023,202303,9,3,2023,Not Month End,3/15/2022,,"insert into Date_Dimension values(20230315, '2023-3-15',3, 15, 1535, 'Wednesday', 'Wed', 'Weekday', 12, 224, '2023-3-13', 20230313, 3, 51, 'March', 'Mar', 1, 2023, 202303, 9, 3, 2023, 'Not Month End', '2022-3-15')"
20230316,3/16/2023,4,16,1536,Thursday,Thu,Weekday,12,224,3/13/2023,20230313,3,51,March,Mar,1,2023,202303,9,3,2023,Not Month End,3/16/2022,,"insert into Date_Dimension values(20230316, '2023-3-16',4, 16, 1536, 'Thursday', 'Thu', 'Weekday', 12, 224, '2023-3-13', 20230313, 3, 51, 'March', 'Mar', 1, 2023, 202303, 9, 3, 2023, 'Not Month End', '2022-3-16')"
20230317,3/17/2023,5,17,1537,Friday,Fri,Weekday,12,224,3/13/2023,20230313,3,51,March,Mar,1,2023,202303,9,3,2023,Not Month End,3/17/2022,,"insert into Date_Dimension values(20230317, '2023-3-17',5, 17, 1537, 'Friday', 'Fri', 'Weekday', 12, 224, '2023-3-13', 20230313, 3, 51, 'March', 'Mar', 1, 2023, 202303, 9, 3, 2023, 'Not Month End', '2022-3-17')"
20230318,3/18/2023,6,18,1538,Saturday,Sat,Weekend,12,224,3/13/2023,20230313,3,51,March,Mar,1,2023,202303,9,3,2023,Not Month End,3/18/2022,,"insert into Date_Dimension values(20230318, '2023-3-18',6, 18, 1538, 'Saturday', 'Sat', 'Weekend', 12, 224, '2023-3-13', 20230313, 3, 51, 'March', 'Mar', 1, 2023, 202303, 9, 3, 2023, 'Not Month End', '2022-3-18')"
20230319,3/19/2023,7,19,1539,Sunday,Sun,Weekend,12,224,3/13/2023,20230313,3,51,March,Mar,1,2023,202303,9,3,2023,Not Month End,3/19/2022,,"insert into Date_Dimension values(20230319, '2023-3-19',7, 19, 1539, 'Sunday', 'Sun', 'Weekend', 12, 224, '2023-3-13', 20230313, 3, 51, 'March', 'Mar', 1, 2023, 202303, 9, 3, 2023, 'Not Month End', '2022-3-19')"
20230320,3/20/2023,1,20,1540,Monday,Mon,Weekday,13,225,3/20/2023,20230320,3,51,March,Mar,1,2023,202303,9,3,2023,Not Month End,3/20/2022,,"insert into Date_Dimension values(20230320, '2023-3-20',1, 20, 1540, 'Monday', 'Mon', 'Weekday', 13, 225, '2023-3-20', 20230320, 3, 51, 'March', 'Mar', 1, 2023, 202303, 9, 3, 2023, 'Not Month End', '2022-3-20')"
20230321,3/21/2023,2,21,1541,Tuesday,Tue,Weekday,13,225,3/20/2023,20230320,3,51,March,Mar,1,2023,202303,9,3,2023,Not Month End,3/21/2022,,"insert into Date_Dimension values(20230321, '2023-3-21',2, 21, 1541, 'Tuesday', 'Tue', 'Weekday', 13, 225, '2023-3-20', 20230320, 3, 51, 'March', 'Mar', 1, 2023, 202303, 9, 3, 2023, 'Not Month End', '2022-3-21')"
20230322,3/22/2023,3,22,1542,Wednesday,Wed,Weekday,13,225,3/20/2023,20230320,3,51,March,Mar,1,2023,202303,9,3,2023,Not Month End,3/22/2022,,"insert into Date_Dimension values(20230322, '2023-3-22',3, 22, 1542, 'Wednesday', 'Wed', 'Weekday', 13, 225, '2023-3-20', 20230320, 3, 51, 'March', 'Mar', 1, 2023, 202303, 9, 3, 2023, 'Not Month End', '2022-3-22')"
20230323,3/23/2023,4,23,1543,Thursday,Thu,Weekday,13,225,3/20/2023,20230320,3,51,March,Mar,1,2023,202303,9,3,2023,Not Month End,3/23/2022,,"insert into Date_Dimension values(20230323, '2023-3-23',4, 23, 1543, 'Thursday', 'Thu', 'Weekday', 13, 225, '2023-3-20', 20230320, 3, 51, 'March', 'Mar', 1, 2023, 202303, 9, 3, 2023, 'Not Month End', '2022-3-23')"
20230324,3/24/2023,5,24,1544,Friday,Fri,Weekday,13,225,3/20/2023,20230320,3,51,March,Mar,1,2023,202303,9,3,2023,Not Month End,3/24/2022,,"insert into Date_Dimension values(20230324, '2023-3-24',5, 24, 1544, 'Friday', 'Fri', 'Weekday', 13, 225, '2023-3-20', 20230320, 3, 51, 'March', 'Mar', 1, 2023, 202303, 9, 3, 2023, 'Not Month End', '2022-3-24')"
20230325,3/25/2023,6,25,1545,Saturday,Sat,Weekend,13,225,3/20/2023,20230320,3,51,March,Mar,1,2023,202303,9,3,2023,Not Month End,3/25/2022,,"insert into Date_Dimension values(20230325, '2023-3-25',6, 25, 1545, 'Saturday', 'Sat', 'Weekend', 13, 225, '2023-3-20', 20230320, 3, 51, 'March', 'Mar', 1, 2023, 202303, 9, 3, 2023, 'Not Month End', '2022-3-25')"
20230326,3/26/2023,7,26,1546,Sunday,Sun,Weekend,13,225,3/20/2023,20230320,3,51,March,Mar,1,2023,202303,9,3,2023,Not Month End,3/26/2022,,"insert into Date_Dimension values(20230326, '2023-3-26',7, 26, 1546, 'Sunday', 'Sun', 'Weekend', 13, 225, '2023-3-20', 20230320, 3, 51, 'March', 'Mar', 1, 2023, 202303, 9, 3, 2023, 'Not Month End', '2022-3-26')"
20230327,3/27/2023,1,27,1547,Monday,Mon,Weekday,14,226,3/27/2023,20230327,3,51,March,Mar,1,2023,202303,9,3,2023,Not Month End,3/27/2022,,"insert into Date_Dimension values(20230327, '2023-3-27',1, 27, 1547, 'Monday', 'Mon', 'Weekday', 14, 226, '2023-3-27', 20230327, 3, 51, 'March', 'Mar', 1, 2023, 202303, 9, 3, 2023, 'Not Month End', '2022-3-27')"
20230328,3/28/2023,2,28,1548,Tuesday,Tue,Weekday,14,226,3/27/2023,20230327,3,51,March,Mar,1,2023,202303,9,3,2023,Not Month End,3/28/2022,,"insert into Date_Dimension values(20230328, '2023-3-28',2, 28, 1548, 'Tuesday', 'Tue', 'Weekday', 14, 226, '2023-3-27', 20230327, 3, 51, 'March', 'Mar', 1, 2023, 202303, 9, 3, 2023, 'Not Month End', '2022-3-28')"
20230329,3/29/2023,3,29,1549,Wednesday,Wed,Weekday,14,226,3/27/2023,20230327,3,51,March,Mar,1,2023,202303,9,3,2023,Not Month End,3/29/2022,,"insert into Date_Dimension values(20230329, '2023-3-29',3, 29, 1549, 'Wednesday', 'Wed', 'Weekday', 14, 226, '2023-3-27', 20230327, 3, 51, 'March', 'Mar', 1, 2023, 202303, 9, 3, 2023, 'Not Month End', '2022-3-29')"
20230330,3/30/2023,4,30,1550,Thursday,Thu,Weekday,14,226,3/27/2023,20230327,3,51,March,Mar,1,2023,202303,9,3,2023,Not Month End,3/30/2022,,"insert into Date_Dimension values(20230330, '2023-3-30',4, 30, 1550, 'Thursday', 'Thu', 'Weekday', 14, 226, '2023-3-27', 20230327, 3, 51, 'March', 'Mar', 1, 2023, 202303, 9, 3, 2023, 'Not Month End', '2022-3-30')"
20230331,3/31/2023,5,31,1551,Friday,Fri,Weekday,14,226,3/27/2023,20230327,3,51,March,Mar,1,2023,202303,9,3,2023,Month End,3/31/2022,,"insert into Date_Dimension values(20230331, '2023-3-31',5, 31, 1551, 'Friday', 'Fri', 'Weekday', 14, 226, '2023-3-27', 20230327, 3, 51, 'March', 'Mar', 1, 2023, 202303, 9, 3, 2023, 'Month End', '2022-3-31')"
20230401,4/1/2023,6,1,1552,Saturday,Sat,Weekend,14,226,3/27/2023,20230327,4,52,April,Apr,2,2023,202304,10,4,2023,Not Month End,4/1/2022,,"insert into Date_Dimension values(20230401, '2023-4-1',6, 1, 1552, 'Saturday', 'Sat', 'Weekend', 14, 226, '2023-3-27', 20230327, 4, 52, 'April', 'Apr', 2, 2023, 202304, 10, 4, 2023, 'Not Month End', '2022-4-1')"
20230402,4/2/2023,7,2,1553,Sunday,Sun,Weekend,14,226,3/27/2023,20230327,4,52,April,Apr,2,2023,202304,10,4,2023,Not Month End,4/2/2022,,"insert into Date_Dimension values(20230402, '2023-4-2',7, 2, 1553, 'Sunday', 'Sun', 'Weekend', 14, 226, '2023-3-27', 20230327, 4, 52, 'April', 'Apr', 2, 2023, 202304, 10, 4, 2023, 'Not Month End', '2022-4-2')"
20230403,4/3/2023,1,3,1554,Monday,Mon,Weekday,15,227,4/3/2023,20230403,4,52,April,Apr,2,2023,202304,10,4,2023,Not Month End,4/3/2022,,"insert into Date_Dimension values(20230403, '2023-4-3',1, 3, 1554, 'Monday', 'Mon', 'Weekday', 15, 227, '2023-4-3', 20230403, 4, 52, 'April', 'Apr', 2, 2023, 202304, 10, 4, 2023, 'Not Month End', '2022-4-3')"
20230404,4/4/2023,2,4,1555,Tuesday,Tue,Weekday,15,227,4/3/2023,20230403,4,52,April,Apr,2,2023,202304,10,4,2023,Not Month End,4/4/2022,,"insert into Date_Dimension values(20230404, '2023-4-4',2, 4, 1555, 'Tuesday', 'Tue', 'Weekday', 15, 227, '2023-4-3', 20230403, 4, 52, 'April', 'Apr', 2, 2023, 202304, 10, 4, 2023, 'Not Month End', '2022-4-4')"
20230405,4/5/2023,3,5,1556,Wednesday,Wed,Weekday,15,227,4/3/2023,20230403,4,52,April,Apr,2,2023,202304,10,4,2023,Not Month End,4/5/2022,,"insert into Date_Dimension values(20230405, '2023-4-5',3, 5, 1556, 'Wednesday', 'Wed', 'Weekday', 15, 227, '2023-4-3', 20230403, 4, 52, 'April', 'Apr', 2, 2023, 202304, 10, 4, 2023, 'Not Month End', '2022-4-5')"
20230406,4/6/2023,4,6,1557,Thursday,Thu,Weekday,15,227,4/3/2023,20230403,4,52,April,Apr,2,2023,202304,10,4,2023,Not Month End,4/6/2022,,"insert into Date_Dimension values(20230406, '2023-4-6',4, 6, 1557, 'Thursday', 'Thu', 'Weekday', 15, 227, '2023-4-3', 20230403, 4, 52, 'April', 'Apr', 2, 2023, 202304, 10, 4, 2023, 'Not Month End', '2022-4-6')"
20230407,4/7/2023,5,7,1558,Friday,Fri,Weekday,15,227,4/3/2023,20230403,4,52,April,Apr,2,2023,202304,10,4,2023,Not Month End,4/7/2022,,"insert into Date_Dimension values(20230407, '2023-4-7',5, 7, 1558, 'Friday', 'Fri', 'Weekday', 15, 227, '2023-4-3', 20230403, 4, 52, 'April', 'Apr', 2, 2023, 202304, 10, 4, 2023, 'Not Month End', '2022-4-7')"
20230408,4/8/2023,6,8,1559,Saturday,Sat,Weekend,15,227,4/3/2023,20230403,4,52,April,Apr,2,2023,202304,10,4,2023,Not Month End,4/8/2022,,"insert into Date_Dimension values(20230408, '2023-4-8',6, 8, 1559, 'Saturday', 'Sat', 'Weekend', 15, 227, '2023-4-3', 20230403, 4, 52, 'April', 'Apr', 2, 2023, 202304, 10, 4, 2023, 'Not Month End', '2022-4-8')"
20230409,4/9/2023,7,9,1560,Sunday,Sun,Weekend,15,227,4/3/2023,20230403,4,52,April,Apr,2,2023,202304,10,4,2023,Not Month End,4/9/2022,,"insert into Date_Dimension values(20230409, '2023-4-9',7, 9, 1560, 'Sunday', 'Sun', 'Weekend', 15, 227, '2023-4-3', 20230403, 4, 52, 'April', 'Apr', 2, 2023, 202304, 10, 4, 2023, 'Not Month End', '2022-4-9')"
20230410,4/10/2023,1,10,1561,Monday,Mon,Weekday,16,228,4/10/2023,20230410,4,52,April,Apr,2,2023,202304,10,4,2023,Not Month End,4/10/2022,,"insert into Date_Dimension values(20230410, '2023-4-10',1, 10, 1561, 'Monday', 'Mon', 'Weekday', 16, 228, '2023-4-10', 20230410, 4, 52, 'April', 'Apr', 2, 2023, 202304, 10, 4, 2023, 'Not Month End', '2022-4-10')"
20230411,4/11/2023,2,11,1562,Tuesday,Tue,Weekday,16,228,4/10/2023,20230410,4,52,April,Apr,2,2023,202304,10,4,2023,Not Month End,4/11/2022,,"insert into Date_Dimension values(20230411, '2023-4-11',2, 11, 1562, 'Tuesday', 'Tue', 'Weekday', 16, 228, '2023-4-10', 20230410, 4, 52, 'April', 'Apr', 2, 2023, 202304, 10, 4, 2023, 'Not Month End', '2022-4-11')"
20230412,4/12/2023,3,12,1563,Wednesday,Wed,Weekday,16,228,4/10/2023,20230410,4,52,April,Apr,2,2023,202304,10,4,2023,Not Month End,4/12/2022,,"insert into Date_Dimension values(20230412, '2023-4-12',3, 12, 1563, 'Wednesday', 'Wed', 'Weekday', 16, 228, '2023-4-10', 20230410, 4, 52, 'April', 'Apr', 2, 2023, 202304, 10, 4, 2023, 'Not Month End', '2022-4-12')"
20230413,4/13/2023,4,13,1564,Thursday,Thu,Weekday,16,228,4/10/2023,20230410,4,52,April,Apr,2,2023,202304,10,4,2023,Not Month End,4/13/2022,,"insert into Date_Dimension values(20230413, '2023-4-13',4, 13, 1564, 'Thursday', 'Thu', 'Weekday', 16, 228, '2023-4-10', 20230410, 4, 52, 'April', 'Apr', 2, 2023, 202304, 10, 4, 2023, 'Not Month End', '2022-4-13')"
20230414,4/14/2023,5,14,1565,Friday,Fri,Weekday,16,228,4/10/2023,20230410,4,52,April,Apr,2,2023,202304,10,4,2023,Not Month End,4/14/2022,,"insert into Date_Dimension values(20230414, '2023-4-14',5, 14, 1565, 'Friday', 'Fri', 'Weekday', 16, 228, '2023-4-10', 20230410, 4, 52, 'April', 'Apr', 2, 2023, 202304, 10, 4, 2023, 'Not Month End', '2022-4-14')"
20230415,4/15/2023,6,15,1566,Saturday,Sat,Weekend,16,228,4/10/2023,20230410,4,52,April,Apr,2,2023,202304,10,4,2023,Not Month End,4/15/2022,,"insert into Date_Dimension values(20230415, '2023-4-15',6, 15, 1566, 'Saturday', 'Sat', 'Weekend', 16, 228, '2023-4-10', 20230410, 4, 52, 'April', 'Apr', 2, 2023, 202304, 10, 4, 2023, 'Not Month End', '2022-4-15')"
20230416,4/16/2023,7,16,1567,Sunday,Sun,Weekend,16,228,4/10/2023,20230410,4,52,April,Apr,2,2023,202304,10,4,2023,Not Month End,4/16/2022,,"insert into Date_Dimension values(20230416, '2023-4-16',7, 16, 1567, 'Sunday', 'Sun', 'Weekend', 16, 228, '2023-4-10', 20230410, 4, 52, 'April', 'Apr', 2, 2023, 202304, 10, 4, 2023, 'Not Month End', '2022-4-16')"
20230417,4/17/2023,1,17,1568,Monday,Mon,Weekday,17,229,4/17/2023,20230417,4,52,April,Apr,2,2023,202304,10,4,2023,Not Month End,4/17/2022,,"insert into Date_Dimension values(20230417, '2023-4-17',1, 17, 1568, 'Monday', 'Mon', 'Weekday', 17, 229, '2023-4-17', 20230417, 4, 52, 'April', 'Apr', 2, 2023, 202304, 10, 4, 2023, 'Not Month End', '2022-4-17')"
20230418,4/18/2023,2,18,1569,Tuesday,Tue,Weekday,17,229,4/17/2023,20230417,4,52,April,Apr,2,2023,202304,10,4,2023,Not Month End,4/18/2022,,"insert into Date_Dimension values(20230418, '2023-4-18',2, 18, 1569, 'Tuesday', 'Tue', 'Weekday', 17, 229, '2023-4-17', 20230417, 4, 52, 'April', 'Apr', 2, 2023, 202304, 10, 4, 2023, 'Not Month End', '2022-4-18')"
20230419,4/19/2023,3,19,1570,Wednesday,Wed,Weekday,17,229,4/17/2023,20230417,4,52,April,Apr,2,2023,202304,10,4,2023,Not Month End,4/19/2022,,"insert into Date_Dimension values(20230419, '2023-4-19',3, 19, 1570, 'Wednesday', 'Wed', 'Weekday', 17, 229, '2023-4-17', 20230417, 4, 52, 'April', 'Apr', 2, 2023, 202304, 10, 4, 2023, 'Not Month End', '2022-4-19')"
20230420,4/20/2023,4,20,1571,Thursday,Thu,Weekday,17,229,4/17/2023,20230417,4,52,April,Apr,2,2023,202304,10,4,2023,Not Month End,4/20/2022,,"insert into Date_Dimension values(20230420, '2023-4-20',4, 20, 1571, 'Thursday', 'Thu', 'Weekday', 17, 229, '2023-4-17', 20230417, 4, 52, 'April', 'Apr', 2, 2023, 202304, 10, 4, 2023, 'Not Month End', '2022-4-20')"
20230421,4/21/2023,5,21,1572,Friday,Fri,Weekday,17,229,4/17/2023,20230417,4,52,April,Apr,2,2023,202304,10,4,2023,Not Month End,4/21/2022,,"insert into Date_Dimension values(20230421, '2023-4-21',5, 21, 1572, 'Friday', 'Fri', 'Weekday', 17, 229, '2023-4-17', 20230417, 4, 52, 'April', 'Apr', 2, 2023, 202304, 10, 4, 2023, 'Not Month End', '2022-4-21')"
20230422,4/22/2023,6,22,1573,Saturday,Sat,Weekend,17,229,4/17/2023,20230417,4,52,April,Apr,2,2023,202304,10,4,2023,Not Month End,4/22/2022,,"insert into Date_Dimension values(20230422, '2023-4-22',6, 22, 1573, 'Saturday', 'Sat', 'Weekend', 17, 229, '2023-4-17', 20230417, 4, 52, 'April', 'Apr', 2, 2023, 202304, 10, 4, 2023, 'Not Month End', '2022-4-22')"
20230423,4/23/2023,7,23,1574,Sunday,Sun,Weekend,17,229,4/17/2023,20230417,4,52,April,Apr,2,2023,202304,10,4,2023,Not Month End,4/23/2022,,"insert into Date_Dimension values(20230423, '2023-4-23',7, 23, 1574, 'Sunday', 'Sun', 'Weekend', 17, 229, '2023-4-17', 20230417, 4, 52, 'April', 'Apr', 2, 2023, 202304, 10, 4, 2023, 'Not Month End', '2022-4-23')"
20230424,4/24/2023,1,24,1575,Monday,Mon,Weekday,18,230,4/24/2023,20230424,4,52,April,Apr,2,2023,202304,10,4,2023,Not Month End,4/24/2022,,"insert into Date_Dimension values(20230424, '2023-4-24',1, 24, 1575, 'Monday', 'Mon', 'Weekday', 18, 230, '2023-4-24', 20230424, 4, 52, 'April', 'Apr', 2, 2023, 202304, 10, 4, 2023, 'Not Month End', '2022-4-24')"
20230425,4/25/2023,2,25,1576,Tuesday,Tue,Weekday,18,230,4/24/2023,20230424,4,52,April,Apr,2,2023,202304,10,4,2023,Not Month End,4/25/2022,,"insert into Date_Dimension values(20230425, '2023-4-25',2, 25, 1576, 'Tuesday', 'Tue', 'Weekday', 18, 230, '2023-4-24', 20230424, 4, 52, 'April', 'Apr', 2, 2023, 202304, 10, 4, 2023, 'Not Month End', '2022-4-25')"
20230426,4/26/2023,3,26,1577,Wednesday,Wed,Weekday,18,230,4/24/2023,20230424,4,52,April,Apr,2,2023,202304,10,4,2023,Not Month End,4/26/2022,,"insert into Date_Dimension values(20230426, '2023-4-26',3, 26, 1577, 'Wednesday', 'Wed', 'Weekday', 18, 230, '2023-4-24', 20230424, 4, 52, 'April', 'Apr', 2, 2023, 202304, 10, 4, 2023, 'Not Month End', '2022-4-26')"
20230427,4/27/2023,4,27,1578,Thursday,Thu,Weekday,18,230,4/24/2023,20230424,4,52,April,Apr,2,2023,202304,10,4,2023,Not Month End,4/27/2022,,"insert into Date_Dimension values(20230427, '2023-4-27',4, 27, 1578, 'Thursday', 'Thu', 'Weekday', 18, 230, '2023-4-24', 20230424, 4, 52, 'April', 'Apr', 2, 2023, 202304, 10, 4, 2023, 'Not Month End', '2022-4-27')"
20230428,4/28/2023,5,28,1579,Friday,Fri,Weekday,18,230,4/24/2023,20230424,4,52,April,Apr,2,2023,202304,10,4,2023,Not Month End,4/28/2022,,"insert into Date_Dimension values(20230428, '2023-4-28',5, 28, 1579, 'Friday', 'Fri', 'Weekday', 18, 230, '2023-4-24', 20230424, 4, 52, 'April', 'Apr', 2, 2023, 202304, 10, 4, 2023, 'Not Month End', '2022-4-28')"
20230429,4/29/2023,6,29,1580,Saturday,Sat,Weekend,18,230,4/24/2023,20230424,4,52,April,Apr,2,2023,202304,10,4,2023,Not Month End,4/29/2022,,"insert into Date_Dimension values(20230429, '2023-4-29',6, 29, 1580, 'Saturday', 'Sat', 'Weekend', 18, 230, '2023-4-24', 20230424, 4, 52, 'April', 'Apr', 2, 2023, 202304, 10, 4, 2023, 'Not Month End', '2022-4-29')"
20230430,4/30/2023,7,30,1581,Sunday,Sun,Weekend,18,230,4/24/2023,20230424,4,52,April,Apr,2,2023,202304,10,4,2023,Month End,4/30/2022,,"insert into Date_Dimension values(20230430, '2023-4-30',7, 30, 1581, 'Sunday', 'Sun', 'Weekend', 18, 230, '2023-4-24', 20230424, 4, 52, 'April', 'Apr', 2, 2023, 202304, 10, 4, 2023, 'Month End', '2022-4-30')"
20230501,5/1/2023,1,1,1582,Monday,Mon,Weekday,19,231,5/1/2023,20230501,5,53,May,May,2,2023,202305,11,4,2023,Not Month End,5/1/2022,,"insert into Date_Dimension values(20230501, '2023-5-1',1, 1, 1582, 'Monday', 'Mon', 'Weekday', 19, 231, '2023-5-1', 20230501, 5, 53, 'May', 'May', 2, 2023, 202305, 11, 4, 2023, 'Not Month End', '2022-5-1')"
20230502,5/2/2023,2,2,1583,Tuesday,Tue,Weekday,19,231,5/1/2023,20230501,5,53,May,May,2,2023,202305,11,4,2023,Not Month End,5/2/2022,,"insert into Date_Dimension values(20230502, '2023-5-2',2, 2, 1583, 'Tuesday', 'Tue', 'Weekday', 19, 231, '2023-5-1', 20230501, 5, 53, 'May', 'May', 2, 2023, 202305, 11, 4, 2023, 'Not Month End', '2022-5-2')"
20230503,5/3/2023,3,3,1584,Wednesday,Wed,Weekday,19,231,5/1/2023,20230501,5,53,May,May,2,2023,202305,11,4,2023,Not Month End,5/3/2022,,"insert into Date_Dimension values(20230503, '2023-5-3',3, 3, 1584, 'Wednesday', 'Wed', 'Weekday', 19, 231, '2023-5-1', 20230501, 5, 53, 'May', 'May', 2, 2023, 202305, 11, 4, 2023, 'Not Month End', '2022-5-3')"
20230504,5/4/2023,4,4,1585,Thursday,Thu,Weekday,19,231,5/1/2023,20230501,5,53,May,May,2,2023,202305,11,4,2023,Not Month End,5/4/2022,,"insert into Date_Dimension values(20230504, '2023-5-4',4, 4, 1585, 'Thursday', 'Thu', 'Weekday', 19, 231, '2023-5-1', 20230501, 5, 53, 'May', 'May', 2, 2023, 202305, 11, 4, 2023, 'Not Month End', '2022-5-4')"
20230505,5/5/2023,5,5,1586,Friday,Fri,Weekday,19,231,5/1/2023,20230501,5,53,May,May,2,2023,202305,11,4,2023,Not Month End,5/5/2022,,"insert into Date_Dimension values(20230505, '2023-5-5',5, 5, 1586, 'Friday', 'Fri', 'Weekday', 19, 231, '2023-5-1', 20230501, 5, 53, 'May', 'May', 2, 2023, 202305, 11, 4, 2023, 'Not Month End', '2022-5-5')"
20230506,5/6/2023,6,6,1587,Saturday,Sat,Weekend,19,231,5/1/2023,20230501,5,53,May,May,2,2023,202305,11,4,2023,Not Month End,5/6/2022,,"insert into Date_Dimension values(20230506, '2023-5-6',6, 6, 1587, 'Saturday', 'Sat', 'Weekend', 19, 231, '2023-5-1', 20230501, 5, 53, 'May', 'May', 2, 2023, 202305, 11, 4, 2023, 'Not Month End', '2022-5-6')"
20230507,5/7/2023,7,7,1588,Sunday,Sun,Weekend,19,231,5/1/2023,20230501,5,53,May,May,2,2023,202305,11,4,2023,Not Month End,5/7/2022,,"insert into Date_Dimension values(20230507, '2023-5-7',7, 7, 1588, 'Sunday', 'Sun', 'Weekend', 19, 231, '2023-5-1', 20230501, 5, 53, 'May', 'May', 2, 2023, 202305, 11, 4, 2023, 'Not Month End', '2022-5-7')"
20230508,5/8/2023,1,8,1589,Monday,Mon,Weekday,20,232,5/8/2023,20230508,5,53,May,May,2,2023,202305,11,4,2023,Not Month End,5/8/2022,,"insert into Date_Dimension values(20230508, '2023-5-8',1, 8, 1589, 'Monday', 'Mon', 'Weekday', 20, 232, '2023-5-8', 20230508, 5, 53, 'May', 'May', 2, 2023, 202305, 11, 4, 2023, 'Not Month End', '2022-5-8')"
20230509,5/9/2023,2,9,1590,Tuesday,Tue,Weekday,20,232,5/8/2023,20230508,5,53,May,May,2,2023,202305,11,4,2023,Not Month End,5/9/2022,,"insert into Date_Dimension values(20230509, '2023-5-9',2, 9, 1590, 'Tuesday', 'Tue', 'Weekday', 20, 232, '2023-5-8', 20230508, 5, 53, 'May', 'May', 2, 2023, 202305, 11, 4, 2023, 'Not Month End', '2022-5-9')"
20230510,5/10/2023,3,10,1591,Wednesday,Wed,Weekday,20,232,5/8/2023,20230508,5,53,May,May,2,2023,202305,11,4,2023,Not Month End,5/10/2022,,"insert into Date_Dimension values(20230510, '2023-5-10',3, 10, 1591, 'Wednesday', 'Wed', 'Weekday', 20, 232, '2023-5-8', 20230508, 5, 53, 'May', 'May', 2, 2023, 202305, 11, 4, 2023, 'Not Month End', '2022-5-10')"
20230511,5/11/2023,4,11,1592,Thursday,Thu,Weekday,20,232,5/8/2023,20230508,5,53,May,May,2,2023,202305,11,4,2023,Not Month End,5/11/2022,,"insert into Date_Dimension values(20230511, '2023-5-11',4, 11, 1592, 'Thursday', 'Thu', 'Weekday', 20, 232, '2023-5-8', 20230508, 5, 53, 'May', 'May', 2, 2023, 202305, 11, 4, 2023, 'Not Month End', '2022-5-11')"
20230512,5/12/2023,5,12,1593,Friday,Fri,Weekday,20,232,5/8/2023,20230508,5,53,May,May,2,2023,202305,11,4,2023,Not Month End,5/12/2022,,"insert into Date_Dimension values(20230512, '2023-5-12',5, 12, 1593, 'Friday', 'Fri', 'Weekday', 20, 232, '2023-5-8', 20230508, 5, 53, 'May', 'May', 2, 2023, 202305, 11, 4, 2023, 'Not Month End', '2022-5-12')"
20230513,5/13/2023,6,13,1594,Saturday,Sat,Weekend,20,232,5/8/2023,20230508,5,53,May,May,2,2023,202305,11,4,2023,Not Month End,5/13/2022,,"insert into Date_Dimension values(20230513, '2023-5-13',6, 13, 1594, 'Saturday', 'Sat', 'Weekend', 20, 232, '2023-5-8', 20230508, 5, 53, 'May', 'May', 2, 2023, 202305, 11, 4, 2023, 'Not Month End', '2022-5-13')"
20230514,5/14/2023,7,14,1595,Sunday,Sun,Weekend,20,232,5/8/2023,20230508,5,53,May,May,2,2023,202305,11,4,2023,Not Month End,5/14/2022,,"insert into Date_Dimension values(20230514, '2023-5-14',7, 14, 1595, 'Sunday', 'Sun', 'Weekend', 20, 232, '2023-5-8', 20230508, 5, 53, 'May', 'May', 2, 2023, 202305, 11, 4, 2023, 'Not Month End', '2022-5-14')"
20230515,5/15/2023,1,15,1596,Monday,Mon,Weekday,21,233,5/15/2023,20230515,5,53,May,May,2,2023,202305,11,4,2023,Not Month End,5/15/2022,,"insert into Date_Dimension values(20230515, '2023-5-15',1, 15, 1596, 'Monday', 'Mon', 'Weekday', 21, 233, '2023-5-15', 20230515, 5, 53, 'May', 'May', 2, 2023, 202305, 11, 4, 2023, 'Not Month End', '2022-5-15')"
20230516,5/16/2023,2,16,1597,Tuesday,Tue,Weekday,21,233,5/15/2023,20230515,5,53,May,May,2,2023,202305,11,4,2023,Not Month End,5/16/2022,,"insert into Date_Dimension values(20230516, '2023-5-16',2, 16, 1597, 'Tuesday', 'Tue', 'Weekday', 21, 233, '2023-5-15', 20230515, 5, 53, 'May', 'May', 2, 2023, 202305, 11, 4, 2023, 'Not Month End', '2022-5-16')"
20230517,5/17/2023,3,17,1598,Wednesday,Wed,Weekday,21,233,5/15/2023,20230515,5,53,May,May,2,2023,202305,11,4,2023,Not Month End,5/17/2022,,"insert into Date_Dimension values(20230517, '2023-5-17',3, 17, 1598, 'Wednesday', 'Wed', 'Weekday', 21, 233, '2023-5-15', 20230515, 5, 53, 'May', 'May', 2, 2023, 202305, 11, 4, 2023, 'Not Month End', '2022-5-17')"
20230518,5/18/2023,4,18,1599,Thursday,Thu,Weekday,21,233,5/15/2023,20230515,5,53,May,May,2,2023,202305,11,4,2023,Not Month End,5/18/2022,,"insert into Date_Dimension values(20230518, '2023-5-18',4, 18, 1599, 'Thursday', 'Thu', 'Weekday', 21, 233, '2023-5-15', 20230515, 5, 53, 'May', 'May', 2, 2023, 202305, 11, 4, 2023, 'Not Month End', '2022-5-18')"
20230519,5/19/2023,5,19,1600,Friday,Fri,Weekday,21,233,5/15/2023,20230515,5,53,May,May,2,2023,202305,11,4,2023,Not Month End,5/19/2022,,"insert into Date_Dimension values(20230519, '2023-5-19',5, 19, 1600, 'Friday', 'Fri', 'Weekday', 21, 233, '2023-5-15', 20230515, 5, 53, 'May', 'May', 2, 2023, 202305, 11, 4, 2023, 'Not Month End', '2022-5-19')"
20230520,5/20/2023,6,20,1601,Saturday,Sat,Weekend,21,233,5/15/2023,20230515,5,53,May,May,2,2023,202305,11,4,2023,Not Month End,5/20/2022,,"insert into Date_Dimension values(20230520, '2023-5-20',6, 20, 1601, 'Saturday', 'Sat', 'Weekend', 21, 233, '2023-5-15', 20230515, 5, 53, 'May', 'May', 2, 2023, 202305, 11, 4, 2023, 'Not Month End', '2022-5-20')"
20230521,5/21/2023,7,21,1602,Sunday,Sun,Weekend,21,233,5/15/2023,20230515,5,53,May,May,2,2023,202305,11,4,2023,Not Month End,5/21/2022,,"insert into Date_Dimension values(20230521, '2023-5-21',7, 21, 1602, 'Sunday', 'Sun', 'Weekend', 21, 233, '2023-5-15', 20230515, 5, 53, 'May', 'May', 2, 2023, 202305, 11, 4, 2023, 'Not Month End', '2022-5-21')"
20230522,5/22/2023,1,22,1603,Monday,Mon,Weekday,22,234,5/22/2023,20230522,5,53,May,May,2,2023,202305,11,4,2023,Not Month End,5/22/2022,,"insert into Date_Dimension values(20230522, '2023-5-22',1, 22, 1603, 'Monday', 'Mon', 'Weekday', 22, 234, '2023-5-22', 20230522, 5, 53, 'May', 'May', 2, 2023, 202305, 11, 4, 2023, 'Not Month End', '2022-5-22')"
20230523,5/23/2023,2,23,1604,Tuesday,Tue,Weekday,22,234,5/22/2023,20230522,5,53,May,May,2,2023,202305,11,4,2023,Not Month End,5/23/2022,,"insert into Date_Dimension values(20230523, '2023-5-23',2, 23, 1604, 'Tuesday', 'Tue', 'Weekday', 22, 234, '2023-5-22', 20230522, 5, 53, 'May', 'May', 2, 2023, 202305, 11, 4, 2023, 'Not Month End', '2022-5-23')"
20230524,5/24/2023,3,24,1605,Wednesday,Wed,Weekday,22,234,5/22/2023,20230522,5,53,May,May,2,2023,202305,11,4,2023,Not Month End,5/24/2022,,"insert into Date_Dimension values(20230524, '2023-5-24',3, 24, 1605, 'Wednesday', 'Wed', 'Weekday', 22, 234, '2023-5-22', 20230522, 5, 53, 'May', 'May', 2, 2023, 202305, 11, 4, 2023, 'Not Month End', '2022-5-24')"
20230525,5/25/2023,4,25,1606,Thursday,Thu,Weekday,22,234,5/22/2023,20230522,5,53,May,May,2,2023,202305,11,4,2023,Not Month End,5/25/2022,,"insert into Date_Dimension values(20230525, '2023-5-25',4, 25, 1606, 'Thursday', 'Thu', 'Weekday', 22, 234, '2023-5-22', 20230522, 5, 53, 'May', 'May', 2, 2023, 202305, 11, 4, 2023, 'Not Month End', '2022-5-25')"
20230526,5/26/2023,5,26,1607,Friday,Fri,Weekday,22,234,5/22/2023,20230522,5,53,May,May,2,2023,202305,11,4,2023,Not Month End,5/26/2022,,"insert into Date_Dimension values(20230526, '2023-5-26',5, 26, 1607, 'Friday', 'Fri', 'Weekday', 22, 234, '2023-5-22', 20230522, 5, 53, 'May', 'May', 2, 2023, 202305, 11, 4, 2023, 'Not Month End', '2022-5-26')"
20230527,5/27/2023,6,27,1608,Saturday,Sat,Weekend,22,234,5/22/2023,20230522,5,53,May,May,2,2023,202305,11,4,2023,Not Month End,5/27/2022,,"insert into Date_Dimension values(20230527, '2023-5-27',6, 27, 1608, 'Saturday', 'Sat', 'Weekend', 22, 234, '2023-5-22', 20230522, 5, 53, 'May', 'May', 2, 2023, 202305, 11, 4, 2023, 'Not Month End', '2022-5-27')"
20230528,5/28/2023,7,28,1609,Sunday,Sun,Weekend,22,234,5/22/2023,20230522,5,53,May,May,2,2023,202305,11,4,2023,Not Month End,5/28/2022,,"insert into Date_Dimension values(20230528, '2023-5-28',7, 28, 1609, 'Sunday', 'Sun', 'Weekend', 22, 234, '2023-5-22', 20230522, 5, 53, 'May', 'May', 2, 2023, 202305, 11, 4, 2023, 'Not Month End', '2022-5-28')"
20230529,5/29/2023,1,29,1610,Monday,Mon,Weekday,23,235,5/29/2023,20230529,5,53,May,May,2,2023,202305,11,4,2023,Not Month End,5/29/2022,,"insert into Date_Dimension values(20230529, '2023-5-29',1, 29, 1610, 'Monday', 'Mon', 'Weekday', 23, 235, '2023-5-29', 20230529, 5, 53, 'May', 'May', 2, 2023, 202305, 11, 4, 2023, 'Not Month End', '2022-5-29')"
20230530,5/30/2023,2,30,1611,Tuesday,Tue,Weekday,23,235,5/29/2023,20230529,5,53,May,May,2,2023,202305,11,4,2023,Not Month End,5/30/2022,,"insert into Date_Dimension values(20230530, '2023-5-30',2, 30, 1611, 'Tuesday', 'Tue', 'Weekday', 23, 235, '2023-5-29', 20230529, 5, 53, 'May', 'May', 2, 2023, 202305, 11, 4, 2023, 'Not Month End', '2022-5-30')"
20230531,5/31/2023,3,31,1612,Wednesday,Wed,Weekday,23,235,5/29/2023,20230529,5,53,May,May,2,2023,202305,11,4,2023,Month End,5/31/2022,,"insert into Date_Dimension values(20230531, '2023-5-31',3, 31, 1612, 'Wednesday', 'Wed', 'Weekday', 23, 235, '2023-5-29', 20230529, 5, 53, 'May', 'May', 2, 2023, 202305, 11, 4, 2023, 'Month End', '2022-5-31')"
20230601,6/1/2023,4,1,1613,Thursday,Thu,Weekday,23,235,5/29/2023,20230529,6,54,June,Jun,2,2023,202306,12,4,2023,Not Month End,6/1/2022,,"insert into Date_Dimension values(20230601, '2023-6-1',4, 1, 1613, 'Thursday', 'Thu', 'Weekday', 23, 235, '2023-5-29', 20230529, 6, 54, 'June', 'Jun', 2, 2023, 202306, 12, 4, 2023, 'Not Month End', '2022-6-1')"
20230602,6/2/2023,5,2,1614,Friday,Fri,Weekday,23,235,5/29/2023,20230529,6,54,June,Jun,2,2023,202306,12,4,2023,Not Month End,6/2/2022,,"insert into Date_Dimension values(20230602, '2023-6-2',5, 2, 1614, 'Friday', 'Fri', 'Weekday', 23, 235, '2023-5-29', 20230529, 6, 54, 'June', 'Jun', 2, 2023, 202306, 12, 4, 2023, 'Not Month End', '2022-6-2')"
20230603,6/3/2023,6,3,1615,Saturday,Sat,Weekend,23,235,5/29/2023,20230529,6,54,June,Jun,2,2023,202306,12,4,2023,Not Month End,6/3/2022,,"insert into Date_Dimension values(20230603, '2023-6-3',6, 3, 1615, 'Saturday', 'Sat', 'Weekend', 23, 235, '2023-5-29', 20230529, 6, 54, 'June', 'Jun', 2, 2023, 202306, 12, 4, 2023, 'Not Month End', '2022-6-3')"
20230604,6/4/2023,7,4,1616,Sunday,Sun,Weekend,23,235,5/29/2023,20230529,6,54,June,Jun,2,2023,202306,12,4,2023,Not Month End,6/4/2022,,"insert into Date_Dimension values(20230604, '2023-6-4',7, 4, 1616, 'Sunday', 'Sun', 'Weekend', 23, 235, '2023-5-29', 20230529, 6, 54, 'June', 'Jun', 2, 2023, 202306, 12, 4, 2023, 'Not Month End', '2022-6-4')"
20230605,6/5/2023,1,5,1617,Monday,Mon,Weekday,24,236,6/5/2023,20230605,6,54,June,Jun,2,2023,202306,12,4,2023,Not Month End,6/5/2022,,"insert into Date_Dimension values(20230605, '2023-6-5',1, 5, 1617, 'Monday', 'Mon', 'Weekday', 24, 236, '2023-6-5', 20230605, 6, 54, 'June', 'Jun', 2, 2023, 202306, 12, 4, 2023, 'Not Month End', '2022-6-5')"
20230606,6/6/2023,2,6,1618,Tuesday,Tue,Weekday,24,236,6/5/2023,20230605,6,54,June,Jun,2,2023,202306,12,4,2023,Not Month End,6/6/2022,,"insert into Date_Dimension values(20230606, '2023-6-6',2, 6, 1618, 'Tuesday', 'Tue', 'Weekday', 24, 236, '2023-6-5', 20230605, 6, 54, 'June', 'Jun', 2, 2023, 202306, 12, 4, 2023, 'Not Month End', '2022-6-6')"
20230607,6/7/2023,3,7,1619,Wednesday,Wed,Weekday,24,236,6/5/2023,20230605,6,54,June,Jun,2,2023,202306,12,4,2023,Not Month End,6/7/2022,,"insert into Date_Dimension values(20230607, '2023-6-7',3, 7, 1619, 'Wednesday', 'Wed', 'Weekday', 24, 236, '2023-6-5', 20230605, 6, 54, 'June', 'Jun', 2, 2023, 202306, 12, 4, 2023, 'Not Month End', '2022-6-7')"
20230608,6/8/2023,4,8,1620,Thursday,Thu,Weekday,24,236,6/5/2023,20230605,6,54,June,Jun,2,2023,202306,12,4,2023,Not Month End,6/8/2022,,"insert into Date_Dimension values(20230608, '2023-6-8',4, 8, 1620, 'Thursday', 'Thu', 'Weekday', 24, 236, '2023-6-5', 20230605, 6, 54, 'June', 'Jun', 2, 2023, 202306, 12, 4, 2023, 'Not Month End', '2022-6-8')"
20230609,6/9/2023,5,9,1621,Friday,Fri,Weekday,24,236,6/5/2023,20230605,6,54,June,Jun,2,2023,202306,12,4,2023,Not Month End,6/9/2022,,"insert into Date_Dimension values(20230609, '2023-6-9',5, 9, 1621, 'Friday', 'Fri', 'Weekday', 24, 236, '2023-6-5', 20230605, 6, 54, 'June', 'Jun', 2, 2023, 202306, 12, 4, 2023, 'Not Month End', '2022-6-9')"
20230610,6/10/2023,6,10,1622,Saturday,Sat,Weekend,24,236,6/5/2023,20230605,6,54,June,Jun,2,2023,202306,12,4,2023,Not Month End,6/10/2022,,"insert into Date_Dimension values(20230610, '2023-6-10',6, 10, 1622, 'Saturday', 'Sat', 'Weekend', 24, 236, '2023-6-5', 20230605, 6, 54, 'June', 'Jun', 2, 2023, 202306, 12, 4, 2023, 'Not Month End', '2022-6-10')"
20230611,6/11/2023,7,11,1623,Sunday,Sun,Weekend,24,236,6/5/2023,20230605,6,54,June,Jun,2,2023,202306,12,4,2023,Not Month End,6/11/2022,,"insert into Date_Dimension values(20230611, '2023-6-11',7, 11, 1623, 'Sunday', 'Sun', 'Weekend', 24, 236, '2023-6-5', 20230605, 6, 54, 'June', 'Jun', 2, 2023, 202306, 12, 4, 2023, 'Not Month End', '2022-6-11')"
20230612,6/12/2023,1,12,1624,Monday,Mon,Weekday,25,237,6/12/2023,20230612,6,54,June,Jun,2,2023,202306,12,4,2023,Not Month End,6/12/2022,,"insert into Date_Dimension values(20230612, '2023-6-12',1, 12, 1624, 'Monday', 'Mon', 'Weekday', 25, 237, '2023-6-12', 20230612, 6, 54, 'June', 'Jun', 2, 2023, 202306, 12, 4, 2023, 'Not Month End', '2022-6-12')"
20230613,6/13/2023,2,13,1625,Tuesday,Tue,Weekday,25,237,6/12/2023,20230612,6,54,June,Jun,2,2023,202306,12,4,2023,Not Month End,6/13/2022,,"insert into Date_Dimension values(20230613, '2023-6-13',2, 13, 1625, 'Tuesday', 'Tue', 'Weekday', 25, 237, '2023-6-12', 20230612, 6, 54, 'June', 'Jun', 2, 2023, 202306, 12, 4, 2023, 'Not Month End', '2022-6-13')"
20230614,6/14/2023,3,14,1626,Wednesday,Wed,Weekday,25,237,6/12/2023,20230612,6,54,June,Jun,2,2023,202306,12,4,2023,Not Month End,6/14/2022,,"insert into Date_Dimension values(20230614, '2023-6-14',3, 14, 1626, 'Wednesday', 'Wed', 'Weekday', 25, 237, '2023-6-12', 20230612, 6, 54, 'June', 'Jun', 2, 2023, 202306, 12, 4, 2023, 'Not Month End', '2022-6-14')"
20230615,6/15/2023,4,15,1627,Thursday,Thu,Weekday,25,237,6/12/2023,20230612,6,54,June,Jun,2,2023,202306,12,4,2023,Not Month End,6/15/2022,,"insert into Date_Dimension values(20230615, '2023-6-15',4, 15, 1627, 'Thursday', 'Thu', 'Weekday', 25, 237, '2023-6-12', 20230612, 6, 54, 'June', 'Jun', 2, 2023, 202306, 12, 4, 2023, 'Not Month End', '2022-6-15')"
20230616,6/16/2023,5,16,1628,Friday,Fri,Weekday,25,237,6/12/2023,20230612,6,54,June,Jun,2,2023,202306,12,4,2023,Not Month End,6/16/2022,,"insert into Date_Dimension values(20230616, '2023-6-16',5, 16, 1628, 'Friday', 'Fri', 'Weekday', 25, 237, '2023-6-12', 20230612, 6, 54, 'June', 'Jun', 2, 2023, 202306, 12, 4, 2023, 'Not Month End', '2022-6-16')"
20230617,6/17/2023,6,17,1629,Saturday,Sat,Weekend,25,237,6/12/2023,20230612,6,54,June,Jun,2,2023,202306,12,4,2023,Not Month End,6/17/2022,,"insert into Date_Dimension values(20230617, '2023-6-17',6, 17, 1629, 'Saturday', 'Sat', 'Weekend', 25, 237, '2023-6-12', 20230612, 6, 54, 'June', 'Jun', 2, 2023, 202306, 12, 4, 2023, 'Not Month End', '2022-6-17')"
20230618,6/18/2023,7,18,1630,Sunday,Sun,Weekend,25,237,6/12/2023,20230612,6,54,June,Jun,2,2023,202306,12,4,2023,Not Month End,6/18/2022,,"insert into Date_Dimension values(20230618, '2023-6-18',7, 18, 1630, 'Sunday', 'Sun', 'Weekend', 25, 237, '2023-6-12', 20230612, 6, 54, 'June', 'Jun', 2, 2023, 202306, 12, 4, 2023, 'Not Month End', '2022-6-18')"
20230619,6/19/2023,1,19,1631,Monday,Mon,Weekday,26,238,6/19/2023,20230619,6,54,June,Jun,2,2023,202306,12,4,2023,Not Month End,6/19/2022,,"insert into Date_Dimension values(20230619, '2023-6-19',1, 19, 1631, 'Monday', 'Mon', 'Weekday', 26, 238, '2023-6-19', 20230619, 6, 54, 'June', 'Jun', 2, 2023, 202306, 12, 4, 2023, 'Not Month End', '2022-6-19')"
20230620,6/20/2023,2,20,1632,Tuesday,Tue,Weekday,26,238,6/19/2023,20230619,6,54,June,Jun,2,2023,202306,12,4,2023,Not Month End,6/20/2022,,"insert into Date_Dimension values(20230620, '2023-6-20',2, 20, 1632, 'Tuesday', 'Tue', 'Weekday', 26, 238, '2023-6-19', 20230619, 6, 54, 'June', 'Jun', 2, 2023, 202306, 12, 4, 2023, 'Not Month End', '2022-6-20')"
20230621,6/21/2023,3,21,1633,Wednesday,Wed,Weekday,26,238,6/19/2023,20230619,6,54,June,Jun,2,2023,202306,12,4,2023,Not Month End,6/21/2022,,"insert into Date_Dimension values(20230621, '2023-6-21',3, 21, 1633, 'Wednesday', 'Wed', 'Weekday', 26, 238, '2023-6-19', 20230619, 6, 54, 'June', 'Jun', 2, 2023, 202306, 12, 4, 2023, 'Not Month End', '2022-6-21')"
20230622,6/22/2023,4,22,1634,Thursday,Thu,Weekday,26,238,6/19/2023,20230619,6,54,June,Jun,2,2023,202306,12,4,2023,Not Month End,6/22/2022,,"insert into Date_Dimension values(20230622, '2023-6-22',4, 22, 1634, 'Thursday', 'Thu', 'Weekday', 26, 238, '2023-6-19', 20230619, 6, 54, 'June', 'Jun', 2, 2023, 202306, 12, 4, 2023, 'Not Month End', '2022-6-22')"
20230623,6/23/2023,5,23,1635,Friday,Fri,Weekday,26,238,6/19/2023,20230619,6,54,June,Jun,2,2023,202306,12,4,2023,Not Month End,6/23/2022,,"insert into Date_Dimension values(20230623, '2023-6-23',5, 23, 1635, 'Friday', 'Fri', 'Weekday', 26, 238, '2023-6-19', 20230619, 6, 54, 'June', 'Jun', 2, 2023, 202306, 12, 4, 2023, 'Not Month End', '2022-6-23')"
20230624,6/24/2023,6,24,1636,Saturday,Sat,Weekend,26,238,6/19/2023,20230619,6,54,June,Jun,2,2023,202306,12,4,2023,Not Month End,6/24/2022,,"insert into Date_Dimension values(20230624, '2023-6-24',6, 24, 1636, 'Saturday', 'Sat', 'Weekend', 26, 238, '2023-6-19', 20230619, 6, 54, 'June', 'Jun', 2, 2023, 202306, 12, 4, 2023, 'Not Month End', '2022-6-24')"
20230625,6/25/2023,7,25,1637,Sunday,Sun,Weekend,26,238,6/19/2023,20230619,6,54,June,Jun,2,2023,202306,12,4,2023,Not Month End,6/25/2022,,"insert into Date_Dimension values(20230625, '2023-6-25',7, 25, 1637, 'Sunday', 'Sun', 'Weekend', 26, 238, '2023-6-19', 20230619, 6, 54, 'June', 'Jun', 2, 2023, 202306, 12, 4, 2023, 'Not Month End', '2022-6-25')"
20230626,6/26/2023,1,26,1638,Monday,Mon,Weekday,27,239,6/26/2023,20230626,6,54,June,Jun,2,2023,202306,12,4,2023,Not Month End,6/26/2022,,"insert into Date_Dimension values(20230626, '2023-6-26',1, 26, 1638, 'Monday', 'Mon', 'Weekday', 27, 239, '2023-6-26', 20230626, 6, 54, 'June', 'Jun', 2, 2023, 202306, 12, 4, 2023, 'Not Month End', '2022-6-26')"
20230627,6/27/2023,2,27,1639,Tuesday,Tue,Weekday,27,239,6/26/2023,20230626,6,54,June,Jun,2,2023,202306,12,4,2023,Not Month End,6/27/2022,,"insert into Date_Dimension values(20230627, '2023-6-27',2, 27, 1639, 'Tuesday', 'Tue', 'Weekday', 27, 239, '2023-6-26', 20230626, 6, 54, 'June', 'Jun', 2, 2023, 202306, 12, 4, 2023, 'Not Month End', '2022-6-27')"
20230628,6/28/2023,3,28,1640,Wednesday,Wed,Weekday,27,239,6/26/2023,20230626,6,54,June,Jun,2,2023,202306,12,4,2023,Not Month End,6/28/2022,,"insert into Date_Dimension values(20230628, '2023-6-28',3, 28, 1640, 'Wednesday', 'Wed', 'Weekday', 27, 239, '2023-6-26', 20230626, 6, 54, 'June', 'Jun', 2, 2023, 202306, 12, 4, 2023, 'Not Month End', '2022-6-28')"
20230629,6/29/2023,4,29,1641,Thursday,Thu,Weekday,27,239,6/26/2023,20230626,6,54,June,Jun,2,2023,202306,12,4,2023,Not Month End,6/29/2022,,"insert into Date_Dimension values(20230629, '2023-6-29',4, 29, 1641, 'Thursday', 'Thu', 'Weekday', 27, 239, '2023-6-26', 20230626, 6, 54, 'June', 'Jun', 2, 2023, 202306, 12, 4, 2023, 'Not Month End', '2022-6-29')"
20230630,6/30/2023,5,30,1642,Friday,Fri,Weekday,27,239,6/26/2023,20230626,6,54,June,Jun,2,2023,202306,12,4,2023,Month End,6/30/2022,,"insert into Date_Dimension values(20230630, '2023-6-30',5, 30, 1642, 'Friday', 'Fri', 'Weekday', 27, 239, '2023-6-26', 20230626, 6, 54, 'June', 'Jun', 2, 2023, 202306, 12, 4, 2023, 'Month End', '2022-6-30')"
20230701,7/1/2023,6,1,1643,Saturday,Sat,Weekend,27,239,6/26/2023,20230626,7,55,July,Jul,3,2023,202307,1,1,2024,Not Month End,7/1/2022,,"insert into Date_Dimension values(20230701, '2023-7-1',6, 1, 1643, 'Saturday', 'Sat', 'Weekend', 27, 239, '2023-6-26', 20230626, 7, 55, 'July', 'Jul', 3, 2023, 202307, 1, 1, 2024, 'Not Month End', '2022-7-1')"
20230702,7/2/2023,7,2,1644,Sunday,Sun,Weekend,27,239,6/26/2023,20230626,7,55,July,Jul,3,2023,202307,1,1,2024,Not Month End,7/2/2022,,"insert into Date_Dimension values(20230702, '2023-7-2',7, 2, 1644, 'Sunday', 'Sun', 'Weekend', 27, 239, '2023-6-26', 20230626, 7, 55, 'July', 'Jul', 3, 2023, 202307, 1, 1, 2024, 'Not Month End', '2022-7-2')"
20230703,7/3/2023,1,3,1645,Monday,Mon,Weekday,28,240,7/3/2023,20230703,7,55,July,Jul,3,2023,202307,1,1,2024,Not Month End,7/3/2022,,"insert into Date_Dimension values(20230703, '2023-7-3',1, 3, 1645, 'Monday', 'Mon', 'Weekday', 28, 240, '2023-7-3', 20230703, 7, 55, 'July', 'Jul', 3, 2023, 202307, 1, 1, 2024, 'Not Month End', '2022-7-3')"
20230704,7/4/2023,2,4,1646,Tuesday,Tue,Weekday,28,240,7/3/2023,20230703,7,55,July,Jul,3,2023,202307,1,1,2024,Not Month End,7/4/2022,,"insert into Date_Dimension values(20230704, '2023-7-4',2, 4, 1646, 'Tuesday', 'Tue', 'Weekday', 28, 240, '2023-7-3', 20230703, 7, 55, 'July', 'Jul', 3, 2023, 202307, 1, 1, 2024, 'Not Month End', '2022-7-4')"
20230705,7/5/2023,3,5,1647,Wednesday,Wed,Weekday,28,240,7/3/2023,20230703,7,55,July,Jul,3,2023,202307,1,1,2024,Not Month End,7/5/2022,,"insert into Date_Dimension values(20230705, '2023-7-5',3, 5, 1647, 'Wednesday', 'Wed', 'Weekday', 28, 240, '2023-7-3', 20230703, 7, 55, 'July', 'Jul', 3, 2023, 202307, 1, 1, 2024, 'Not Month End', '2022-7-5')"
20230706,7/6/2023,4,6,1648,Thursday,Thu,Weekday,28,240,7/3/2023,20230703,7,55,July,Jul,3,2023,202307,1,1,2024,Not Month End,7/6/2022,,"insert into Date_Dimension values(20230706, '2023-7-6',4, 6, 1648, 'Thursday', 'Thu', 'Weekday', 28, 240, '2023-7-3', 20230703, 7, 55, 'July', 'Jul', 3, 2023, 202307, 1, 1, 2024, 'Not Month End', '2022-7-6')"
20230707,7/7/2023,5,7,1649,Friday,Fri,Weekday,28,240,7/3/2023,20230703,7,55,July,Jul,3,2023,202307,1,1,2024,Not Month End,7/7/2022,,"insert into Date_Dimension values(20230707, '2023-7-7',5, 7, 1649, 'Friday', 'Fri', 'Weekday', 28, 240, '2023-7-3', 20230703, 7, 55, 'July', 'Jul', 3, 2023, 202307, 1, 1, 2024, 'Not Month End', '2022-7-7')"
20230708,7/8/2023,6,8,1650,Saturday,Sat,Weekend,28,240,7/3/2023,20230703,7,55,July,Jul,3,2023,202307,1,1,2024,Not Month End,7/8/2022,,"insert into Date_Dimension values(20230708, '2023-7-8',6, 8, 1650, 'Saturday', 'Sat', 'Weekend', 28, 240, '2023-7-3', 20230703, 7, 55, 'July', 'Jul', 3, 2023, 202307, 1, 1, 2024, 'Not Month End', '2022-7-8')"
20230709,7/9/2023,7,9,1651,Sunday,Sun,Weekend,28,240,7/3/2023,20230703,7,55,July,Jul,3,2023,202307,1,1,2024,Not Month End,7/9/2022,,"insert into Date_Dimension values(20230709, '2023-7-9',7, 9, 1651, 'Sunday', 'Sun', 'Weekend', 28, 240, '2023-7-3', 20230703, 7, 55, 'July', 'Jul', 3, 2023, 202307, 1, 1, 2024, 'Not Month End', '2022-7-9')"
20230710,7/10/2023,1,10,1652,Monday,Mon,Weekday,29,241,7/10/2023,20230710,7,55,July,Jul,3,2023,202307,1,1,2024,Not Month End,7/10/2022,,"insert into Date_Dimension values(20230710, '2023-7-10',1, 10, 1652, 'Monday', 'Mon', 'Weekday', 29, 241, '2023-7-10', 20230710, 7, 55, 'July', 'Jul', 3, 2023, 202307, 1, 1, 2024, 'Not Month End', '2022-7-10')"
20230711,7/11/2023,2,11,1653,Tuesday,Tue,Weekday,29,241,7/10/2023,20230710,7,55,July,Jul,3,2023,202307,1,1,2024,Not Month End,7/11/2022,,"insert into Date_Dimension values(20230711, '2023-7-11',2, 11, 1653, 'Tuesday', 'Tue', 'Weekday', 29, 241, '2023-7-10', 20230710, 7, 55, 'July', 'Jul', 3, 2023, 202307, 1, 1, 2024, 'Not Month End', '2022-7-11')"
20230712,7/12/2023,3,12,1654,Wednesday,Wed,Weekday,29,241,7/10/2023,20230710,7,55,July,Jul,3,2023,202307,1,1,2024,Not Month End,7/12/2022,,"insert into Date_Dimension values(20230712, '2023-7-12',3, 12, 1654, 'Wednesday', 'Wed', 'Weekday', 29, 241, '2023-7-10', 20230710, 7, 55, 'July', 'Jul', 3, 2023, 202307, 1, 1, 2024, 'Not Month End', '2022-7-12')"
20230713,7/13/2023,4,13,1655,Thursday,Thu,Weekday,29,241,7/10/2023,20230710,7,55,July,Jul,3,2023,202307,1,1,2024,Not Month End,7/13/2022,,"insert into Date_Dimension values(20230713, '2023-7-13',4, 13, 1655, 'Thursday', 'Thu', 'Weekday', 29, 241, '2023-7-10', 20230710, 7, 55, 'July', 'Jul', 3, 2023, 202307, 1, 1, 2024, 'Not Month End', '2022-7-13')"
20230714,7/14/2023,5,14,1656,Friday,Fri,Weekday,29,241,7/10/2023,20230710,7,55,July,Jul,3,2023,202307,1,1,2024,Not Month End,7/14/2022,,"insert into Date_Dimension values(20230714, '2023-7-14',5, 14, 1656, 'Friday', 'Fri', 'Weekday', 29, 241, '2023-7-10', 20230710, 7, 55, 'July', 'Jul', 3, 2023, 202307, 1, 1, 2024, 'Not Month End', '2022-7-14')"
20230715,7/15/2023,6,15,1657,Saturday,Sat,Weekend,29,241,7/10/2023,20230710,7,55,July,Jul,3,2023,202307,1,1,2024,Not Month End,7/15/2022,,"insert into Date_Dimension values(20230715, '2023-7-15',6, 15, 1657, 'Saturday', 'Sat', 'Weekend', 29, 241, '2023-7-10', 20230710, 7, 55, 'July', 'Jul', 3, 2023, 202307, 1, 1, 2024, 'Not Month End', '2022-7-15')"
20230716,7/16/2023,7,16,1658,Sunday,Sun,Weekend,29,241,7/10/2023,20230710,7,55,July,Jul,3,2023,202307,1,1,2024,Not Month End,7/16/2022,,"insert into Date_Dimension values(20230716, '2023-7-16',7, 16, 1658, 'Sunday', 'Sun', 'Weekend', 29, 241, '2023-7-10', 20230710, 7, 55, 'July', 'Jul', 3, 2023, 202307, 1, 1, 2024, 'Not Month End', '2022-7-16')"
20230717,7/17/2023,1,17,1659,Monday,Mon,Weekday,30,242,7/17/2023,20230717,7,55,July,Jul,3,2023,202307,1,1,2024,Not Month End,7/17/2022,,"insert into Date_Dimension values(20230717, '2023-7-17',1, 17, 1659, 'Monday', 'Mon', 'Weekday', 30, 242, '2023-7-17', 20230717, 7, 55, 'July', 'Jul', 3, 2023, 202307, 1, 1, 2024, 'Not Month End', '2022-7-17')"
20230718,7/18/2023,2,18,1660,Tuesday,Tue,Weekday,30,242,7/17/2023,20230717,7,55,July,Jul,3,2023,202307,1,1,2024,Not Month End,7/18/2022,,"insert into Date_Dimension values(20230718, '2023-7-18',2, 18, 1660, 'Tuesday', 'Tue', 'Weekday', 30, 242, '2023-7-17', 20230717, 7, 55, 'July', 'Jul', 3, 2023, 202307, 1, 1, 2024, 'Not Month End', '2022-7-18')"
20230719,7/19/2023,3,19,1661,Wednesday,Wed,Weekday,30,242,7/17/2023,20230717,7,55,July,Jul,3,2023,202307,1,1,2024,Not Month End,7/19/2022,,"insert into Date_Dimension values(20230719, '2023-7-19',3, 19, 1661, 'Wednesday', 'Wed', 'Weekday', 30, 242, '2023-7-17', 20230717, 7, 55, 'July', 'Jul', 3, 2023, 202307, 1, 1, 2024, 'Not Month End', '2022-7-19')"
20230720,7/20/2023,4,20,1662,Thursday,Thu,Weekday,30,242,7/17/2023,20230717,7,55,July,Jul,3,2023,202307,1,1,2024,Not Month End,7/20/2022,,"insert into Date_Dimension values(20230720, '2023-7-20',4, 20, 1662, 'Thursday', 'Thu', 'Weekday', 30, 242, '2023-7-17', 20230717, 7, 55, 'July', 'Jul', 3, 2023, 202307, 1, 1, 2024, 'Not Month End', '2022-7-20')"
20230721,7/21/2023,5,21,1663,Friday,Fri,Weekday,30,242,7/17/2023,20230717,7,55,July,Jul,3,2023,202307,1,1,2024,Not Month End,7/21/2022,,"insert into Date_Dimension values(20230721, '2023-7-21',5, 21, 1663, 'Friday', 'Fri', 'Weekday', 30, 242, '2023-7-17', 20230717, 7, 55, 'July', 'Jul', 3, 2023, 202307, 1, 1, 2024, 'Not Month End', '2022-7-21')"
20230722,7/22/2023,6,22,1664,Saturday,Sat,Weekend,30,242,7/17/2023,20230717,7,55,July,Jul,3,2023,202307,1,1,2024,Not Month End,7/22/2022,,"insert into Date_Dimension values(20230722, '2023-7-22',6, 22, 1664, 'Saturday', 'Sat', 'Weekend', 30, 242, '2023-7-17', 20230717, 7, 55, 'July', 'Jul', 3, 2023, 202307, 1, 1, 2024, 'Not Month End', '2022-7-22')"
20230723,7/23/2023,7,23,1665,Sunday,Sun,Weekend,30,242,7/17/2023,20230717,7,55,July,Jul,3,2023,202307,1,1,2024,Not Month End,7/23/2022,,"insert into Date_Dimension values(20230723, '2023-7-23',7, 23, 1665, 'Sunday', 'Sun', 'Weekend', 30, 242, '2023-7-17', 20230717, 7, 55, 'July', 'Jul', 3, 2023, 202307, 1, 1, 2024, 'Not Month End', '2022-7-23')"
20230724,7/24/2023,1,24,1666,Monday,Mon,Weekday,31,243,7/24/2023,20230724,7,55,July,Jul,3,2023,202307,1,1,2024,Not Month End,7/24/2022,,"insert into Date_Dimension values(20230724, '2023-7-24',1, 24, 1666, 'Monday', 'Mon', 'Weekday', 31, 243, '2023-7-24', 20230724, 7, 55, 'July', 'Jul', 3, 2023, 202307, 1, 1, 2024, 'Not Month End', '2022-7-24')"
20230725,7/25/2023,2,25,1667,Tuesday,Tue,Weekday,31,243,7/24/2023,20230724,7,55,July,Jul,3,2023,202307,1,1,2024,Not Month End,7/25/2022,,"insert into Date_Dimension values(20230725, '2023-7-25',2, 25, 1667, 'Tuesday', 'Tue', 'Weekday', 31, 243, '2023-7-24', 20230724, 7, 55, 'July', 'Jul', 3, 2023, 202307, 1, 1, 2024, 'Not Month End', '2022-7-25')"
20230726,7/26/2023,3,26,1668,Wednesday,Wed,Weekday,31,243,7/24/2023,20230724,7,55,July,Jul,3,2023,202307,1,1,2024,Not Month End,7/26/2022,,"insert into Date_Dimension values(20230726, '2023-7-26',3, 26, 1668, 'Wednesday', 'Wed', 'Weekday', 31, 243, '2023-7-24', 20230724, 7, 55, 'July', 'Jul', 3, 2023, 202307, 1, 1, 2024, 'Not Month End', '2022-7-26')"
20230727,7/27/2023,4,27,1669,Thursday,Thu,Weekday,31,243,7/24/2023,20230724,7,55,July,Jul,3,2023,202307,1,1,2024,Not Month End,7/27/2022,,"insert into Date_Dimension values(20230727, '2023-7-27',4, 27, 1669, 'Thursday', 'Thu', 'Weekday', 31, 243, '2023-7-24', 20230724, 7, 55, 'July', 'Jul', 3, 2023, 202307, 1, 1, 2024, 'Not Month End', '2022-7-27')"
20230728,7/28/2023,5,28,1670,Friday,Fri,Weekday,31,243,7/24/2023,20230724,7,55,July,Jul,3,2023,202307,1,1,2024,Not Month End,7/28/2022,,"insert into Date_Dimension values(20230728, '2023-7-28',5, 28, 1670, 'Friday', 'Fri', 'Weekday', 31, 243, '2023-7-24', 20230724, 7, 55, 'July', 'Jul', 3, 2023, 202307, 1, 1, 2024, 'Not Month End', '2022-7-28')"
20230729,7/29/2023,6,29,1671,Saturday,Sat,Weekend,31,243,7/24/2023,20230724,7,55,July,Jul,3,2023,202307,1,1,2024,Not Month End,7/29/2022,,"insert into Date_Dimension values(20230729, '2023-7-29',6, 29, 1671, 'Saturday', 'Sat', 'Weekend', 31, 243, '2023-7-24', 20230724, 7, 55, 'July', 'Jul', 3, 2023, 202307, 1, 1, 2024, 'Not Month End', '2022-7-29')"
20230730,7/30/2023,7,30,1672,Sunday,Sun,Weekend,31,243,7/24/2023,20230724,7,55,July,Jul,3,2023,202307,1,1,2024,Not Month End,7/30/2022,,"insert into Date_Dimension values(20230730, '2023-7-30',7, 30, 1672, 'Sunday', 'Sun', 'Weekend', 31, 243, '2023-7-24', 20230724, 7, 55, 'July', 'Jul', 3, 2023, 202307, 1, 1, 2024, 'Not Month End', '2022-7-30')"
20230731,7/31/2023,1,31,1673,Monday,Mon,Weekday,32,244,7/31/2023,20230731,7,55,July,Jul,3,2023,202307,1,1,2024,Month End,7/31/2022,,"insert into Date_Dimension values(20230731, '2023-7-31',1, 31, 1673, 'Monday', 'Mon', 'Weekday', 32, 244, '2023-7-31', 20230731, 7, 55, 'July', 'Jul', 3, 2023, 202307, 1, 1, 2024, 'Month End', '2022-7-31')"
20230801,8/1/2023,2,1,1674,Tuesday,Tue,Weekday,32,244,7/31/2023,20230731,8,56,August,Aug,3,2023,202308,2,1,2024,Not Month End,8/1/2022,,"insert into Date_Dimension values(20230801, '2023-8-1',2, 1, 1674, 'Tuesday', 'Tue', 'Weekday', 32, 244, '2023-7-31', 20230731, 8, 56, 'August', 'Aug', 3, 2023, 202308, 2, 1, 2024, 'Not Month End', '2022-8-1')"
20230802,8/2/2023,3,2,1675,Wednesday,Wed,Weekday,32,244,7/31/2023,20230731,8,56,August,Aug,3,2023,202308,2,1,2024,Not Month End,8/2/2022,,"insert into Date_Dimension values(20230802, '2023-8-2',3, 2, 1675, 'Wednesday', 'Wed', 'Weekday', 32, 244, '2023-7-31', 20230731, 8, 56, 'August', 'Aug', 3, 2023, 202308, 2, 1, 2024, 'Not Month End', '2022-8-2')"
20230803,8/3/2023,4,3,1676,Thursday,Thu,Weekday,32,244,7/31/2023,20230731,8,56,August,Aug,3,2023,202308,2,1,2024,Not Month End,8/3/2022,,"insert into Date_Dimension values(20230803, '2023-8-3',4, 3, 1676, 'Thursday', 'Thu', 'Weekday', 32, 244, '2023-7-31', 20230731, 8, 56, 'August', 'Aug', 3, 2023, 202308, 2, 1, 2024, 'Not Month End', '2022-8-3')"
20230804,8/4/2023,5,4,1677,Friday,Fri,Weekday,32,244,7/31/2023,20230731,8,56,August,Aug,3,2023,202308,2,1,2024,Not Month End,8/4/2022,,"insert into Date_Dimension values(20230804, '2023-8-4',5, 4, 1677, 'Friday', 'Fri', 'Weekday', 32, 244, '2023-7-31', 20230731, 8, 56, 'August', 'Aug', 3, 2023, 202308, 2, 1, 2024, 'Not Month End', '2022-8-4')"
20230805,8/5/2023,6,5,1678,Saturday,Sat,Weekend,32,244,7/31/2023,20230731,8,56,August,Aug,3,2023,202308,2,1,2024,Not Month End,8/5/2022,,"insert into Date_Dimension values(20230805, '2023-8-5',6, 5, 1678, 'Saturday', 'Sat', 'Weekend', 32, 244, '2023-7-31', 20230731, 8, 56, 'August', 'Aug', 3, 2023, 202308, 2, 1, 2024, 'Not Month End', '2022-8-5')"
20230806,8/6/2023,7,6,1679,Sunday,Sun,Weekend,32,244,7/31/2023,20230731,8,56,August,Aug,3,2023,202308,2,1,2024,Not Month End,8/6/2022,,"insert into Date_Dimension values(20230806, '2023-8-6',7, 6, 1679, 'Sunday', 'Sun', 'Weekend', 32, 244, '2023-7-31', 20230731, 8, 56, 'August', 'Aug', 3, 2023, 202308, 2, 1, 2024, 'Not Month End', '2022-8-6')"
20230807,8/7/2023,1,7,1680,Monday,Mon,Weekday,33,245,8/7/2023,20230807,8,56,August,Aug,3,2023,202308,2,1,2024,Not Month End,8/7/2022,,"insert into Date_Dimension values(20230807, '2023-8-7',1, 7, 1680, 'Monday', 'Mon', 'Weekday', 33, 245, '2023-8-7', 20230807, 8, 56, 'August', 'Aug', 3, 2023, 202308, 2, 1, 2024, 'Not Month End', '2022-8-7')"
20230808,8/8/2023,2,8,1681,Tuesday,Tue,Weekday,33,245,8/7/2023,20230807,8,56,August,Aug,3,2023,202308,2,1,2024,Not Month End,8/8/2022,,"insert into Date_Dimension values(20230808, '2023-8-8',2, 8, 1681, 'Tuesday', 'Tue', 'Weekday', 33, 245, '2023-8-7', 20230807, 8, 56, 'August', 'Aug', 3, 2023, 202308, 2, 1, 2024, 'Not Month End', '2022-8-8')"
20230809,8/9/2023,3,9,1682,Wednesday,Wed,Weekday,33,245,8/7/2023,20230807,8,56,August,Aug,3,2023,202308,2,1,2024,Not Month End,8/9/2022,,"insert into Date_Dimension values(20230809, '2023-8-9',3, 9, 1682, 'Wednesday', 'Wed', 'Weekday', 33, 245, '2023-8-7', 20230807, 8, 56, 'August', 'Aug', 3, 2023, 202308, 2, 1, 2024, 'Not Month End', '2022-8-9')"
20230810,8/10/2023,4,10,1683,Thursday,Thu,Weekday,33,245,8/7/2023,20230807,8,56,August,Aug,3,2023,202308,2,1,2024,Not Month End,8/10/2022,,"insert into Date_Dimension values(20230810, '2023-8-10',4, 10, 1683, 'Thursday', 'Thu', 'Weekday', 33, 245, '2023-8-7', 20230807, 8, 56, 'August', 'Aug', 3, 2023, 202308, 2, 1, 2024, 'Not Month End', '2022-8-10')"
20230811,8/11/2023,5,11,1684,Friday,Fri,Weekday,33,245,8/7/2023,20230807,8,56,August,Aug,3,2023,202308,2,1,2024,Not Month End,8/11/2022,,"insert into Date_Dimension values(20230811, '2023-8-11',5, 11, 1684, 'Friday', 'Fri', 'Weekday', 33, 245, '2023-8-7', 20230807, 8, 56, 'August', 'Aug', 3, 2023, 202308, 2, 1, 2024, 'Not Month End', '2022-8-11')"
20230812,8/12/2023,6,12,1685,Saturday,Sat,Weekend,33,245,8/7/2023,20230807,8,56,August,Aug,3,2023,202308,2,1,2024,Not Month End,8/12/2022,,"insert into Date_Dimension values(20230812, '2023-8-12',6, 12, 1685, 'Saturday', 'Sat', 'Weekend', 33, 245, '2023-8-7', 20230807, 8, 56, 'August', 'Aug', 3, 2023, 202308, 2, 1, 2024, 'Not Month End', '2022-8-12')"
20230813,8/13/2023,7,13,1686,Sunday,Sun,Weekend,33,245,8/7/2023,20230807,8,56,August,Aug,3,2023,202308,2,1,2024,Not Month End,8/13/2022,,"insert into Date_Dimension values(20230813, '2023-8-13',7, 13, 1686, 'Sunday', 'Sun', 'Weekend', 33, 245, '2023-8-7', 20230807, 8, 56, 'August', 'Aug', 3, 2023, 202308, 2, 1, 2024, 'Not Month End', '2022-8-13')"
20230814,8/14/2023,1,14,1687,Monday,Mon,Weekday,34,246,8/14/2023,20230814,8,56,August,Aug,3,2023,202308,2,1,2024,Not Month End,8/14/2022,,"insert into Date_Dimension values(20230814, '2023-8-14',1, 14, 1687, 'Monday', 'Mon', 'Weekday', 34, 246, '2023-8-14', 20230814, 8, 56, 'August', 'Aug', 3, 2023, 202308, 2, 1, 2024, 'Not Month End', '2022-8-14')"
20230815,8/15/2023,2,15,1688,Tuesday,Tue,Weekday,34,246,8/14/2023,20230814,8,56,August,Aug,3,2023,202308,2,1,2024,Not Month End,8/15/2022,,"insert into Date_Dimension values(20230815, '2023-8-15',2, 15, 1688, 'Tuesday', 'Tue', 'Weekday', 34, 246, '2023-8-14', 20230814, 8, 56, 'August', 'Aug', 3, 2023, 202308, 2, 1, 2024, 'Not Month End', '2022-8-15')"
20230816,8/16/2023,3,16,1689,Wednesday,Wed,Weekday,34,246,8/14/2023,20230814,8,56,August,Aug,3,2023,202308,2,1,2024,Not Month End,8/16/2022,,"insert into Date_Dimension values(20230816, '2023-8-16',3, 16, 1689, 'Wednesday', 'Wed', 'Weekday', 34, 246, '2023-8-14', 20230814, 8, 56, 'August', 'Aug', 3, 2023, 202308, 2, 1, 2024, 'Not Month End', '2022-8-16')"
20230817,8/17/2023,4,17,1690,Thursday,Thu,Weekday,34,246,8/14/2023,20230814,8,56,August,Aug,3,2023,202308,2,1,2024,Not Month End,8/17/2022,,"insert into Date_Dimension values(20230817, '2023-8-17',4, 17, 1690, 'Thursday', 'Thu', 'Weekday', 34, 246, '2023-8-14', 20230814, 8, 56, 'August', 'Aug', 3, 2023, 202308, 2, 1, 2024, 'Not Month End', '2022-8-17')"
20230818,8/18/2023,5,18,1691,Friday,Fri,Weekday,34,246,8/14/2023,20230814,8,56,August,Aug,3,2023,202308,2,1,2024,Not Month End,8/18/2022,,"insert into Date_Dimension values(20230818, '2023-8-18',5, 18, 1691, 'Friday', 'Fri', 'Weekday', 34, 246, '2023-8-14', 20230814, 8, 56, 'August', 'Aug', 3, 2023, 202308, 2, 1, 2024, 'Not Month End', '2022-8-18')"
20230819,8/19/2023,6,19,1692,Saturday,Sat,Weekend,34,246,8/14/2023,20230814,8,56,August,Aug,3,2023,202308,2,1,2024,Not Month End,8/19/2022,,"insert into Date_Dimension values(20230819, '2023-8-19',6, 19, 1692, 'Saturday', 'Sat', 'Weekend', 34, 246, '2023-8-14', 20230814, 8, 56, 'August', 'Aug', 3, 2023, 202308, 2, 1, 2024, 'Not Month End', '2022-8-19')"
20230820,8/20/2023,7,20,1693,Sunday,Sun,Weekend,34,246,8/14/2023,20230814,8,56,August,Aug,3,2023,202308,2,1,2024,Not Month End,8/20/2022,,"insert into Date_Dimension values(20230820, '2023-8-20',7, 20, 1693, 'Sunday', 'Sun', 'Weekend', 34, 246, '2023-8-14', 20230814, 8, 56, 'August', 'Aug', 3, 2023, 202308, 2, 1, 2024, 'Not Month End', '2022-8-20')"
20230821,8/21/2023,1,21,1694,Monday,Mon,Weekday,35,247,8/21/2023,20230821,8,56,August,Aug,3,2023,202308,2,1,2024,Not Month End,8/21/2022,,"insert into Date_Dimension values(20230821, '2023-8-21',1, 21, 1694, 'Monday', 'Mon', 'Weekday', 35, 247, '2023-8-21', 20230821, 8, 56, 'August', 'Aug', 3, 2023, 202308, 2, 1, 2024, 'Not Month End', '2022-8-21')"
20230822,8/22/2023,2,22,1695,Tuesday,Tue,Weekday,35,247,8/21/2023,20230821,8,56,August,Aug,3,2023,202308,2,1,2024,Not Month End,8/22/2022,,"insert into Date_Dimension values(20230822, '2023-8-22',2, 22, 1695, 'Tuesday', 'Tue', 'Weekday', 35, 247, '2023-8-21', 20230821, 8, 56, 'August', 'Aug', 3, 2023, 202308, 2, 1, 2024, 'Not Month End', '2022-8-22')"
20230823,8/23/2023,3,23,1696,Wednesday,Wed,Weekday,35,247,8/21/2023,20230821,8,56,August,Aug,3,2023,202308,2,1,2024,Not Month End,8/23/2022,,"insert into Date_Dimension values(20230823, '2023-8-23',3, 23, 1696, 'Wednesday', 'Wed', 'Weekday', 35, 247, '2023-8-21', 20230821, 8, 56, 'August', 'Aug', 3, 2023, 202308, 2, 1, 2024, 'Not Month End', '2022-8-23')"
20230824,8/24/2023,4,24,1697,Thursday,Thu,Weekday,35,247,8/21/2023,20230821,8,56,August,Aug,3,2023,202308,2,1,2024,Not Month End,8/24/2022,,"insert into Date_Dimension values(20230824, '2023-8-24',4, 24, 1697, 'Thursday', 'Thu', 'Weekday', 35, 247, '2023-8-21', 20230821, 8, 56, 'August', 'Aug', 3, 2023, 202308, 2, 1, 2024, 'Not Month End', '2022-8-24')"
20230825,8/25/2023,5,25,1698,Friday,Fri,Weekday,35,247,8/21/2023,20230821,8,56,August,Aug,3,2023,202308,2,1,2024,Not Month End,8/25/2022,,"insert into Date_Dimension values(20230825, '2023-8-25',5, 25, 1698, 'Friday', 'Fri', 'Weekday', 35, 247, '2023-8-21', 20230821, 8, 56, 'August', 'Aug', 3, 2023, 202308, 2, 1, 2024, 'Not Month End', '2022-8-25')"
20230826,8/26/2023,6,26,1699,Saturday,Sat,Weekend,35,247,8/21/2023,20230821,8,56,August,Aug,3,2023,202308,2,1,2024,Not Month End,8/26/2022,,"insert into Date_Dimension values(20230826, '2023-8-26',6, 26, 1699, 'Saturday', 'Sat', 'Weekend', 35, 247, '2023-8-21', 20230821, 8, 56, 'August', 'Aug', 3, 2023, 202308, 2, 1, 2024, 'Not Month End', '2022-8-26')"
20230827,8/27/2023,7,27,1700,Sunday,Sun,Weekend,35,247,8/21/2023,20230821,8,56,August,Aug,3,2023,202308,2,1,2024,Not Month End,8/27/2022,,"insert into Date_Dimension values(20230827, '2023-8-27',7, 27, 1700, 'Sunday', 'Sun', 'Weekend', 35, 247, '2023-8-21', 20230821, 8, 56, 'August', 'Aug', 3, 2023, 202308, 2, 1, 2024, 'Not Month End', '2022-8-27')"
20230828,8/28/2023,1,28,1701,Monday,Mon,Weekday,36,248,8/28/2023,20230828,8,56,August,Aug,3,2023,202308,2,1,2024,Not Month End,8/28/2022,,"insert into Date_Dimension values(20230828, '2023-8-28',1, 28, 1701, 'Monday', 'Mon', 'Weekday', 36, 248, '2023-8-28', 20230828, 8, 56, 'August', 'Aug', 3, 2023, 202308, 2, 1, 2024, 'Not Month End', '2022-8-28')"
20230829,8/29/2023,2,29,1702,Tuesday,Tue,Weekday,36,248,8/28/2023,20230828,8,56,August,Aug,3,2023,202308,2,1,2024,Not Month End,8/29/2022,,"insert into Date_Dimension values(20230829, '2023-8-29',2, 29, 1702, 'Tuesday', 'Tue', 'Weekday', 36, 248, '2023-8-28', 20230828, 8, 56, 'August', 'Aug', 3, 2023, 202308, 2, 1, 2024, 'Not Month End', '2022-8-29')"
20230830,8/30/2023,3,30,1703,Wednesday,Wed,Weekday,36,248,8/28/2023,20230828,8,56,August,Aug,3,2023,202308,2,1,2024,Not Month End,8/30/2022,,"insert into Date_Dimension values(20230830, '2023-8-30',3, 30, 1703, 'Wednesday', 'Wed', 'Weekday', 36, 248, '2023-8-28', 20230828, 8, 56, 'August', 'Aug', 3, 2023, 202308, 2, 1, 2024, 'Not Month End', '2022-8-30')"
20230831,8/31/2023,4,31,1704,Thursday,Thu,Weekday,36,248,8/28/2023,20230828,8,56,August,Aug,3,2023,202308,2,1,2024,Month End,8/31/2022,,"insert into Date_Dimension values(20230831, '2023-8-31',4, 31, 1704, 'Thursday', 'Thu', 'Weekday', 36, 248, '2023-8-28', 20230828, 8, 56, 'August', 'Aug', 3, 2023, 202308, 2, 1, 2024, 'Month End', '2022-8-31')"
20230901,9/1/2023,5,1,1705,Friday,Fri,Weekday,36,248,8/28/2023,20230828,9,57,September,Sep,3,2023,202309,3,1,2024,Not Month End,9/1/2022,,"insert into Date_Dimension values(20230901, '2023-9-1',5, 1, 1705, 'Friday', 'Fri', 'Weekday', 36, 248, '2023-8-28', 20230828, 9, 57, 'September', 'Sep', 3, 2023, 202309, 3, 1, 2024, 'Not Month End', '2022-9-1')"
20230902,9/2/2023,6,2,1706,Saturday,Sat,Weekend,36,248,8/28/2023,20230828,9,57,September,Sep,3,2023,202309,3,1,2024,Not Month End,9/2/2022,,"insert into Date_Dimension values(20230902, '2023-9-2',6, 2, 1706, 'Saturday', 'Sat', 'Weekend', 36, 248, '2023-8-28', 20230828, 9, 57, 'September', 'Sep', 3, 2023, 202309, 3, 1, 2024, 'Not Month End', '2022-9-2')"
20230903,9/3/2023,7,3,1707,Sunday,Sun,Weekend,36,248,8/28/2023,20230828,9,57,September,Sep,3,2023,202309,3,1,2024,Not Month End,9/3/2022,,"insert into Date_Dimension values(20230903, '2023-9-3',7, 3, 1707, 'Sunday', 'Sun', 'Weekend', 36, 248, '2023-8-28', 20230828, 9, 57, 'September', 'Sep', 3, 2023, 202309, 3, 1, 2024, 'Not Month End', '2022-9-3')"
20230904,9/4/2023,1,4,1708,Monday,Mon,Weekday,37,249,9/4/2023,20230904,9,57,September,Sep,3,2023,202309,3,1,2024,Not Month End,9/4/2022,,"insert into Date_Dimension values(20230904, '2023-9-4',1, 4, 1708, 'Monday', 'Mon', 'Weekday', 37, 249, '2023-9-4', 20230904, 9, 57, 'September', 'Sep', 3, 2023, 202309, 3, 1, 2024, 'Not Month End', '2022-9-4')"
20230905,9/5/2023,2,5,1709,Tuesday,Tue,Weekday,37,249,9/4/2023,20230904,9,57,September,Sep,3,2023,202309,3,1,2024,Not Month End,9/5/2022,,"insert into Date_Dimension values(20230905, '2023-9-5',2, 5, 1709, 'Tuesday', 'Tue', 'Weekday', 37, 249, '2023-9-4', 20230904, 9, 57, 'September', 'Sep', 3, 2023, 202309, 3, 1, 2024, 'Not Month End', '2022-9-5')"
20230906,9/6/2023,3,6,1710,Wednesday,Wed,Weekday,37,249,9/4/2023,20230904,9,57,September,Sep,3,2023,202309,3,1,2024,Not Month End,9/6/2022,,"insert into Date_Dimension values(20230906, '2023-9-6',3, 6, 1710, 'Wednesday', 'Wed', 'Weekday', 37, 249, '2023-9-4', 20230904, 9, 57, 'September', 'Sep', 3, 2023, 202309, 3, 1, 2024, 'Not Month End', '2022-9-6')"
20230907,9/7/2023,4,7,1711,Thursday,Thu,Weekday,37,249,9/4/2023,20230904,9,57,September,Sep,3,2023,202309,3,1,2024,Not Month End,9/7/2022,,"insert into Date_Dimension values(20230907, '2023-9-7',4, 7, 1711, 'Thursday', 'Thu', 'Weekday', 37, 249, '2023-9-4', 20230904, 9, 57, 'September', 'Sep', 3, 2023, 202309, 3, 1, 2024, 'Not Month End', '2022-9-7')"
20230908,9/8/2023,5,8,1712,Friday,Fri,Weekday,37,249,9/4/2023,20230904,9,57,September,Sep,3,2023,202309,3,1,2024,Not Month End,9/8/2022,,"insert into Date_Dimension values(20230908, '2023-9-8',5, 8, 1712, 'Friday', 'Fri', 'Weekday', 37, 249, '2023-9-4', 20230904, 9, 57, 'September', 'Sep', 3, 2023, 202309, 3, 1, 2024, 'Not Month End', '2022-9-8')"
20230909,9/9/2023,6,9,1713,Saturday,Sat,Weekend,37,249,9/4/2023,20230904,9,57,September,Sep,3,2023,202309,3,1,2024,Not Month End,9/9/2022,,"insert into Date_Dimension values(20230909, '2023-9-9',6, 9, 1713, 'Saturday', 'Sat', 'Weekend', 37, 249, '2023-9-4', 20230904, 9, 57, 'September', 'Sep', 3, 2023, 202309, 3, 1, 2024, 'Not Month End', '2022-9-9')"
20230910,9/10/2023,7,10,1714,Sunday,Sun,Weekend,37,249,9/4/2023,20230904,9,57,September,Sep,3,2023,202309,3,1,2024,Not Month End,9/10/2022,,"insert into Date_Dimension values(20230910, '2023-9-10',7, 10, 1714, 'Sunday', 'Sun', 'Weekend', 37, 249, '2023-9-4', 20230904, 9, 57, 'September', 'Sep', 3, 2023, 202309, 3, 1, 2024, 'Not Month End', '2022-9-10')"
20230911,9/11/2023,1,11,1715,Monday,Mon,Weekday,38,250,9/11/2023,20230911,9,57,September,Sep,3,2023,202309,3,1,2024,Not Month End,9/11/2022,,"insert into Date_Dimension values(20230911, '2023-9-11',1, 11, 1715, 'Monday', 'Mon', 'Weekday', 38, 250, '2023-9-11', 20230911, 9, 57, 'September', 'Sep', 3, 2023, 202309, 3, 1, 2024, 'Not Month End', '2022-9-11')"
20230912,9/12/2023,2,12,1716,Tuesday,Tue,Weekday,38,250,9/11/2023,20230911,9,57,September,Sep,3,2023,202309,3,1,2024,Not Month End,9/12/2022,,"insert into Date_Dimension values(20230912, '2023-9-12',2, 12, 1716, 'Tuesday', 'Tue', 'Weekday', 38, 250, '2023-9-11', 20230911, 9, 57, 'September', 'Sep', 3, 2023, 202309, 3, 1, 2024, 'Not Month End', '2022-9-12')"
20230913,9/13/2023,3,13,1717,Wednesday,Wed,Weekday,38,250,9/11/2023,20230911,9,57,September,Sep,3,2023,202309,3,1,2024,Not Month End,9/13/2022,,"insert into Date_Dimension values(20230913, '2023-9-13',3, 13, 1717, 'Wednesday', 'Wed', 'Weekday', 38, 250, '2023-9-11', 20230911, 9, 57, 'September', 'Sep', 3, 2023, 202309, 3, 1, 2024, 'Not Month End', '2022-9-13')"
20230914,9/14/2023,4,14,1718,Thursday,Thu,Weekday,38,250,9/11/2023,20230911,9,57,September,Sep,3,2023,202309,3,1,2024,Not Month End,9/14/2022,,"insert into Date_Dimension values(20230914, '2023-9-14',4, 14, 1718, 'Thursday', 'Thu', 'Weekday', 38, 250, '2023-9-11', 20230911, 9, 57, 'September', 'Sep', 3, 2023, 202309, 3, 1, 2024, 'Not Month End', '2022-9-14')"
20230915,9/15/2023,5,15,1719,Friday,Fri,Weekday,38,250,9/11/2023,20230911,9,57,September,Sep,3,2023,202309,3,1,2024,Not Month End,9/15/2022,,"insert into Date_Dimension values(20230915, '2023-9-15',5, 15, 1719, 'Friday', 'Fri', 'Weekday', 38, 250, '2023-9-11', 20230911, 9, 57, 'September', 'Sep', 3, 2023, 202309, 3, 1, 2024, 'Not Month End', '2022-9-15')"
20230916,9/16/2023,6,16,1720,Saturday,Sat,Weekend,38,250,9/11/2023,20230911,9,57,September,Sep,3,2023,202309,3,1,2024,Not Month End,9/16/2022,,"insert into Date_Dimension values(20230916, '2023-9-16',6, 16, 1720, 'Saturday', 'Sat', 'Weekend', 38, 250, '2023-9-11', 20230911, 9, 57, 'September', 'Sep', 3, 2023, 202309, 3, 1, 2024, 'Not Month End', '2022-9-16')"
20230917,9/17/2023,7,17,1721,Sunday,Sun,Weekend,38,250,9/11/2023,20230911,9,57,September,Sep,3,2023,202309,3,1,2024,Not Month End,9/17/2022,,"insert into Date_Dimension values(20230917, '2023-9-17',7, 17, 1721, 'Sunday', 'Sun', 'Weekend', 38, 250, '2023-9-11', 20230911, 9, 57, 'September', 'Sep', 3, 2023, 202309, 3, 1, 2024, 'Not Month End', '2022-9-17')"
20230918,9/18/2023,1,18,1722,Monday,Mon,Weekday,39,251,9/18/2023,20230918,9,57,September,Sep,3,2023,202309,3,1,2024,Not Month End,9/18/2022,,"insert into Date_Dimension values(20230918, '2023-9-18',1, 18, 1722, 'Monday', 'Mon', 'Weekday', 39, 251, '2023-9-18', 20230918, 9, 57, 'September', 'Sep', 3, 2023, 202309, 3, 1, 2024, 'Not Month End', '2022-9-18')"
20230919,9/19/2023,2,19,1723,Tuesday,Tue,Weekday,39,251,9/18/2023,20230918,9,57,September,Sep,3,2023,202309,3,1,2024,Not Month End,9/19/2022,,"insert into Date_Dimension values(20230919, '2023-9-19',2, 19, 1723, 'Tuesday', 'Tue', 'Weekday', 39, 251, '2023-9-18', 20230918, 9, 57, 'September', 'Sep', 3, 2023, 202309, 3, 1, 2024, 'Not Month End', '2022-9-19')"
20230920,9/20/2023,3,20,1724,Wednesday,Wed,Weekday,39,251,9/18/2023,20230918,9,57,September,Sep,3,2023,202309,3,1,2024,Not Month End,9/20/2022,,"insert into Date_Dimension values(20230920, '2023-9-20',3, 20, 1724, 'Wednesday', 'Wed', 'Weekday', 39, 251, '2023-9-18', 20230918, 9, 57, 'September', 'Sep', 3, 2023, 202309, 3, 1, 2024, 'Not Month End', '2022-9-20')"
20230921,9/21/2023,4,21,1725,Thursday,Thu,Weekday,39,251,9/18/2023,20230918,9,57,September,Sep,3,2023,202309,3,1,2024,Not Month End,9/21/2022,,"insert into Date_Dimension values(20230921, '2023-9-21',4, 21, 1725, 'Thursday', 'Thu', 'Weekday', 39, 251, '2023-9-18', 20230918, 9, 57, 'September', 'Sep', 3, 2023, 202309, 3, 1, 2024, 'Not Month End', '2022-9-21')"
20230922,9/22/2023,5,22,1726,Friday,Fri,Weekday,39,251,9/18/2023,20230918,9,57,September,Sep,3,2023,202309,3,1,2024,Not Month End,9/22/2022,,"insert into Date_Dimension values(20230922, '2023-9-22',5, 22, 1726, 'Friday', 'Fri', 'Weekday', 39, 251, '2023-9-18', 20230918, 9, 57, 'September', 'Sep', 3, 2023, 202309, 3, 1, 2024, 'Not Month End', '2022-9-22')"
20230923,9/23/2023,6,23,1727,Saturday,Sat,Weekend,39,251,9/18/2023,20230918,9,57,September,Sep,3,2023,202309,3,1,2024,Not Month End,9/23/2022,,"insert into Date_Dimension values(20230923, '2023-9-23',6, 23, 1727, 'Saturday', 'Sat', 'Weekend', 39, 251, '2023-9-18', 20230918, 9, 57, 'September', 'Sep', 3, 2023, 202309, 3, 1, 2024, 'Not Month End', '2022-9-23')"
20230924,9/24/2023,7,24,1728,Sunday,Sun,Weekend,39,251,9/18/2023,20230918,9,57,September,Sep,3,2023,202309,3,1,2024,Not Month End,9/24/2022,,"insert into Date_Dimension values(20230924, '2023-9-24',7, 24, 1728, 'Sunday', 'Sun', 'Weekend', 39, 251, '2023-9-18', 20230918, 9, 57, 'September', 'Sep', 3, 2023, 202309, 3, 1, 2024, 'Not Month End', '2022-9-24')"
20230925,9/25/2023,1,25,1729,Monday,Mon,Weekday,40,252,9/25/2023,20230925,9,57,September,Sep,3,2023,202309,3,1,2024,Not Month End,9/25/2022,,"insert into Date_Dimension values(20230925, '2023-9-25',1, 25, 1729, 'Monday', 'Mon', 'Weekday', 40, 252, '2023-9-25', 20230925, 9, 57, 'September', 'Sep', 3, 2023, 202309, 3, 1, 2024, 'Not Month End', '2022-9-25')"
20230926,9/26/2023,2,26,1730,Tuesday,Tue,Weekday,40,252,9/25/2023,20230925,9,57,September,Sep,3,2023,202309,3,1,2024,Not Month End,9/26/2022,,"insert into Date_Dimension values(20230926, '2023-9-26',2, 26, 1730, 'Tuesday', 'Tue', 'Weekday', 40, 252, '2023-9-25', 20230925, 9, 57, 'September', 'Sep', 3, 2023, 202309, 3, 1, 2024, 'Not Month End', '2022-9-26')"
20230927,9/27/2023,3,27,1731,Wednesday,Wed,Weekday,40,252,9/25/2023,20230925,9,57,September,Sep,3,2023,202309,3,1,2024,Not Month End,9/27/2022,,"insert into Date_Dimension values(20230927, '2023-9-27',3, 27, 1731, 'Wednesday', 'Wed', 'Weekday', 40, 252, '2023-9-25', 20230925, 9, 57, 'September', 'Sep', 3, 2023, 202309, 3, 1, 2024, 'Not Month End', '2022-9-27')"
20230928,9/28/2023,4,28,1732,Thursday,Thu,Weekday,40,252,9/25/2023,20230925,9,57,September,Sep,3,2023,202309,3,1,2024,Not Month End,9/28/2022,,"insert into Date_Dimension values(20230928, '2023-9-28',4, 28, 1732, 'Thursday', 'Thu', 'Weekday', 40, 252, '2023-9-25', 20230925, 9, 57, 'September', 'Sep', 3, 2023, 202309, 3, 1, 2024, 'Not Month End', '2022-9-28')"
20230929,9/29/2023,5,29,1733,Friday,Fri,Weekday,40,252,9/25/2023,20230925,9,57,September,Sep,3,2023,202309,3,1,2024,Not Month End,9/29/2022,,"insert into Date_Dimension values(20230929, '2023-9-29',5, 29, 1733, 'Friday', 'Fri', 'Weekday', 40, 252, '2023-9-25', 20230925, 9, 57, 'September', 'Sep', 3, 2023, 202309, 3, 1, 2024, 'Not Month End', '2022-9-29')"
20230930,9/30/2023,6,30,1734,Saturday,Sat,Weekend,40,252,9/25/2023,20230925,9,57,September,Sep,3,2023,202309,3,1,2024,Month End,9/30/2022,,"insert into Date_Dimension values(20230930, '2023-9-30',6, 30, 1734, 'Saturday', 'Sat', 'Weekend', 40, 252, '2023-9-25', 20230925, 9, 57, 'September', 'Sep', 3, 2023, 202309, 3, 1, 2024, 'Month End', '2022-9-30')"
20231001,10/1/2023,7,1,1735,Sunday,Sun,Weekend,40,252,9/25/2023,20230925,10,58,October,Oct,4,2023,202310,4,2,2024,Not Month End,10/1/2022,,"insert into Date_Dimension values(20231001, '2023-10-1',7, 1, 1735, 'Sunday', 'Sun', 'Weekend', 40, 252, '2023-9-25', 20230925, 10, 58, 'October', 'Oct', 4, 2023, 202310, 4, 2, 2024, 'Not Month End', '2022-10-1')"
20231002,10/2/2023,1,2,1736,Monday,Mon,Weekday,41,253,10/2/2023,20231002,10,58,October,Oct,4,2023,202310,4,2,2024,Not Month End,10/2/2022,,"insert into Date_Dimension values(20231002, '2023-10-2',1, 2, 1736, 'Monday', 'Mon', 'Weekday', 41, 253, '2023-10-2', 20231002, 10, 58, 'October', 'Oct', 4, 2023, 202310, 4, 2, 2024, 'Not Month End', '2022-10-2')"
20231003,10/3/2023,2,3,1737,Tuesday,Tue,Weekday,41,253,10/2/2023,20231002,10,58,October,Oct,4,2023,202310,4,2,2024,Not Month End,10/3/2022,,"insert into Date_Dimension values(20231003, '2023-10-3',2, 3, 1737, 'Tuesday', 'Tue', 'Weekday', 41, 253, '2023-10-2', 20231002, 10, 58, 'October', 'Oct', 4, 2023, 202310, 4, 2, 2024, 'Not Month End', '2022-10-3')"
20231004,10/4/2023,3,4,1738,Wednesday,Wed,Weekday,41,253,10/2/2023,20231002,10,58,October,Oct,4,2023,202310,4,2,2024,Not Month End,10/4/2022,,"insert into Date_Dimension values(20231004, '2023-10-4',3, 4, 1738, 'Wednesday', 'Wed', 'Weekday', 41, 253, '2023-10-2', 20231002, 10, 58, 'October', 'Oct', 4, 2023, 202310, 4, 2, 2024, 'Not Month End', '2022-10-4')"
20231005,10/5/2023,4,5,1739,Thursday,Thu,Weekday,41,253,10/2/2023,20231002,10,58,October,Oct,4,2023,202310,4,2,2024,Not Month End,10/5/2022,,"insert into Date_Dimension values(20231005, '2023-10-5',4, 5, 1739, 'Thursday', 'Thu', 'Weekday', 41, 253, '2023-10-2', 20231002, 10, 58, 'October', 'Oct', 4, 2023, 202310, 4, 2, 2024, 'Not Month End', '2022-10-5')"
20231006,10/6/2023,5,6,1740,Friday,Fri,Weekday,41,253,10/2/2023,20231002,10,58,October,Oct,4,2023,202310,4,2,2024,Not Month End,10/6/2022,,"insert into Date_Dimension values(20231006, '2023-10-6',5, 6, 1740, 'Friday', 'Fri', 'Weekday', 41, 253, '2023-10-2', 20231002, 10, 58, 'October', 'Oct', 4, 2023, 202310, 4, 2, 2024, 'Not Month End', '2022-10-6')"
20231007,10/7/2023,6,7,1741,Saturday,Sat,Weekend,41,253,10/2/2023,20231002,10,58,October,Oct,4,2023,202310,4,2,2024,Not Month End,10/7/2022,,"insert into Date_Dimension values(20231007, '2023-10-7',6, 7, 1741, 'Saturday', 'Sat', 'Weekend', 41, 253, '2023-10-2', 20231002, 10, 58, 'October', 'Oct', 4, 2023, 202310, 4, 2, 2024, 'Not Month End', '2022-10-7')"
20231008,10/8/2023,7,8,1742,Sunday,Sun,Weekend,41,253,10/2/2023,20231002,10,58,October,Oct,4,2023,202310,4,2,2024,Not Month End,10/8/2022,,"insert into Date_Dimension values(20231008, '2023-10-8',7, 8, 1742, 'Sunday', 'Sun', 'Weekend', 41, 253, '2023-10-2', 20231002, 10, 58, 'October', 'Oct', 4, 2023, 202310, 4, 2, 2024, 'Not Month End', '2022-10-8')"
20231009,10/9/2023,1,9,1743,Monday,Mon,Weekday,42,254,10/9/2023,20231009,10,58,October,Oct,4,2023,202310,4,2,2024,Not Month End,10/9/2022,,"insert into Date_Dimension values(20231009, '2023-10-9',1, 9, 1743, 'Monday', 'Mon', 'Weekday', 42, 254, '2023-10-9', 20231009, 10, 58, 'October', 'Oct', 4, 2023, 202310, 4, 2, 2024, 'Not Month End', '2022-10-9')"
20231010,10/10/2023,2,10,1744,Tuesday,Tue,Weekday,42,254,10/9/2023,20231009,10,58,October,Oct,4,2023,202310,4,2,2024,Not Month End,10/10/2022,,"insert into Date_Dimension values(20231010, '2023-10-10',2, 10, 1744, 'Tuesday', 'Tue', 'Weekday', 42, 254, '2023-10-9', 20231009, 10, 58, 'October', 'Oct', 4, 2023, 202310, 4, 2, 2024, 'Not Month End', '2022-10-10')"
20231011,10/11/2023,3,11,1745,Wednesday,Wed,Weekday,42,254,10/9/2023,20231009,10,58,October,Oct,4,2023,202310,4,2,2024,Not Month End,10/11/2022,,"insert into Date_Dimension values(20231011, '2023-10-11',3, 11, 1745, 'Wednesday', 'Wed', 'Weekday', 42, 254, '2023-10-9', 20231009, 10, 58, 'October', 'Oct', 4, 2023, 202310, 4, 2, 2024, 'Not Month End', '2022-10-11')"
20231012,10/12/2023,4,12,1746,Thursday,Thu,Weekday,42,254,10/9/2023,20231009,10,58,October,Oct,4,2023,202310,4,2,2024,Not Month End,10/12/2022,,"insert into Date_Dimension values(20231012, '2023-10-12',4, 12, 1746, 'Thursday', 'Thu', 'Weekday', 42, 254, '2023-10-9', 20231009, 10, 58, 'October', 'Oct', 4, 2023, 202310, 4, 2, 2024, 'Not Month End', '2022-10-12')"
20231013,10/13/2023,5,13,1747,Friday,Fri,Weekday,42,254,10/9/2023,20231009,10,58,October,Oct,4,2023,202310,4,2,2024,Not Month End,10/13/2022,,"insert into Date_Dimension values(20231013, '2023-10-13',5, 13, 1747, 'Friday', 'Fri', 'Weekday', 42, 254, '2023-10-9', 20231009, 10, 58, 'October', 'Oct', 4, 2023, 202310, 4, 2, 2024, 'Not Month End', '2022-10-13')"
20231014,10/14/2023,6,14,1748,Saturday,Sat,Weekend,42,254,10/9/2023,20231009,10,58,October,Oct,4,2023,202310,4,2,2024,Not Month End,10/14/2022,,"insert into Date_Dimension values(20231014, '2023-10-14',6, 14, 1748, 'Saturday', 'Sat', 'Weekend', 42, 254, '2023-10-9', 20231009, 10, 58, 'October', 'Oct', 4, 2023, 202310, 4, 2, 2024, 'Not Month End', '2022-10-14')"
20231015,10/15/2023,7,15,1749,Sunday,Sun,Weekend,42,254,10/9/2023,20231009,10,58,October,Oct,4,2023,202310,4,2,2024,Not Month End,10/15/2022,,"insert into Date_Dimension values(20231015, '2023-10-15',7, 15, 1749, 'Sunday', 'Sun', 'Weekend', 42, 254, '2023-10-9', 20231009, 10, 58, 'October', 'Oct', 4, 2023, 202310, 4, 2, 2024, 'Not Month End', '2022-10-15')"
20231016,10/16/2023,1,16,1750,Monday,Mon,Weekday,43,255,10/16/2023,20231016,10,58,October,Oct,4,2023,202310,4,2,2024,Not Month End,10/16/2022,,"insert into Date_Dimension values(20231016, '2023-10-16',1, 16, 1750, 'Monday', 'Mon', 'Weekday', 43, 255, '2023-10-16', 20231016, 10, 58, 'October', 'Oct', 4, 2023, 202310, 4, 2, 2024, 'Not Month End', '2022-10-16')"
20231017,10/17/2023,2,17,1751,Tuesday,Tue,Weekday,43,255,10/16/2023,20231016,10,58,October,Oct,4,2023,202310,4,2,2024,Not Month End,10/17/2022,,"insert into Date_Dimension values(20231017, '2023-10-17',2, 17, 1751, 'Tuesday', 'Tue', 'Weekday', 43, 255, '2023-10-16', 20231016, 10, 58, 'October', 'Oct', 4, 2023, 202310, 4, 2, 2024, 'Not Month End', '2022-10-17')"
20231018,10/18/2023,3,18,1752,Wednesday,Wed,Weekday,43,255,10/16/2023,20231016,10,58,October,Oct,4,2023,202310,4,2,2024,Not Month End,10/18/2022,,"insert into Date_Dimension values(20231018, '2023-10-18',3, 18, 1752, 'Wednesday', 'Wed', 'Weekday', 43, 255, '2023-10-16', 20231016, 10, 58, 'October', 'Oct', 4, 2023, 202310, 4, 2, 2024, 'Not Month End', '2022-10-18')"
20231019,10/19/2023,4,19,1753,Thursday,Thu,Weekday,43,255,10/16/2023,20231016,10,58,October,Oct,4,2023,202310,4,2,2024,Not Month End,10/19/2022,,"insert into Date_Dimension values(20231019, '2023-10-19',4, 19, 1753, 'Thursday', 'Thu', 'Weekday', 43, 255, '2023-10-16', 20231016, 10, 58, 'October', 'Oct', 4, 2023, 202310, 4, 2, 2024, 'Not Month End', '2022-10-19')"
20231020,10/20/2023,5,20,1754,Friday,Fri,Weekday,43,255,10/16/2023,20231016,10,58,October,Oct,4,2023,202310,4,2,2024,Not Month End,10/20/2022,,"insert into Date_Dimension values(20231020, '2023-10-20',5, 20, 1754, 'Friday', 'Fri', 'Weekday', 43, 255, '2023-10-16', 20231016, 10, 58, 'October', 'Oct', 4, 2023, 202310, 4, 2, 2024, 'Not Month End', '2022-10-20')"
20231021,10/21/2023,6,21,1755,Saturday,Sat,Weekend,43,255,10/16/2023,20231016,10,58,October,Oct,4,2023,202310,4,2,2024,Not Month End,10/21/2022,,"insert into Date_Dimension values(20231021, '2023-10-21',6, 21, 1755, 'Saturday', 'Sat', 'Weekend', 43, 255, '2023-10-16', 20231016, 10, 58, 'October', 'Oct', 4, 2023, 202310, 4, 2, 2024, 'Not Month End', '2022-10-21')"
20231022,10/22/2023,7,22,1756,Sunday,Sun,Weekend,43,255,10/16/2023,20231016,10,58,October,Oct,4,2023,202310,4,2,2024,Not Month End,10/22/2022,,"insert into Date_Dimension values(20231022, '2023-10-22',7, 22, 1756, 'Sunday', 'Sun', 'Weekend', 43, 255, '2023-10-16', 20231016, 10, 58, 'October', 'Oct', 4, 2023, 202310, 4, 2, 2024, 'Not Month End', '2022-10-22')"
20231023,10/23/2023,1,23,1757,Monday,Mon,Weekday,44,256,10/23/2023,20231023,10,58,October,Oct,4,2023,202310,4,2,2024,Not Month End,10/23/2022,,"insert into Date_Dimension values(20231023, '2023-10-23',1, 23, 1757, 'Monday', 'Mon', 'Weekday', 44, 256, '2023-10-23', 20231023, 10, 58, 'October', 'Oct', 4, 2023, 202310, 4, 2, 2024, 'Not Month End', '2022-10-23')"
20231024,10/24/2023,2,24,1758,Tuesday,Tue,Weekday,44,256,10/23/2023,20231023,10,58,October,Oct,4,2023,202310,4,2,2024,Not Month End,10/24/2022,,"insert into Date_Dimension values(20231024, '2023-10-24',2, 24, 1758, 'Tuesday', 'Tue', 'Weekday', 44, 256, '2023-10-23', 20231023, 10, 58, 'October', 'Oct', 4, 2023, 202310, 4, 2, 2024, 'Not Month End', '2022-10-24')"
20231025,10/25/2023,3,25,1759,Wednesday,Wed,Weekday,44,256,10/23/2023,20231023,10,58,October,Oct,4,2023,202310,4,2,2024,Not Month End,10/25/2022,,"insert into Date_Dimension values(20231025, '2023-10-25',3, 25, 1759, 'Wednesday', 'Wed', 'Weekday', 44, 256, '2023-10-23', 20231023, 10, 58, 'October', 'Oct', 4, 2023, 202310, 4, 2, 2024, 'Not Month End', '2022-10-25')"
20231026,10/26/2023,4,26,1760,Thursday,Thu,Weekday,44,256,10/23/2023,20231023,10,58,October,Oct,4,2023,202310,4,2,2024,Not Month End,10/26/2022,,"insert into Date_Dimension values(20231026, '2023-10-26',4, 26, 1760, 'Thursday', 'Thu', 'Weekday', 44, 256, '2023-10-23', 20231023, 10, 58, 'October', 'Oct', 4, 2023, 202310, 4, 2, 2024, 'Not Month End', '2022-10-26')"
20231027,10/27/2023,5,27,1761,Friday,Fri,Weekday,44,256,10/23/2023,20231023,10,58,October,Oct,4,2023,202310,4,2,2024,Not Month End,10/27/2022,,"insert into Date_Dimension values(20231027, '2023-10-27',5, 27, 1761, 'Friday', 'Fri', 'Weekday', 44, 256, '2023-10-23', 20231023, 10, 58, 'October', 'Oct', 4, 2023, 202310, 4, 2, 2024, 'Not Month End', '2022-10-27')"
20231028,10/28/2023,6,28,1762,Saturday,Sat,Weekend,44,256,10/23/2023,20231023,10,58,October,Oct,4,2023,202310,4,2,2024,Not Month End,10/28/2022,,"insert into Date_Dimension values(20231028, '2023-10-28',6, 28, 1762, 'Saturday', 'Sat', 'Weekend', 44, 256, '2023-10-23', 20231023, 10, 58, 'October', 'Oct', 4, 2023, 202310, 4, 2, 2024, 'Not Month End', '2022-10-28')"
20231029,10/29/2023,7,29,1763,Sunday,Sun,Weekend,44,256,10/23/2023,20231023,10,58,October,Oct,4,2023,202310,4,2,2024,Not Month End,10/29/2022,,"insert into Date_Dimension values(20231029, '2023-10-29',7, 29, 1763, 'Sunday', 'Sun', 'Weekend', 44, 256, '2023-10-23', 20231023, 10, 58, 'October', 'Oct', 4, 2023, 202310, 4, 2, 2024, 'Not Month End', '2022-10-29')"
20231030,10/30/2023,1,30,1764,Monday,Mon,Weekday,45,257,10/30/2023,20231030,10,58,October,Oct,4,2023,202310,4,2,2024,Not Month End,10/30/2022,,"insert into Date_Dimension values(20231030, '2023-10-30',1, 30, 1764, 'Monday', 'Mon', 'Weekday', 45, 257, '2023-10-30', 20231030, 10, 58, 'October', 'Oct', 4, 2023, 202310, 4, 2, 2024, 'Not Month End', '2022-10-30')"
20231031,10/31/2023,2,31,1765,Tuesday,Tue,Weekday,45,257,10/30/2023,20231030,10,58,October,Oct,4,2023,202310,4,2,2024,Month End,10/31/2022,,"insert into Date_Dimension values(20231031, '2023-10-31',2, 31, 1765, 'Tuesday', 'Tue', 'Weekday', 45, 257, '2023-10-30', 20231030, 10, 58, 'October', 'Oct', 4, 2023, 202310, 4, 2, 2024, 'Month End', '2022-10-31')"
20231101,11/1/2023,3,1,1766,Wednesday,Wed,Weekday,45,257,10/30/2023,20231030,11,59,November,Nov,4,2023,202311,5,2,2024,Not Month End,11/1/2022,,"insert into Date_Dimension values(20231101, '2023-11-1',3, 1, 1766, 'Wednesday', 'Wed', 'Weekday', 45, 257, '2023-10-30', 20231030, 11, 59, 'November', 'Nov', 4, 2023, 202311, 5, 2, 2024, 'Not Month End', '2022-11-1')"
20231102,11/2/2023,4,2,1767,Thursday,Thu,Weekday,45,257,10/30/2023,20231030,11,59,November,Nov,4,2023,202311,5,2,2024,Not Month End,11/2/2022,,"insert into Date_Dimension values(20231102, '2023-11-2',4, 2, 1767, 'Thursday', 'Thu', 'Weekday', 45, 257, '2023-10-30', 20231030, 11, 59, 'November', 'Nov', 4, 2023, 202311, 5, 2, 2024, 'Not Month End', '2022-11-2')"
20231103,11/3/2023,5,3,1768,Friday,Fri,Weekday,45,257,10/30/2023,20231030,11,59,November,Nov,4,2023,202311,5,2,2024,Not Month End,11/3/2022,,"insert into Date_Dimension values(20231103, '2023-11-3',5, 3, 1768, 'Friday', 'Fri', 'Weekday', 45, 257, '2023-10-30', 20231030, 11, 59, 'November', 'Nov', 4, 2023, 202311, 5, 2, 2024, 'Not Month End', '2022-11-3')"
20231104,11/4/2023,6,4,1769,Saturday,Sat,Weekend,45,257,10/30/2023,20231030,11,59,November,Nov,4,2023,202311,5,2,2024,Not Month End,11/4/2022,,"insert into Date_Dimension values(20231104, '2023-11-4',6, 4, 1769, 'Saturday', 'Sat', 'Weekend', 45, 257, '2023-10-30', 20231030, 11, 59, 'November', 'Nov', 4, 2023, 202311, 5, 2, 2024, 'Not Month End', '2022-11-4')"
20231105,11/5/2023,7,5,1770,Sunday,Sun,Weekend,45,257,10/30/2023,20231030,11,59,November,Nov,4,2023,202311,5,2,2024,Not Month End,11/5/2022,,"insert into Date_Dimension values(20231105, '2023-11-5',7, 5, 1770, 'Sunday', 'Sun', 'Weekend', 45, 257, '2023-10-30', 20231030, 11, 59, 'November', 'Nov', 4, 2023, 202311, 5, 2, 2024, 'Not Month End', '2022-11-5')"
20231106,11/6/2023,1,6,1771,Monday,Mon,Weekday,46,258,11/6/2023,20231106,11,59,November,Nov,4,2023,202311,5,2,2024,Not Month End,11/6/2022,,"insert into Date_Dimension values(20231106, '2023-11-6',1, 6, 1771, 'Monday', 'Mon', 'Weekday', 46, 258, '2023-11-6', 20231106, 11, 59, 'November', 'Nov', 4, 2023, 202311, 5, 2, 2024, 'Not Month End', '2022-11-6')"
20231107,11/7/2023,2,7,1772,Tuesday,Tue,Weekday,46,258,11/6/2023,20231106,11,59,November,Nov,4,2023,202311,5,2,2024,Not Month End,11/7/2022,,"insert into Date_Dimension values(20231107, '2023-11-7',2, 7, 1772, 'Tuesday', 'Tue', 'Weekday', 46, 258, '2023-11-6', 20231106, 11, 59, 'November', 'Nov', 4, 2023, 202311, 5, 2, 2024, 'Not Month End', '2022-11-7')"
20231108,11/8/2023,3,8,1773,Wednesday,Wed,Weekday,46,258,11/6/2023,20231106,11,59,November,Nov,4,2023,202311,5,2,2024,Not Month End,11/8/2022,,"insert into Date_Dimension values(20231108, '2023-11-8',3, 8, 1773, 'Wednesday', 'Wed', 'Weekday', 46, 258, '2023-11-6', 20231106, 11, 59, 'November', 'Nov', 4, 2023, 202311, 5, 2, 2024, 'Not Month End', '2022-11-8')"
20231109,11/9/2023,4,9,1774,Thursday,Thu,Weekday,46,258,11/6/2023,20231106,11,59,November,Nov,4,2023,202311,5,2,2024,Not Month End,11/9/2022,,"insert into Date_Dimension values(20231109, '2023-11-9',4, 9, 1774, 'Thursday', 'Thu', 'Weekday', 46, 258, '2023-11-6', 20231106, 11, 59, 'November', 'Nov', 4, 2023, 202311, 5, 2, 2024, 'Not Month End', '2022-11-9')"
20231110,11/10/2023,5,10,1775,Friday,Fri,Weekday,46,258,11/6/2023,20231106,11,59,November,Nov,4,2023,202311,5,2,2024,Not Month End,11/10/2022,,"insert into Date_Dimension values(20231110, '2023-11-10',5, 10, 1775, 'Friday', 'Fri', 'Weekday', 46, 258, '2023-11-6', 20231106, 11, 59, 'November', 'Nov', 4, 2023, 202311, 5, 2, 2024, 'Not Month End', '2022-11-10')"
20231111,11/11/2023,6,11,1776,Saturday,Sat,Weekend,46,258,11/6/2023,20231106,11,59,November,Nov,4,2023,202311,5,2,2024,Not Month End,11/11/2022,,"insert into Date_Dimension values(20231111, '2023-11-11',6, 11, 1776, 'Saturday', 'Sat', 'Weekend', 46, 258, '2023-11-6', 20231106, 11, 59, 'November', 'Nov', 4, 2023, 202311, 5, 2, 2024, 'Not Month End', '2022-11-11')"
20231112,11/12/2023,7,12,1777,Sunday,Sun,Weekend,46,258,11/6/2023,20231106,11,59,November,Nov,4,2023,202311,5,2,2024,Not Month End,11/12/2022,,"insert into Date_Dimension values(20231112, '2023-11-12',7, 12, 1777, 'Sunday', 'Sun', 'Weekend', 46, 258, '2023-11-6', 20231106, 11, 59, 'November', 'Nov', 4, 2023, 202311, 5, 2, 2024, 'Not Month End', '2022-11-12')"
20231113,11/13/2023,1,13,1778,Monday,Mon,Weekday,47,259,11/13/2023,20231113,11,59,November,Nov,4,2023,202311,5,2,2024,Not Month End,11/13/2022,,"insert into Date_Dimension values(20231113, '2023-11-13',1, 13, 1778, 'Monday', 'Mon', 'Weekday', 47, 259, '2023-11-13', 20231113, 11, 59, 'November', 'Nov', 4, 2023, 202311, 5, 2, 2024, 'Not Month End', '2022-11-13')"
20231114,11/14/2023,2,14,1779,Tuesday,Tue,Weekday,47,259,11/13/2023,20231113,11,59,November,Nov,4,2023,202311,5,2,2024,Not Month End,11/14/2022,,"insert into Date_Dimension values(20231114, '2023-11-14',2, 14, 1779, 'Tuesday', 'Tue', 'Weekday', 47, 259, '2023-11-13', 20231113, 11, 59, 'November', 'Nov', 4, 2023, 202311, 5, 2, 2024, 'Not Month End', '2022-11-14')"
20231115,11/15/2023,3,15,1780,Wednesday,Wed,Weekday,47,259,11/13/2023,20231113,11,59,November,Nov,4,2023,202311,5,2,2024,Not Month End,11/15/2022,,"insert into Date_Dimension values(20231115, '2023-11-15',3, 15, 1780, 'Wednesday', 'Wed', 'Weekday', 47, 259, '2023-11-13', 20231113, 11, 59, 'November', 'Nov', 4, 2023, 202311, 5, 2, 2024, 'Not Month End', '2022-11-15')"
20231116,11/16/2023,4,16,1781,Thursday,Thu,Weekday,47,259,11/13/2023,20231113,11,59,November,Nov,4,2023,202311,5,2,2024,Not Month End,11/16/2022,,"insert into Date_Dimension values(20231116, '2023-11-16',4, 16, 1781, 'Thursday', 'Thu', 'Weekday', 47, 259, '2023-11-13', 20231113, 11, 59, 'November', 'Nov', 4, 2023, 202311, 5, 2, 2024, 'Not Month End', '2022-11-16')"
20231117,11/17/2023,5,17,1782,Friday,Fri,Weekday,47,259,11/13/2023,20231113,11,59,November,Nov,4,2023,202311,5,2,2024,Not Month End,11/17/2022,,"insert into Date_Dimension values(20231117, '2023-11-17',5, 17, 1782, 'Friday', 'Fri', 'Weekday', 47, 259, '2023-11-13', 20231113, 11, 59, 'November', 'Nov', 4, 2023, 202311, 5, 2, 2024, 'Not Month End', '2022-11-17')"
20231118,11/18/2023,6,18,1783,Saturday,Sat,Weekend,47,259,11/13/2023,20231113,11,59,November,Nov,4,2023,202311,5,2,2024,Not Month End,11/18/2022,,"insert into Date_Dimension values(20231118, '2023-11-18',6, 18, 1783, 'Saturday', 'Sat', 'Weekend', 47, 259, '2023-11-13', 20231113, 11, 59, 'November', 'Nov', 4, 2023, 202311, 5, 2, 2024, 'Not Month End', '2022-11-18')"
20231119,11/19/2023,7,19,1784,Sunday,Sun,Weekend,47,259,11/13/2023,20231113,11,59,November,Nov,4,2023,202311,5,2,2024,Not Month End,11/19/2022,,"insert into Date_Dimension values(20231119, '2023-11-19',7, 19, 1784, 'Sunday', 'Sun', 'Weekend', 47, 259, '2023-11-13', 20231113, 11, 59, 'November', 'Nov', 4, 2023, 202311, 5, 2, 2024, 'Not Month End', '2022-11-19')"
20231120,11/20/2023,1,20,1785,Monday,Mon,Weekday,48,260,11/20/2023,20231120,11,59,November,Nov,4,2023,202311,5,2,2024,Not Month End,11/20/2022,,"insert into Date_Dimension values(20231120, '2023-11-20',1, 20, 1785, 'Monday', 'Mon', 'Weekday', 48, 260, '2023-11-20', 20231120, 11, 59, 'November', 'Nov', 4, 2023, 202311, 5, 2, 2024, 'Not Month End', '2022-11-20')"
20231121,11/21/2023,2,21,1786,Tuesday,Tue,Weekday,48,260,11/20/2023,20231120,11,59,November,Nov,4,2023,202311,5,2,2024,Not Month End,11/21/2022,,"insert into Date_Dimension values(20231121, '2023-11-21',2, 21, 1786, 'Tuesday', 'Tue', 'Weekday', 48, 260, '2023-11-20', 20231120, 11, 59, 'November', 'Nov', 4, 2023, 202311, 5, 2, 2024, 'Not Month End', '2022-11-21')"
20231122,11/22/2023,3,22,1787,Wednesday,Wed,Weekday,48,260,11/20/2023,20231120,11,59,November,Nov,4,2023,202311,5,2,2024,Not Month End,11/22/2022,,"insert into Date_Dimension values(20231122, '2023-11-22',3, 22, 1787, 'Wednesday', 'Wed', 'Weekday', 48, 260, '2023-11-20', 20231120, 11, 59, 'November', 'Nov', 4, 2023, 202311, 5, 2, 2024, 'Not Month End', '2022-11-22')"
20231123,11/23/2023,4,23,1788,Thursday,Thu,Weekday,48,260,11/20/2023,20231120,11,59,November,Nov,4,2023,202311,5,2,2024,Not Month End,11/23/2022,,"insert into Date_Dimension values(20231123, '2023-11-23',4, 23, 1788, 'Thursday', 'Thu', 'Weekday', 48, 260, '2023-11-20', 20231120, 11, 59, 'November', 'Nov', 4, 2023, 202311, 5, 2, 2024, 'Not Month End', '2022-11-23')"
20231124,11/24/2023,5,24,1789,Friday,Fri,Weekday,48,260,11/20/2023,20231120,11,59,November,Nov,4,2023,202311,5,2,2024,Not Month End,11/24/2022,,"insert into Date_Dimension values(20231124, '2023-11-24',5, 24, 1789, 'Friday', 'Fri', 'Weekday', 48, 260, '2023-11-20', 20231120, 11, 59, 'November', 'Nov', 4, 2023, 202311, 5, 2, 2024, 'Not Month End', '2022-11-24')"
20231125,11/25/2023,6,25,1790,Saturday,Sat,Weekend,48,260,11/20/2023,20231120,11,59,November,Nov,4,2023,202311,5,2,2024,Not Month End,11/25/2022,,"insert into Date_Dimension values(20231125, '2023-11-25',6, 25, 1790, 'Saturday', 'Sat', 'Weekend', 48, 260, '2023-11-20', 20231120, 11, 59, 'November', 'Nov', 4, 2023, 202311, 5, 2, 2024, 'Not Month End', '2022-11-25')"
20231126,11/26/2023,7,26,1791,Sunday,Sun,Weekend,48,260,11/20/2023,20231120,11,59,November,Nov,4,2023,202311,5,2,2024,Not Month End,11/26/2022,,"insert into Date_Dimension values(20231126, '2023-11-26',7, 26, 1791, 'Sunday', 'Sun', 'Weekend', 48, 260, '2023-11-20', 20231120, 11, 59, 'November', 'Nov', 4, 2023, 202311, 5, 2, 2024, 'Not Month End', '2022-11-26')"
20231127,11/27/2023,1,27,1792,Monday,Mon,Weekday,49,261,11/27/2023,20231127,11,59,November,Nov,4,2023,202311,5,2,2024,Not Month End,11/27/2022,,"insert into Date_Dimension values(20231127, '2023-11-27',1, 27, 1792, 'Monday', 'Mon', 'Weekday', 49, 261, '2023-11-27', 20231127, 11, 59, 'November', 'Nov', 4, 2023, 202311, 5, 2, 2024, 'Not Month End', '2022-11-27')"
20231128,11/28/2023,2,28,1793,Tuesday,Tue,Weekday,49,261,11/27/2023,20231127,11,59,November,Nov,4,2023,202311,5,2,2024,Not Month End,11/28/2022,,"insert into Date_Dimension values(20231128, '2023-11-28',2, 28, 1793, 'Tuesday', 'Tue', 'Weekday', 49, 261, '2023-11-27', 20231127, 11, 59, 'November', 'Nov', 4, 2023, 202311, 5, 2, 2024, 'Not Month End', '2022-11-28')"
20231129,11/29/2023,3,29,1794,Wednesday,Wed,Weekday,49,261,11/27/2023,20231127,11,59,November,Nov,4,2023,202311,5,2,2024,Not Month End,11/29/2022,,"insert into Date_Dimension values(20231129, '2023-11-29',3, 29, 1794, 'Wednesday', 'Wed', 'Weekday', 49, 261, '2023-11-27', 20231127, 11, 59, 'November', 'Nov', 4, 2023, 202311, 5, 2, 2024, 'Not Month End', '2022-11-29')"
20231130,11/30/2023,4,30,1795,Thursday,Thu,Weekday,49,261,11/27/2023,20231127,11,59,November,Nov,4,2023,202311,5,2,2024,Month End,11/30/2022,,"insert into Date_Dimension values(20231130, '2023-11-30',4, 30, 1795, 'Thursday', 'Thu', 'Weekday', 49, 261, '2023-11-27', 20231127, 11, 59, 'November', 'Nov', 4, 2023, 202311, 5, 2, 2024, 'Month End', '2022-11-30')"
20231201,12/1/2023,5,1,1796,Friday,Fri,Weekday,49,261,11/27/2023,20231127,12,60,December,Dec,4,2023,202312,6,2,2024,Not Month End,12/1/2022,,"insert into Date_Dimension values(20231201, '2023-12-1',5, 1, 1796, 'Friday', 'Fri', 'Weekday', 49, 261, '2023-11-27', 20231127, 12, 60, 'December', 'Dec', 4, 2023, 202312, 6, 2, 2024, 'Not Month End', '2022-12-1')"
20231202,12/2/2023,6,2,1797,Saturday,Sat,Weekend,49,261,11/27/2023,20231127,12,60,December,Dec,4,2023,202312,6,2,2024,Not Month End,12/2/2022,,"insert into Date_Dimension values(20231202, '2023-12-2',6, 2, 1797, 'Saturday', 'Sat', 'Weekend', 49, 261, '2023-11-27', 20231127, 12, 60, 'December', 'Dec', 4, 2023, 202312, 6, 2, 2024, 'Not Month End', '2022-12-2')"
20231203,12/3/2023,7,3,1798,Sunday,Sun,Weekend,49,261,11/27/2023,20231127,12,60,December,Dec,4,2023,202312,6,2,2024,Not Month End,12/3/2022,,"insert into Date_Dimension values(20231203, '2023-12-3',7, 3, 1798, 'Sunday', 'Sun', 'Weekend', 49, 261, '2023-11-27', 20231127, 12, 60, 'December', 'Dec', 4, 2023, 202312, 6, 2, 2024, 'Not Month End', '2022-12-3')"
20231204,12/4/2023,1,4,1799,Monday,Mon,Weekday,50,262,12/4/2023,20231204,12,60,December,Dec,4,2023,202312,6,2,2024,Not Month End,12/4/2022,,"insert into Date_Dimension values(20231204, '2023-12-4',1, 4, 1799, 'Monday', 'Mon', 'Weekday', 50, 262, '2023-12-4', 20231204, 12, 60, 'December', 'Dec', 4, 2023, 202312, 6, 2, 2024, 'Not Month End', '2022-12-4')"
20231205,12/5/2023,2,5,1800,Tuesday,Tue,Weekday,50,262,12/4/2023,20231204,12,60,December,Dec,4,2023,202312,6,2,2024,Not Month End,12/5/2022,,"insert into Date_Dimension values(20231205, '2023-12-5',2, 5, 1800, 'Tuesday', 'Tue', 'Weekday', 50, 262, '2023-12-4', 20231204, 12, 60, 'December', 'Dec', 4, 2023, 202312, 6, 2, 2024, 'Not Month End', '2022-12-5')"
20231206,12/6/2023,3,6,1801,Wednesday,Wed,Weekday,50,262,12/4/2023,20231204,12,60,December,Dec,4,2023,202312,6,2,2024,Not Month End,12/6/2022,,"insert into Date_Dimension values(20231206, '2023-12-6',3, 6, 1801, 'Wednesday', 'Wed', 'Weekday', 50, 262, '2023-12-4', 20231204, 12, 60, 'December', 'Dec', 4, 2023, 202312, 6, 2, 2024, 'Not Month End', '2022-12-6')"
20231207,12/7/2023,4,7,1802,Thursday,Thu,Weekday,50,262,12/4/2023,20231204,12,60,December,Dec,4,2023,202312,6,2,2024,Not Month End,12/7/2022,,"insert into Date_Dimension values(20231207, '2023-12-7',4, 7, 1802, 'Thursday', 'Thu', 'Weekday', 50, 262, '2023-12-4', 20231204, 12, 60, 'December', 'Dec', 4, 2023, 202312, 6, 2, 2024, 'Not Month End', '2022-12-7')"
20231208,12/8/2023,5,8,1803,Friday,Fri,Weekday,50,262,12/4/2023,20231204,12,60,December,Dec,4,2023,202312,6,2,2024,Not Month End,12/8/2022,,"insert into Date_Dimension values(20231208, '2023-12-8',5, 8, 1803, 'Friday', 'Fri', 'Weekday', 50, 262, '2023-12-4', 20231204, 12, 60, 'December', 'Dec', 4, 2023, 202312, 6, 2, 2024, 'Not Month End', '2022-12-8')"
20231209,12/9/2023,6,9,1804,Saturday,Sat,Weekend,50,262,12/4/2023,20231204,12,60,December,Dec,4,2023,202312,6,2,2024,Not Month End,12/9/2022,,"insert into Date_Dimension values(20231209, '2023-12-9',6, 9, 1804, 'Saturday', 'Sat', 'Weekend', 50, 262, '2023-12-4', 20231204, 12, 60, 'December', 'Dec', 4, 2023, 202312, 6, 2, 2024, 'Not Month End', '2022-12-9')"
20231210,12/10/2023,7,10,1805,Sunday,Sun,Weekend,50,262,12/4/2023,20231204,12,60,December,Dec,4,2023,202312,6,2,2024,Not Month End,12/10/2022,,"insert into Date_Dimension values(20231210, '2023-12-10',7, 10, 1805, 'Sunday', 'Sun', 'Weekend', 50, 262, '2023-12-4', 20231204, 12, 60, 'December', 'Dec', 4, 2023, 202312, 6, 2, 2024, 'Not Month End', '2022-12-10')"
20231211,12/11/2023,1,11,1806,Monday,Mon,Weekday,51,263,12/11/2023,20231211,12,60,December,Dec,4,2023,202312,6,2,2024,Not Month End,12/11/2022,,"insert into Date_Dimension values(20231211, '2023-12-11',1, 11, 1806, 'Monday', 'Mon', 'Weekday', 51, 263, '2023-12-11', 20231211, 12, 60, 'December', 'Dec', 4, 2023, 202312, 6, 2, 2024, 'Not Month End', '2022-12-11')"
20231212,12/12/2023,2,12,1807,Tuesday,Tue,Weekday,51,263,12/11/2023,20231211,12,60,December,Dec,4,2023,202312,6,2,2024,Not Month End,12/12/2022,,"insert into Date_Dimension values(20231212, '2023-12-12',2, 12, 1807, 'Tuesday', 'Tue', 'Weekday', 51, 263, '2023-12-11', 20231211, 12, 60, 'December', 'Dec', 4, 2023, 202312, 6, 2, 2024, 'Not Month End', '2022-12-12')"
20231213,12/13/2023,3,13,1808,Wednesday,Wed,Weekday,51,263,12/11/2023,20231211,12,60,December,Dec,4,2023,202312,6,2,2024,Not Month End,12/13/2022,,"insert into Date_Dimension values(20231213, '2023-12-13',3, 13, 1808, 'Wednesday', 'Wed', 'Weekday', 51, 263, '2023-12-11', 20231211, 12, 60, 'December', 'Dec', 4, 2023, 202312, 6, 2, 2024, 'Not Month End', '2022-12-13')"
20231214,12/14/2023,4,14,1809,Thursday,Thu,Weekday,51,263,12/11/2023,20231211,12,60,December,Dec,4,2023,202312,6,2,2024,Not Month End,12/14/2022,,"insert into Date_Dimension values(20231214, '2023-12-14',4, 14, 1809, 'Thursday', 'Thu', 'Weekday', 51, 263, '2023-12-11', 20231211, 12, 60, 'December', 'Dec', 4, 2023, 202312, 6, 2, 2024, 'Not Month End', '2022-12-14')"
20231215,12/15/2023,5,15,1810,Friday,Fri,Weekday,51,263,12/11/2023,20231211,12,60,December,Dec,4,2023,202312,6,2,2024,Not Month End,12/15/2022,,"insert into Date_Dimension values(20231215, '2023-12-15',5, 15, 1810, 'Friday', 'Fri', 'Weekday', 51, 263, '2023-12-11', 20231211, 12, 60, 'December', 'Dec', 4, 2023, 202312, 6, 2, 2024, 'Not Month End', '2022-12-15')"
20231216,12/16/2023,6,16,1811,Saturday,Sat,Weekend,51,263,12/11/2023,20231211,12,60,December,Dec,4,2023,202312,6,2,2024,Not Month End,12/16/2022,,"insert into Date_Dimension values(20231216, '2023-12-16',6, 16, 1811, 'Saturday', 'Sat', 'Weekend', 51, 263, '2023-12-11', 20231211, 12, 60, 'December', 'Dec', 4, 2023, 202312, 6, 2, 2024, 'Not Month End', '2022-12-16')"
20231217,12/17/2023,7,17,1812,Sunday,Sun,Weekend,51,263,12/11/2023,20231211,12,60,December,Dec,4,2023,202312,6,2,2024,Not Month End,12/17/2022,,"insert into Date_Dimension values(20231217, '2023-12-17',7, 17, 1812, 'Sunday', 'Sun', 'Weekend', 51, 263, '2023-12-11', 20231211, 12, 60, 'December', 'Dec', 4, 2023, 202312, 6, 2, 2024, 'Not Month End', '2022-12-17')"
20231218,12/18/2023,1,18,1813,Monday,Mon,Weekday,52,264,12/18/2023,20231218,12,60,December,Dec,4,2023,202312,6,2,2024,Not Month End,12/18/2022,,"insert into Date_Dimension values(20231218, '2023-12-18',1, 18, 1813, 'Monday', 'Mon', 'Weekday', 52, 264, '2023-12-18', 20231218, 12, 60, 'December', 'Dec', 4, 2023, 202312, 6, 2, 2024, 'Not Month End', '2022-12-18')"
20231219,12/19/2023,2,19,1814,Tuesday,Tue,Weekday,52,264,12/18/2023,20231218,12,60,December,Dec,4,2023,202312,6,2,2024,Not Month End,12/19/2022,,"insert into Date_Dimension values(20231219, '2023-12-19',2, 19, 1814, 'Tuesday', 'Tue', 'Weekday', 52, 264, '2023-12-18', 20231218, 12, 60, 'December', 'Dec', 4, 2023, 202312, 6, 2, 2024, 'Not Month End', '2022-12-19')"
20231220,12/20/2023,3,20,1815,Wednesday,Wed,Weekday,52,264,12/18/2023,20231218,12,60,December,Dec,4,2023,202312,6,2,2024,Not Month End,12/20/2022,,"insert into Date_Dimension values(20231220, '2023-12-20',3, 20, 1815, 'Wednesday', 'Wed', 'Weekday', 52, 264, '2023-12-18', 20231218, 12, 60, 'December', 'Dec', 4, 2023, 202312, 6, 2, 2024, 'Not Month End', '2022-12-20')"
20231221,12/21/2023,4,21,1816,Thursday,Thu,Weekday,52,264,12/18/2023,20231218,12,60,December,Dec,4,2023,202312,6,2,2024,Not Month End,12/21/2022,,"insert into Date_Dimension values(20231221, '2023-12-21',4, 21, 1816, 'Thursday', 'Thu', 'Weekday', 52, 264, '2023-12-18', 20231218, 12, 60, 'December', 'Dec', 4, 2023, 202312, 6, 2, 2024, 'Not Month End', '2022-12-21')"
20231222,12/22/2023,5,22,1817,Friday,Fri,Weekday,52,264,12/18/2023,20231218,12,60,December,Dec,4,2023,202312,6,2,2024,Not Month End,12/22/2022,,"insert into Date_Dimension values(20231222, '2023-12-22',5, 22, 1817, 'Friday', 'Fri', 'Weekday', 52, 264, '2023-12-18', 20231218, 12, 60, 'December', 'Dec', 4, 2023, 202312, 6, 2, 2024, 'Not Month End', '2022-12-22')"
20231223,12/23/2023,6,23,1818,Saturday,Sat,Weekend,52,264,12/18/2023,20231218,12,60,December,Dec,4,2023,202312,6,2,2024,Not Month End,12/23/2022,,"insert into Date_Dimension values(20231223, '2023-12-23',6, 23, 1818, 'Saturday', 'Sat', 'Weekend', 52, 264, '2023-12-18', 20231218, 12, 60, 'December', 'Dec', 4, 2023, 202312, 6, 2, 2024, 'Not Month End', '2022-12-23')"
20231224,12/24/2023,7,24,1819,Sunday,Sun,Weekend,52,264,12/18/2023,20231218,12,60,December,Dec,4,2023,202312,6,2,2024,Not Month End,12/24/2022,,"insert into Date_Dimension values(20231224, '2023-12-24',7, 24, 1819, 'Sunday', 'Sun', 'Weekend', 52, 264, '2023-12-18', 20231218, 12, 60, 'December', 'Dec', 4, 2023, 202312, 6, 2, 2024, 'Not Month End', '2022-12-24')"
20231225,12/25/2023,1,25,1820,Monday,Mon,Weekday,53,265,12/25/2023,20231225,12,60,December,Dec,4,2023,202312,6,2,2024,Not Month End,12/25/2022,,"insert into Date_Dimension values(20231225, '2023-12-25',1, 25, 1820, 'Monday', 'Mon', 'Weekday', 53, 265, '2023-12-25', 20231225, 12, 60, 'December', 'Dec', 4, 2023, 202312, 6, 2, 2024, 'Not Month End', '2022-12-25')"
20231226,12/26/2023,2,26,1821,Tuesday,Tue,Weekday,53,265,12/25/2023,20231225,12,60,December,Dec,4,2023,202312,6,2,2024,Not Month End,12/26/2022,,"insert into Date_Dimension values(20231226, '2023-12-26',2, 26, 1821, 'Tuesday', 'Tue', 'Weekday', 53, 265, '2023-12-25', 20231225, 12, 60, 'December', 'Dec', 4, 2023, 202312, 6, 2, 2024, 'Not Month End', '2022-12-26')"
20231227,12/27/2023,3,27,1822,Wednesday,Wed,Weekday,53,265,12/25/2023,20231225,12,60,December,Dec,4,2023,202312,6,2,2024,Not Month End,12/27/2022,,"insert into Date_Dimension values(20231227, '2023-12-27',3, 27, 1822, 'Wednesday', 'Wed', 'Weekday', 53, 265, '2023-12-25', 20231225, 12, 60, 'December', 'Dec', 4, 2023, 202312, 6, 2, 2024, 'Not Month End', '2022-12-27')"
20231228,12/28/2023,4,28,1823,Thursday,Thu,Weekday,53,265,12/25/2023,20231225,12,60,December,Dec,4,2023,202312,6,2,2024,Not Month End,12/28/2022,,"insert into Date_Dimension values(20231228, '2023-12-28',4, 28, 1823, 'Thursday', 'Thu', 'Weekday', 53, 265, '2023-12-25', 20231225, 12, 60, 'December', 'Dec', 4, 2023, 202312, 6, 2, 2024, 'Not Month End', '2022-12-28')"
20231229,12/29/2023,5,29,1824,Friday,Fri,Weekday,53,265,12/25/2023,20231225,12,60,December,Dec,4,2023,202312,6,2,2024,Not Month End,12/29/2022,,"insert into Date_Dimension values(20231229, '2023-12-29',5, 29, 1824, 'Friday', 'Fri', 'Weekday', 53, 265, '2023-12-25', 20231225, 12, 60, 'December', 'Dec', 4, 2023, 202312, 6, 2, 2024, 'Not Month End', '2022-12-29')"
20231230,12/30/2023,6,30,1825,Saturday,Sat,Weekend,53,265,12/25/2023,20231225,12,60,December,Dec,4,2023,202312,6,2,2024,Not Month End,12/30/2022,,"insert into Date_Dimension values(20231230, '2023-12-30',6, 30, 1825, 'Saturday', 'Sat', 'Weekend', 53, 265, '2023-12-25', 20231225, 12, 60, 'December', 'Dec', 4, 2023, 202312, 6, 2, 2024, 'Not Month End', '2022-12-30')"
20231231,12/31/2023,7,31,1826,Sunday,Sun,Weekend,53,265,12/25/2023,20231225,12,60,December,Dec,4,2023,202312,6,2,2024,Month End,12/31/2022,,"insert into Date_Dimension values(20231231, '2023-12-31',7, 31, 1826, 'Sunday', 'Sun', 'Weekend', 53, 265, '2023-12-25', 20231225, 12, 60, 'December', 'Dec', 4, 2023, 202312, 6, 2, 2024, 'Month End', '2022-12-31')"
20240101,1/1/2024,1,1,1827,Monday,Mon,Weekday,1,266,1/1/2024,20240101,1,61,January,Jan,1,2024,202401,7,3,2024,Not Month End,1/1/2023,,"insert into Date_Dimension values(20240101, '2024-1-1',1, 1, 1827, 'Monday', 'Mon', 'Weekday', 1, 266, '2024-1-1', 20240101, 1, 61, 'January', 'Jan', 1, 2024, 202401, 7, 3, 2024, 'Not Month End', '2023-1-1')"
20240102,1/2/2024,2,2,1828,Tuesday,Tue,Weekday,1,266,1/1/2024,20240101,1,61,January,Jan,1,2024,202401,7,3,2024,Not Month End,1/2/2023,,"insert into Date_Dimension values(20240102, '2024-1-2',2, 2, 1828, 'Tuesday', 'Tue', 'Weekday', 1, 266, '2024-1-1', 20240101, 1, 61, 'January', 'Jan', 1, 2024, 202401, 7, 3, 2024, 'Not Month End', '2023-1-2')"
20240103,1/3/2024,3,3,1829,Wednesday,Wed,Weekday,1,266,1/1/2024,20240101,1,61,January,Jan,1,2024,202401,7,3,2024,Not Month End,1/3/2023,,"insert into Date_Dimension values(20240103, '2024-1-3',3, 3, 1829, 'Wednesday', 'Wed', 'Weekday', 1, 266, '2024-1-1', 20240101, 1, 61, 'January', 'Jan', 1, 2024, 202401, 7, 3, 2024, 'Not Month End', '2023-1-3')"
20240104,1/4/2024,4,4,1830,Thursday,Thu,Weekday,1,266,1/1/2024,20240101,1,61,January,Jan,1,2024,202401,7,3,2024,Not Month End,1/4/2023,,"insert into Date_Dimension values(20240104, '2024-1-4',4, 4, 1830, 'Thursday', 'Thu', 'Weekday', 1, 266, '2024-1-1', 20240101, 1, 61, 'January', 'Jan', 1, 2024, 202401, 7, 3, 2024, 'Not Month End', '2023-1-4')"
20240105,1/5/2024,5,5,1831,Friday,Fri,Weekday,1,266,1/1/2024,20240101,1,61,January,Jan,1,2024,202401,7,3,2024,Not Month End,1/5/2023,,"insert into Date_Dimension values(20240105, '2024-1-5',5, 5, 1831, 'Friday', 'Fri', 'Weekday', 1, 266, '2024-1-1', 20240101, 1, 61, 'January', 'Jan', 1, 2024, 202401, 7, 3, 2024, 'Not Month End', '2023-1-5')"
20240106,1/6/2024,6,6,1832,Saturday,Sat,Weekend,1,266,1/1/2024,20240101,1,61,January,Jan,1,2024,202401,7,3,2024,Not Month End,1/6/2023,,"insert into Date_Dimension values(20240106, '2024-1-6',6, 6, 1832, 'Saturday', 'Sat', 'Weekend', 1, 266, '2024-1-1', 20240101, 1, 61, 'January', 'Jan', 1, 2024, 202401, 7, 3, 2024, 'Not Month End', '2023-1-6')"
20240107,1/7/2024,7,7,1833,Sunday,Sun,Weekend,1,266,1/1/2024,20240101,1,61,January,Jan,1,2024,202401,7,3,2024,Not Month End,1/7/2023,,"insert into Date_Dimension values(20240107, '2024-1-7',7, 7, 1833, 'Sunday', 'Sun', 'Weekend', 1, 266, '2024-1-1', 20240101, 1, 61, 'January', 'Jan', 1, 2024, 202401, 7, 3, 2024, 'Not Month End', '2023-1-7')"
20240108,1/8/2024,1,8,1834,Monday,Mon,Weekday,2,267,1/8/2024,20240108,1,61,January,Jan,1,2024,202401,7,3,2024,Not Month End,1/8/2023,,"insert into Date_Dimension values(20240108, '2024-1-8',1, 8, 1834, 'Monday', 'Mon', 'Weekday', 2, 267, '2024-1-8', 20240108, 1, 61, 'January', 'Jan', 1, 2024, 202401, 7, 3, 2024, 'Not Month End', '2023-1-8')"
20240109,1/9/2024,2,9,1835,Tuesday,Tue,Weekday,2,267,1/8/2024,20240108,1,61,January,Jan,1,2024,202401,7,3,2024,Not Month End,1/9/2023,,"insert into Date_Dimension values(20240109, '2024-1-9',2, 9, 1835, 'Tuesday', 'Tue', 'Weekday', 2, 267, '2024-1-8', 20240108, 1, 61, 'January', 'Jan', 1, 2024, 202401, 7, 3, 2024, 'Not Month End', '2023-1-9')"
20240110,1/10/2024,3,10,1836,Wednesday,Wed,Weekday,2,267,1/8/2024,20240108,1,61,January,Jan,1,2024,202401,7,3,2024,Not Month End,1/10/2023,,"insert into Date_Dimension values(20240110, '2024-1-10',3, 10, 1836, 'Wednesday', 'Wed', 'Weekday', 2, 267, '2024-1-8', 20240108, 1, 61, 'January', 'Jan', 1, 2024, 202401, 7, 3, 2024, 'Not Month End', '2023-1-10')"
20240111,1/11/2024,4,11,1837,Thursday,Thu,Weekday,2,267,1/8/2024,20240108,1,61,January,Jan,1,2024,202401,7,3,2024,Not Month End,1/11/2023,,"insert into Date_Dimension values(20240111, '2024-1-11',4, 11, 1837, 'Thursday', 'Thu', 'Weekday', 2, 267, '2024-1-8', 20240108, 1, 61, 'January', 'Jan', 1, 2024, 202401, 7, 3, 2024, 'Not Month End', '2023-1-11')"
20240112,1/12/2024,5,12,1838,Friday,Fri,Weekday,2,267,1/8/2024,20240108,1,61,January,Jan,1,2024,202401,7,3,2024,Not Month End,1/12/2023,,"insert into Date_Dimension values(20240112, '2024-1-12',5, 12, 1838, 'Friday', 'Fri', 'Weekday', 2, 267, '2024-1-8', 20240108, 1, 61, 'January', 'Jan', 1, 2024, 202401, 7, 3, 2024, 'Not Month End', '2023-1-12')"
20240113,1/13/2024,6,13,1839,Saturday,Sat,Weekend,2,267,1/8/2024,20240108,1,61,January,Jan,1,2024,202401,7,3,2024,Not Month End,1/13/2023,,"insert into Date_Dimension values(20240113, '2024-1-13',6, 13, 1839, 'Saturday', 'Sat', 'Weekend', 2, 267, '2024-1-8', 20240108, 1, 61, 'January', 'Jan', 1, 2024, 202401, 7, 3, 2024, 'Not Month End', '2023-1-13')"
20240114,1/14/2024,7,14,1840,Sunday,Sun,Weekend,2,267,1/8/2024,20240108,1,61,January,Jan,1,2024,202401,7,3,2024,Not Month End,1/14/2023,,"insert into Date_Dimension values(20240114, '2024-1-14',7, 14, 1840, 'Sunday', 'Sun', 'Weekend', 2, 267, '2024-1-8', 20240108, 1, 61, 'January', 'Jan', 1, 2024, 202401, 7, 3, 2024, 'Not Month End', '2023-1-14')"
20240115,1/15/2024,1,15,1841,Monday,Mon,Weekday,3,268,1/15/2024,20240115,1,61,January,Jan,1,2024,202401,7,3,2024,Not Month End,1/15/2023,,"insert into Date_Dimension values(20240115, '2024-1-15',1, 15, 1841, 'Monday', 'Mon', 'Weekday', 3, 268, '2024-1-15', 20240115, 1, 61, 'January', 'Jan', 1, 2024, 202401, 7, 3, 2024, 'Not Month End', '2023-1-15')"
20240116,1/16/2024,2,16,1842,Tuesday,Tue,Weekday,3,268,1/15/2024,20240115,1,61,January,Jan,1,2024,202401,7,3,2024,Not Month End,1/16/2023,,"insert into Date_Dimension values(20240116, '2024-1-16',2, 16, 1842, 'Tuesday', 'Tue', 'Weekday', 3, 268, '2024-1-15', 20240115, 1, 61, 'January', 'Jan', 1, 2024, 202401, 7, 3, 2024, 'Not Month End', '2023-1-16')"
20240117,1/17/2024,3,17,1843,Wednesday,Wed,Weekday,3,268,1/15/2024,20240115,1,61,January,Jan,1,2024,202401,7,3,2024,Not Month End,1/17/2023,,"insert into Date_Dimension values(20240117, '2024-1-17',3, 17, 1843, 'Wednesday', 'Wed', 'Weekday', 3, 268, '2024-1-15', 20240115, 1, 61, 'January', 'Jan', 1, 2024, 202401, 7, 3, 2024, 'Not Month End', '2023-1-17')"
20240118,1/18/2024,4,18,1844,Thursday,Thu,Weekday,3,268,1/15/2024,20240115,1,61,January,Jan,1,2024,202401,7,3,2024,Not Month End,1/18/2023,,"insert into Date_Dimension values(20240118, '2024-1-18',4, 18, 1844, 'Thursday', 'Thu', 'Weekday', 3, 268, '2024-1-15', 20240115, 1, 61, 'January', 'Jan', 1, 2024, 202401, 7, 3, 2024, 'Not Month End', '2023-1-18')"
20240119,1/19/2024,5,19,1845,Friday,Fri,Weekday,3,268,1/15/2024,20240115,1,61,January,Jan,1,2024,202401,7,3,2024,Not Month End,1/19/2023,,"insert into Date_Dimension values(20240119, '2024-1-19',5, 19, 1845, 'Friday', 'Fri', 'Weekday', 3, 268, '2024-1-15', 20240115, 1, 61, 'January', 'Jan', 1, 2024, 202401, 7, 3, 2024, 'Not Month End', '2023-1-19')"
20240120,1/20/2024,6,20,1846,Saturday,Sat,Weekend,3,268,1/15/2024,20240115,1,61,January,Jan,1,2024,202401,7,3,2024,Not Month End,1/20/2023,,"insert into Date_Dimension values(20240120, '2024-1-20',6, 20, 1846, 'Saturday', 'Sat', 'Weekend', 3, 268, '2024-1-15', 20240115, 1, 61, 'January', 'Jan', 1, 2024, 202401, 7, 3, 2024, 'Not Month End', '2023-1-20')"
20240121,1/21/2024,7,21,1847,Sunday,Sun,Weekend,3,268,1/15/2024,20240115,1,61,January,Jan,1,2024,202401,7,3,2024,Not Month End,1/21/2023,,"insert into Date_Dimension values(20240121, '2024-1-21',7, 21, 1847, 'Sunday', 'Sun', 'Weekend', 3, 268, '2024-1-15', 20240115, 1, 61, 'January', 'Jan', 1, 2024, 202401, 7, 3, 2024, 'Not Month End', '2023-1-21')"
20240122,1/22/2024,1,22,1848,Monday,Mon,Weekday,4,269,1/22/2024,20240122,1,61,January,Jan,1,2024,202401,7,3,2024,Not Month End,1/22/2023,,"insert into Date_Dimension values(20240122, '2024-1-22',1, 22, 1848, 'Monday', 'Mon', 'Weekday', 4, 269, '2024-1-22', 20240122, 1, 61, 'January', 'Jan', 1, 2024, 202401, 7, 3, 2024, 'Not Month End', '2023-1-22')"
20240123,1/23/2024,2,23,1849,Tuesday,Tue,Weekday,4,269,1/22/2024,20240122,1,61,January,Jan,1,2024,202401,7,3,2024,Not Month End,1/23/2023,,"insert into Date_Dimension values(20240123, '2024-1-23',2, 23, 1849, 'Tuesday', 'Tue', 'Weekday', 4, 269, '2024-1-22', 20240122, 1, 61, 'January', 'Jan', 1, 2024, 202401, 7, 3, 2024, 'Not Month End', '2023-1-23')"
20240124,1/24/2024,3,24,1850,Wednesday,Wed,Weekday,4,269,1/22/2024,20240122,1,61,January,Jan,1,2024,202401,7,3,2024,Not Month End,1/24/2023,,"insert into Date_Dimension values(20240124, '2024-1-24',3, 24, 1850, 'Wednesday', 'Wed', 'Weekday', 4, 269, '2024-1-22', 20240122, 1, 61, 'January', 'Jan', 1, 2024, 202401, 7, 3, 2024, 'Not Month End', '2023-1-24')"
20240125,1/25/2024,4,25,1851,Thursday,Thu,Weekday,4,269,1/22/2024,20240122,1,61,January,Jan,1,2024,202401,7,3,2024,Not Month End,1/25/2023,,"insert into Date_Dimension values(20240125, '2024-1-25',4, 25, 1851, 'Thursday', 'Thu', 'Weekday', 4, 269, '2024-1-22', 20240122, 1, 61, 'January', 'Jan', 1, 2024, 202401, 7, 3, 2024, 'Not Month End', '2023-1-25')"
20240126,1/26/2024,5,26,1852,Friday,Fri,Weekday,4,269,1/22/2024,20240122,1,61,January,Jan,1,2024,202401,7,3,2024,Not Month End,1/26/2023,,"insert into Date_Dimension values(20240126, '2024-1-26',5, 26, 1852, 'Friday', 'Fri', 'Weekday', 4, 269, '2024-1-22', 20240122, 1, 61, 'January', 'Jan', 1, 2024, 202401, 7, 3, 2024, 'Not Month End', '2023-1-26')"
20240127,1/27/2024,6,27,1853,Saturday,Sat,Weekend,4,269,1/22/2024,20240122,1,61,January,Jan,1,2024,202401,7,3,2024,Not Month End,1/27/2023,,"insert into Date_Dimension values(20240127, '2024-1-27',6, 27, 1853, 'Saturday', 'Sat', 'Weekend', 4, 269, '2024-1-22', 20240122, 1, 61, 'January', 'Jan', 1, 2024, 202401, 7, 3, 2024, 'Not Month End', '2023-1-27')"
20240128,1/28/2024,7,28,1854,Sunday,Sun,Weekend,4,269,1/22/2024,20240122,1,61,January,Jan,1,2024,202401,7,3,2024,Not Month End,1/28/2023,,"insert into Date_Dimension values(20240128, '2024-1-28',7, 28, 1854, 'Sunday', 'Sun', 'Weekend', 4, 269, '2024-1-22', 20240122, 1, 61, 'January', 'Jan', 1, 2024, 202401, 7, 3, 2024, 'Not Month End', '2023-1-28')"
20240129,1/29/2024,1,29,1855,Monday,Mon,Weekday,5,270,1/29/2024,20240129,1,61,January,Jan,1,2024,202401,7,3,2024,Not Month End,1/29/2023,,"insert into Date_Dimension values(20240129, '2024-1-29',1, 29, 1855, 'Monday', 'Mon', 'Weekday', 5, 270, '2024-1-29', 20240129, 1, 61, 'January', 'Jan', 1, 2024, 202401, 7, 3, 2024, 'Not Month End', '2023-1-29')"
20240130,1/30/2024,2,30,1856,Tuesday,Tue,Weekday,5,270,1/29/2024,20240129,1,61,January,Jan,1,2024,202401,7,3,2024,Not Month End,1/30/2023,,"insert into Date_Dimension values(20240130, '2024-1-30',2, 30, 1856, 'Tuesday', 'Tue', 'Weekday', 5, 270, '2024-1-29', 20240129, 1, 61, 'January', 'Jan', 1, 2024, 202401, 7, 3, 2024, 'Not Month End', '2023-1-30')"
20240131,1/31/2024,3,31,1857,Wednesday,Wed,Weekday,5,270,1/29/2024,20240129,1,61,January,Jan,1,2024,202401,7,3,2024,Month End,1/31/2023,,"insert into Date_Dimension values(20240131, '2024-1-31',3, 31, 1857, 'Wednesday', 'Wed', 'Weekday', 5, 270, '2024-1-29', 20240129, 1, 61, 'January', 'Jan', 1, 2024, 202401, 7, 3, 2024, 'Month End', '2023-1-31')"
20240201,2/1/2024,4,1,1858,Thursday,Thu,Weekday,5,270,1/29/2024,20240129,2,62,February,Feb,1,2024,202402,8,3,2024,Not Month End,2/1/2023,,"insert into Date_Dimension values(20240201, '2024-2-1',4, 1, 1858, 'Thursday', 'Thu', 'Weekday', 5, 270, '2024-1-29', 20240129, 2, 62, 'February', 'Feb', 1, 2024, 202402, 8, 3, 2024, 'Not Month End', '2023-2-1')"
20240202,2/2/2024,5,2,1859,Friday,Fri,Weekday,5,270,1/29/2024,20240129,2,62,February,Feb,1,2024,202402,8,3,2024,Not Month End,2/2/2023,,"insert into Date_Dimension values(20240202, '2024-2-2',5, 2, 1859, 'Friday', 'Fri', 'Weekday', 5, 270, '2024-1-29', 20240129, 2, 62, 'February', 'Feb', 1, 2024, 202402, 8, 3, 2024, 'Not Month End', '2023-2-2')"
20240203,2/3/2024,6,3,1860,Saturday,Sat,Weekend,5,270,1/29/2024,20240129,2,62,February,Feb,1,2024,202402,8,3,2024,Not Month End,2/3/2023,,"insert into Date_Dimension values(20240203, '2024-2-3',6, 3, 1860, 'Saturday', 'Sat', 'Weekend', 5, 270, '2024-1-29', 20240129, 2, 62, 'February', 'Feb', 1, 2024, 202402, 8, 3, 2024, 'Not Month End', '2023-2-3')"
20240204,2/4/2024,7,4,1861,Sunday,Sun,Weekend,5,270,1/29/2024,20240129,2,62,February,Feb,1,2024,202402,8,3,2024,Not Month End,2/4/2023,,"insert into Date_Dimension values(20240204, '2024-2-4',7, 4, 1861, 'Sunday', 'Sun', 'Weekend', 5, 270, '2024-1-29', 20240129, 2, 62, 'February', 'Feb', 1, 2024, 202402, 8, 3, 2024, 'Not Month End', '2023-2-4')"
20240205,2/5/2024,1,5,1862,Monday,Mon,Weekday,6,271,2/5/2024,20240205,2,62,February,Feb,1,2024,202402,8,3,2024,Not Month End,2/5/2023,,"insert into Date_Dimension values(20240205, '2024-2-5',1, 5, 1862, 'Monday', 'Mon', 'Weekday', 6, 271, '2024-2-5', 20240205, 2, 62, 'February', 'Feb', 1, 2024, 202402, 8, 3, 2024, 'Not Month End', '2023-2-5')"
20240206,2/6/2024,2,6,1863,Tuesday,Tue,Weekday,6,271,2/5/2024,20240205,2,62,February,Feb,1,2024,202402,8,3,2024,Not Month End,2/6/2023,,"insert into Date_Dimension values(20240206, '2024-2-6',2, 6, 1863, 'Tuesday', 'Tue', 'Weekday', 6, 271, '2024-2-5', 20240205, 2, 62, 'February', 'Feb', 1, 2024, 202402, 8, 3, 2024, 'Not Month End', '2023-2-6')"
20240207,2/7/2024,3,7,1864,Wednesday,Wed,Weekday,6,271,2/5/2024,20240205,2,62,February,Feb,1,2024,202402,8,3,2024,Not Month End,2/7/2023,,"insert into Date_Dimension values(20240207, '2024-2-7',3, 7, 1864, 'Wednesday', 'Wed', 'Weekday', 6, 271, '2024-2-5', 20240205, 2, 62, 'February', 'Feb', 1, 2024, 202402, 8, 3, 2024, 'Not Month End', '2023-2-7')"
20240208,2/8/2024,4,8,1865,Thursday,Thu,Weekday,6,271,2/5/2024,20240205,2,62,February,Feb,1,2024,202402,8,3,2024,Not Month End,2/8/2023,,"insert into Date_Dimension values(20240208, '2024-2-8',4, 8, 1865, 'Thursday', 'Thu', 'Weekday', 6, 271, '2024-2-5', 20240205, 2, 62, 'February', 'Feb', 1, 2024, 202402, 8, 3, 2024, 'Not Month End', '2023-2-8')"
20240209,2/9/2024,5,9,1866,Friday,Fri,Weekday,6,271,2/5/2024,20240205,2,62,February,Feb,1,2024,202402,8,3,2024,Not Month End,2/9/2023,,"insert into Date_Dimension values(20240209, '2024-2-9',5, 9, 1866, 'Friday', 'Fri', 'Weekday', 6, 271, '2024-2-5', 20240205, 2, 62, 'February', 'Feb', 1, 2024, 202402, 8, 3, 2024, 'Not Month End', '2023-2-9')"
20240210,2/10/2024,6,10,1867,Saturday,Sat,Weekend,6,271,2/5/2024,20240205,2,62,February,Feb,1,2024,202402,8,3,2024,Not Month End,2/10/2023,,"insert into Date_Dimension values(20240210, '2024-2-10',6, 10, 1867, 'Saturday', 'Sat', 'Weekend', 6, 271, '2024-2-5', 20240205, 2, 62, 'February', 'Feb', 1, 2024, 202402, 8, 3, 2024, 'Not Month End', '2023-2-10')"
20240211,2/11/2024,7,11,1868,Sunday,Sun,Weekend,6,271,2/5/2024,20240205,2,62,February,Feb,1,2024,202402,8,3,2024,Not Month End,2/11/2023,,"insert into Date_Dimension values(20240211, '2024-2-11',7, 11, 1868, 'Sunday', 'Sun', 'Weekend', 6, 271, '2024-2-5', 20240205, 2, 62, 'February', 'Feb', 1, 2024, 202402, 8, 3, 2024, 'Not Month End', '2023-2-11')"
20240212,2/12/2024,1,12,1869,Monday,Mon,Weekday,7,272,2/12/2024,20240212,2,62,February,Feb,1,2024,202402,8,3,2024,Not Month End,2/12/2023,,"insert into Date_Dimension values(20240212, '2024-2-12',1, 12, 1869, 'Monday', 'Mon', 'Weekday', 7, 272, '2024-2-12', 20240212, 2, 62, 'February', 'Feb', 1, 2024, 202402, 8, 3, 2024, 'Not Month End', '2023-2-12')"
20240213,2/13/2024,2,13,1870,Tuesday,Tue,Weekday,7,272,2/12/2024,20240212,2,62,February,Feb,1,2024,202402,8,3,2024,Not Month End,2/13/2023,,"insert into Date_Dimension values(20240213, '2024-2-13',2, 13, 1870, 'Tuesday', 'Tue', 'Weekday', 7, 272, '2024-2-12', 20240212, 2, 62, 'February', 'Feb', 1, 2024, 202402, 8, 3, 2024, 'Not Month End', '2023-2-13')"
20240214,2/14/2024,3,14,1871,Wednesday,Wed,Weekday,7,272,2/12/2024,20240212,2,62,February,Feb,1,2024,202402,8,3,2024,Not Month End,2/14/2023,,"insert into Date_Dimension values(20240214, '2024-2-14',3, 14, 1871, 'Wednesday', 'Wed', 'Weekday', 7, 272, '2024-2-12', 20240212, 2, 62, 'February', 'Feb', 1, 2024, 202402, 8, 3, 2024, 'Not Month End', '2023-2-14')"
20240215,2/15/2024,4,15,1872,Thursday,Thu,Weekday,7,272,2/12/2024,20240212,2,62,February,Feb,1,2024,202402,8,3,2024,Not Month End,2/15/2023,,"insert into Date_Dimension values(20240215, '2024-2-15',4, 15, 1872, 'Thursday', 'Thu', 'Weekday', 7, 272, '2024-2-12', 20240212, 2, 62, 'February', 'Feb', 1, 2024, 202402, 8, 3, 2024, 'Not Month End', '2023-2-15')"
20240216,2/16/2024,5,16,1873,Friday,Fri,Weekday,7,272,2/12/2024,20240212,2,62,February,Feb,1,2024,202402,8,3,2024,Not Month End,2/16/2023,,"insert into Date_Dimension values(20240216, '2024-2-16',5, 16, 1873, 'Friday', 'Fri', 'Weekday', 7, 272, '2024-2-12', 20240212, 2, 62, 'February', 'Feb', 1, 2024, 202402, 8, 3, 2024, 'Not Month End', '2023-2-16')"
20240217,2/17/2024,6,17,1874,Saturday,Sat,Weekend,7,272,2/12/2024,20240212,2,62,February,Feb,1,2024,202402,8,3,2024,Not Month End,2/17/2023,,"insert into Date_Dimension values(20240217, '2024-2-17',6, 17, 1874, 'Saturday', 'Sat', 'Weekend', 7, 272, '2024-2-12', 20240212, 2, 62, 'February', 'Feb', 1, 2024, 202402, 8, 3, 2024, 'Not Month End', '2023-2-17')"
20240218,2/18/2024,7,18,1875,Sunday,Sun,Weekend,7,272,2/12/2024,20240212,2,62,February,Feb,1,2024,202402,8,3,2024,Not Month End,2/18/2023,,"insert into Date_Dimension values(20240218, '2024-2-18',7, 18, 1875, 'Sunday', 'Sun', 'Weekend', 7, 272, '2024-2-12', 20240212, 2, 62, 'February', 'Feb', 1, 2024, 202402, 8, 3, 2024, 'Not Month End', '2023-2-18')"
20240219,2/19/2024,1,19,1876,Monday,Mon,Weekday,8,273,2/19/2024,20240219,2,62,February,Feb,1,2024,202402,8,3,2024,Not Month End,2/19/2023,,"insert into Date_Dimension values(20240219, '2024-2-19',1, 19, 1876, 'Monday', 'Mon', 'Weekday', 8, 273, '2024-2-19', 20240219, 2, 62, 'February', 'Feb', 1, 2024, 202402, 8, 3, 2024, 'Not Month End', '2023-2-19')"
20240220,2/20/2024,2,20,1877,Tuesday,Tue,Weekday,8,273,2/19/2024,20240219,2,62,February,Feb,1,2024,202402,8,3,2024,Not Month End,2/20/2023,,"insert into Date_Dimension values(20240220, '2024-2-20',2, 20, 1877, 'Tuesday', 'Tue', 'Weekday', 8, 273, '2024-2-19', 20240219, 2, 62, 'February', 'Feb', 1, 2024, 202402, 8, 3, 2024, 'Not Month End', '2023-2-20')"
20240221,2/21/2024,3,21,1878,Wednesday,Wed,Weekday,8,273,2/19/2024,20240219,2,62,February,Feb,1,2024,202402,8,3,2024,Not Month End,2/21/2023,,"insert into Date_Dimension values(20240221, '2024-2-21',3, 21, 1878, 'Wednesday', 'Wed', 'Weekday', 8, 273, '2024-2-19', 20240219, 2, 62, 'February', 'Feb', 1, 2024, 202402, 8, 3, 2024, 'Not Month End', '2023-2-21')"
20240222,2/22/2024,4,22,1879,Thursday,Thu,Weekday,8,273,2/19/2024,20240219,2,62,February,Feb,1,2024,202402,8,3,2024,Not Month End,2/22/2023,,"insert into Date_Dimension values(20240222, '2024-2-22',4, 22, 1879, 'Thursday', 'Thu', 'Weekday', 8, 273, '2024-2-19', 20240219, 2, 62, 'February', 'Feb', 1, 2024, 202402, 8, 3, 2024, 'Not Month End', '2023-2-22')"
20240223,2/23/2024,5,23,1880,Friday,Fri,Weekday,8,273,2/19/2024,20240219,2,62,February,Feb,1,2024,202402,8,3,2024,Not Month End,2/23/2023,,"insert into Date_Dimension values(20240223, '2024-2-23',5, 23, 1880, 'Friday', 'Fri', 'Weekday', 8, 273, '2024-2-19', 20240219, 2, 62, 'February', 'Feb', 1, 2024, 202402, 8, 3, 2024, 'Not Month End', '2023-2-23')"
20240224,2/24/2024,6,24,1881,Saturday,Sat,Weekend,8,273,2/19/2024,20240219,2,62,February,Feb,1,2024,202402,8,3,2024,Not Month End,2/24/2023,,"insert into Date_Dimension values(20240224, '2024-2-24',6, 24, 1881, 'Saturday', 'Sat', 'Weekend', 8, 273, '2024-2-19', 20240219, 2, 62, 'February', 'Feb', 1, 2024, 202402, 8, 3, 2024, 'Not Month End', '2023-2-24')"
20240225,2/25/2024,7,25,1882,Sunday,Sun,Weekend,8,273,2/19/2024,20240219,2,62,February,Feb,1,2024,202402,8,3,2024,Not Month End,2/25/2023,,"insert into Date_Dimension values(20240225, '2024-2-25',7, 25, 1882, 'Sunday', 'Sun', 'Weekend', 8, 273, '2024-2-19', 20240219, 2, 62, 'February', 'Feb', 1, 2024, 202402, 8, 3, 2024, 'Not Month End', '2023-2-25')"
20240226,2/26/2024,1,26,1883,Monday,Mon,Weekday,9,274,2/26/2024,20240226,2,62,February,Feb,1,2024,202402,8,3,2024,Not Month End,2/26/2023,,"insert into Date_Dimension values(20240226, '2024-2-26',1, 26, 1883, 'Monday', 'Mon', 'Weekday', 9, 274, '2024-2-26', 20240226, 2, 62, 'February', 'Feb', 1, 2024, 202402, 8, 3, 2024, 'Not Month End', '2023-2-26')"
20240227,2/27/2024,2,27,1884,Tuesday,Tue,Weekday,9,274,2/26/2024,20240226,2,62,February,Feb,1,2024,202402,8,3,2024,Not Month End,2/27/2023,,"insert into Date_Dimension values(20240227, '2024-2-27',2, 27, 1884, 'Tuesday', 'Tue', 'Weekday', 9, 274, '2024-2-26', 20240226, 2, 62, 'February', 'Feb', 1, 2024, 202402, 8, 3, 2024, 'Not Month End', '2023-2-27')"
20240228,2/28/2024,3,28,1885,Wednesday,Wed,Weekday,9,274,2/26/2024,20240226,2,62,February,Feb,1,2024,202402,8,3,2024,Not Month End,2/28/2023,,"insert into Date_Dimension values(20240228, '2024-2-28',3, 28, 1885, 'Wednesday', 'Wed', 'Weekday', 9, 274, '2024-2-26', 20240226, 2, 62, 'February', 'Feb', 1, 2024, 202402, 8, 3, 2024, 'Not Month End', '2023-2-28')"
20240229,2/29/2024,4,29,1886,Thursday,Thu,Weekday,9,274,2/26/2024,20240226,2,62,February,Feb,1,2024,202402,8,3,2024,Month End,3/1/2023,,"insert into Date_Dimension values(20240229, '2024-2-29',4, 29, 1886, 'Thursday', 'Thu', 'Weekday', 9, 274, '2024-2-26', 20240226, 2, 62, 'February', 'Feb', 1, 2024, 202402, 8, 3, 2024, 'Month End', '2023-3-1')"
20240301,3/1/2024,5,1,1887,Friday,Fri,Weekday,9,274,2/26/2024,20240226,3,63,March,Mar,1,2024,202403,9,3,2024,Not Month End,3/1/2023,,"insert into Date_Dimension values(20240301, '2024-3-1',5, 1, 1887, 'Friday', 'Fri', 'Weekday', 9, 274, '2024-2-26', 20240226, 3, 63, 'March', 'Mar', 1, 2024, 202403, 9, 3, 2024, 'Not Month End', '2023-3-1')"
20240302,3/2/2024,6,2,1888,Saturday,Sat,Weekend,9,274,2/26/2024,20240226,3,63,March,Mar,1,2024,202403,9,3,2024,Not Month End,3/2/2023,,"insert into Date_Dimension values(20240302, '2024-3-2',6, 2, 1888, 'Saturday', 'Sat', 'Weekend', 9, 274, '2024-2-26', 20240226, 3, 63, 'March', 'Mar', 1, 2024, 202403, 9, 3, 2024, 'Not Month End', '2023-3-2')"
20240303,3/3/2024,7,3,1889,Sunday,Sun,Weekend,9,274,2/26/2024,20240226,3,63,March,Mar,1,2024,202403,9,3,2024,Not Month End,3/3/2023,,"insert into Date_Dimension values(20240303, '2024-3-3',7, 3, 1889, 'Sunday', 'Sun', 'Weekend', 9, 274, '2024-2-26', 20240226, 3, 63, 'March', 'Mar', 1, 2024, 202403, 9, 3, 2024, 'Not Month End', '2023-3-3')"
20240304,3/4/2024,1,4,1890,Monday,Mon,Weekday,10,275,3/4/2024,20240304,3,63,March,Mar,1,2024,202403,9,3,2024,Not Month End,3/4/2023,,"insert into Date_Dimension values(20240304, '2024-3-4',1, 4, 1890, 'Monday', 'Mon', 'Weekday', 10, 275, '2024-3-4', 20240304, 3, 63, 'March', 'Mar', 1, 2024, 202403, 9, 3, 2024, 'Not Month End', '2023-3-4')"
20240305,3/5/2024,2,5,1891,Tuesday,Tue,Weekday,10,275,3/4/2024,20240304,3,63,March,Mar,1,2024,202403,9,3,2024,Not Month End,3/5/2023,,"insert into Date_Dimension values(20240305, '2024-3-5',2, 5, 1891, 'Tuesday', 'Tue', 'Weekday', 10, 275, '2024-3-4', 20240304, 3, 63, 'March', 'Mar', 1, 2024, 202403, 9, 3, 2024, 'Not Month End', '2023-3-5')"
20240306,3/6/2024,3,6,1892,Wednesday,Wed,Weekday,10,275,3/4/2024,20240304,3,63,March,Mar,1,2024,202403,9,3,2024,Not Month End,3/6/2023,,"insert into Date_Dimension values(20240306, '2024-3-6',3, 6, 1892, 'Wednesday', 'Wed', 'Weekday', 10, 275, '2024-3-4', 20240304, 3, 63, 'March', 'Mar', 1, 2024, 202403, 9, 3, 2024, 'Not Month End', '2023-3-6')"
20240307,3/7/2024,4,7,1893,Thursday,Thu,Weekday,10,275,3/4/2024,20240304,3,63,March,Mar,1,2024,202403,9,3,2024,Not Month End,3/7/2023,,"insert into Date_Dimension values(20240307, '2024-3-7',4, 7, 1893, 'Thursday', 'Thu', 'Weekday', 10, 275, '2024-3-4', 20240304, 3, 63, 'March', 'Mar', 1, 2024, 202403, 9, 3, 2024, 'Not Month End', '2023-3-7')"
20240308,3/8/2024,5,8,1894,Friday,Fri,Weekday,10,275,3/4/2024,20240304,3,63,March,Mar,1,2024,202403,9,3,2024,Not Month End,3/8/2023,,"insert into Date_Dimension values(20240308, '2024-3-8',5, 8, 1894, 'Friday', 'Fri', 'Weekday', 10, 275, '2024-3-4', 20240304, 3, 63, 'March', 'Mar', 1, 2024, 202403, 9, 3, 2024, 'Not Month End', '2023-3-8')"
20240309,3/9/2024,6,9,1895,Saturday,Sat,Weekend,10,275,3/4/2024,20240304,3,63,March,Mar,1,2024,202403,9,3,2024,Not Month End,3/9/2023,,"insert into Date_Dimension values(20240309, '2024-3-9',6, 9, 1895, 'Saturday', 'Sat', 'Weekend', 10, 275, '2024-3-4', 20240304, 3, 63, 'March', 'Mar', 1, 2024, 202403, 9, 3, 2024, 'Not Month End', '2023-3-9')"
20240310,3/10/2024,7,10,1896,Sunday,Sun,Weekend,10,275,3/4/2024,20240304,3,63,March,Mar,1,2024,202403,9,3,2024,Not Month End,3/10/2023,,"insert into Date_Dimension values(20240310, '2024-3-10',7, 10, 1896, 'Sunday', 'Sun', 'Weekend', 10, 275, '2024-3-4', 20240304, 3, 63, 'March', 'Mar', 1, 2024, 202403, 9, 3, 2024, 'Not Month End', '2023-3-10')"
20240311,3/11/2024,1,11,1897,Monday,Mon,Weekday,11,276,3/11/2024,20240311,3,63,March,Mar,1,2024,202403,9,3,2024,Not Month End,3/11/2023,,"insert into Date_Dimension values(20240311, '2024-3-11',1, 11, 1897, 'Monday', 'Mon', 'Weekday', 11, 276, '2024-3-11', 20240311, 3, 63, 'March', 'Mar', 1, 2024, 202403, 9, 3, 2024, 'Not Month End', '2023-3-11')"
20240312,3/12/2024,2,12,1898,Tuesday,Tue,Weekday,11,276,3/11/2024,20240311,3,63,March,Mar,1,2024,202403,9,3,2024,Not Month End,3/12/2023,,"insert into Date_Dimension values(20240312, '2024-3-12',2, 12, 1898, 'Tuesday', 'Tue', 'Weekday', 11, 276, '2024-3-11', 20240311, 3, 63, 'March', 'Mar', 1, 2024, 202403, 9, 3, 2024, 'Not Month End', '2023-3-12')"
20240313,3/13/2024,3,13,1899,Wednesday,Wed,Weekday,11,276,3/11/2024,20240311,3,63,March,Mar,1,2024,202403,9,3,2024,Not Month End,3/13/2023,,"insert into Date_Dimension values(20240313, '2024-3-13',3, 13, 1899, 'Wednesday', 'Wed', 'Weekday', 11, 276, '2024-3-11', 20240311, 3, 63, 'March', 'Mar', 1, 2024, 202403, 9, 3, 2024, 'Not Month End', '2023-3-13')"
20240314,3/14/2024,4,14,1900,Thursday,Thu,Weekday,11,276,3/11/2024,20240311,3,63,March,Mar,1,2024,202403,9,3,2024,Not Month End,3/14/2023,,"insert into Date_Dimension values(20240314, '2024-3-14',4, 14, 1900, 'Thursday', 'Thu', 'Weekday', 11, 276, '2024-3-11', 20240311, 3, 63, 'March', 'Mar', 1, 2024, 202403, 9, 3, 2024, 'Not Month End', '2023-3-14')"
20240315,3/15/2024,5,15,1901,Friday,Fri,Weekday,11,276,3/11/2024,20240311,3,63,March,Mar,1,2024,202403,9,3,2024,Not Month End,3/15/2023,,"insert into Date_Dimension values(20240315, '2024-3-15',5, 15, 1901, 'Friday', 'Fri', 'Weekday', 11, 276, '2024-3-11', 20240311, 3, 63, 'March', 'Mar', 1, 2024, 202403, 9, 3, 2024, 'Not Month End', '2023-3-15')"
20240316,3/16/2024,6,16,1902,Saturday,Sat,Weekend,11,276,3/11/2024,20240311,3,63,March,Mar,1,2024,202403,9,3,2024,Not Month End,3/16/2023,,"insert into Date_Dimension values(20240316, '2024-3-16',6, 16, 1902, 'Saturday', 'Sat', 'Weekend', 11, 276, '2024-3-11', 20240311, 3, 63, 'March', 'Mar', 1, 2024, 202403, 9, 3, 2024, 'Not Month End', '2023-3-16')"
20240317,3/17/2024,7,17,1903,Sunday,Sun,Weekend,11,276,3/11/2024,20240311,3,63,March,Mar,1,2024,202403,9,3,2024,Not Month End,3/17/2023,,"insert into Date_Dimension values(20240317, '2024-3-17',7, 17, 1903, 'Sunday', 'Sun', 'Weekend', 11, 276, '2024-3-11', 20240311, 3, 63, 'March', 'Mar', 1, 2024, 202403, 9, 3, 2024, 'Not Month End', '2023-3-17')"
20240318,3/18/2024,1,18,1904,Monday,Mon,Weekday,12,277,3/18/2024,20240318,3,63,March,Mar,1,2024,202403,9,3,2024,Not Month End,3/18/2023,,"insert into Date_Dimension values(20240318, '2024-3-18',1, 18, 1904, 'Monday', 'Mon', 'Weekday', 12, 277, '2024-3-18', 20240318, 3, 63, 'March', 'Mar', 1, 2024, 202403, 9, 3, 2024, 'Not Month End', '2023-3-18')"
20240319,3/19/2024,2,19,1905,Tuesday,Tue,Weekday,12,277,3/18/2024,20240318,3,63,March,Mar,1,2024,202403,9,3,2024,Not Month End,3/19/2023,,"insert into Date_Dimension values(20240319, '2024-3-19',2, 19, 1905, 'Tuesday', 'Tue', 'Weekday', 12, 277, '2024-3-18', 20240318, 3, 63, 'March', 'Mar', 1, 2024, 202403, 9, 3, 2024, 'Not Month End', '2023-3-19')"
20240320,3/20/2024,3,20,1906,Wednesday,Wed,Weekday,12,277,3/18/2024,20240318,3,63,March,Mar,1,2024,202403,9,3,2024,Not Month End,3/20/2023,,"insert into Date_Dimension values(20240320, '2024-3-20',3, 20, 1906, 'Wednesday', 'Wed', 'Weekday', 12, 277, '2024-3-18', 20240318, 3, 63, 'March', 'Mar', 1, 2024, 202403, 9, 3, 2024, 'Not Month End', '2023-3-20')"
20240321,3/21/2024,4,21,1907,Thursday,Thu,Weekday,12,277,3/18/2024,20240318,3,63,March,Mar,1,2024,202403,9,3,2024,Not Month End,3/21/2023,,"insert into Date_Dimension values(20240321, '2024-3-21',4, 21, 1907, 'Thursday', 'Thu', 'Weekday', 12, 277, '2024-3-18', 20240318, 3, 63, 'March', 'Mar', 1, 2024, 202403, 9, 3, 2024, 'Not Month End', '2023-3-21')"
20240322,3/22/2024,5,22,1908,Friday,Fri,Weekday,12,277,3/18/2024,20240318,3,63,March,Mar,1,2024,202403,9,3,2024,Not Month End,3/22/2023,,"insert into Date_Dimension values(20240322, '2024-3-22',5, 22, 1908, 'Friday', 'Fri', 'Weekday', 12, 277, '2024-3-18', 20240318, 3, 63, 'March', 'Mar', 1, 2024, 202403, 9, 3, 2024, 'Not Month End', '2023-3-22')"
20240323,3/23/2024,6,23,1909,Saturday,Sat,Weekend,12,277,3/18/2024,20240318,3,63,March,Mar,1,2024,202403,9,3,2024,Not Month End,3/23/2023,,"insert into Date_Dimension values(20240323, '2024-3-23',6, 23, 1909, 'Saturday', 'Sat', 'Weekend', 12, 277, '2024-3-18', 20240318, 3, 63, 'March', 'Mar', 1, 2024, 202403, 9, 3, 2024, 'Not Month End', '2023-3-23')"
20240324,3/24/2024,7,24,1910,Sunday,Sun,Weekend,12,277,3/18/2024,20240318,3,63,March,Mar,1,2024,202403,9,3,2024,Not Month End,3/24/2023,,"insert into Date_Dimension values(20240324, '2024-3-24',7, 24, 1910, 'Sunday', 'Sun', 'Weekend', 12, 277, '2024-3-18', 20240318, 3, 63, 'March', 'Mar', 1, 2024, 202403, 9, 3, 2024, 'Not Month End', '2023-3-24')"
20240325,3/25/2024,1,25,1911,Monday,Mon,Weekday,13,278,3/25/2024,20240325,3,63,March,Mar,1,2024,202403,9,3,2024,Not Month End,3/25/2023,,"insert into Date_Dimension values(20240325, '2024-3-25',1, 25, 1911, 'Monday', 'Mon', 'Weekday', 13, 278, '2024-3-25', 20240325, 3, 63, 'March', 'Mar', 1, 2024, 202403, 9, 3, 2024, 'Not Month End', '2023-3-25')"
20240326,3/26/2024,2,26,1912,Tuesday,Tue,Weekday,13,278,3/25/2024,20240325,3,63,March,Mar,1,2024,202403,9,3,2024,Not Month End,3/26/2023,,"insert into Date_Dimension values(20240326, '2024-3-26',2, 26, 1912, 'Tuesday', 'Tue', 'Weekday', 13, 278, '2024-3-25', 20240325, 3, 63, 'March', 'Mar', 1, 2024, 202403, 9, 3, 2024, 'Not Month End', '2023-3-26')"
20240327,3/27/2024,3,27,1913,Wednesday,Wed,Weekday,13,278,3/25/2024,20240325,3,63,March,Mar,1,2024,202403,9,3,2024,Not Month End,3/27/2023,,"insert into Date_Dimension values(20240327, '2024-3-27',3, 27, 1913, 'Wednesday', 'Wed', 'Weekday', 13, 278, '2024-3-25', 20240325, 3, 63, 'March', 'Mar', 1, 2024, 202403, 9, 3, 2024, 'Not Month End', '2023-3-27')"
20240328,3/28/2024,4,28,1914,Thursday,Thu,Weekday,13,278,3/25/2024,20240325,3,63,March,Mar,1,2024,202403,9,3,2024,Not Month End,3/28/2023,,"insert into Date_Dimension values(20240328, '2024-3-28',4, 28, 1914, 'Thursday', 'Thu', 'Weekday', 13, 278, '2024-3-25', 20240325, 3, 63, 'March', 'Mar', 1, 2024, 202403, 9, 3, 2024, 'Not Month End', '2023-3-28')"
20240329,3/29/2024,5,29,1915,Friday,Fri,Weekday,13,278,3/25/2024,20240325,3,63,March,Mar,1,2024,202403,9,3,2024,Not Month End,3/29/2023,,"insert into Date_Dimension values(20240329, '2024-3-29',5, 29, 1915, 'Friday', 'Fri', 'Weekday', 13, 278, '2024-3-25', 20240325, 3, 63, 'March', 'Mar', 1, 2024, 202403, 9, 3, 2024, 'Not Month End', '2023-3-29')"
20240330,3/30/2024,6,30,1916,Saturday,Sat,Weekend,13,278,3/25/2024,20240325,3,63,March,Mar,1,2024,202403,9,3,2024,Not Month End,3/30/2023,,"insert into Date_Dimension values(20240330, '2024-3-30',6, 30, 1916, 'Saturday', 'Sat', 'Weekend', 13, 278, '2024-3-25', 20240325, 3, 63, 'March', 'Mar', 1, 2024, 202403, 9, 3, 2024, 'Not Month End', '2023-3-30')"
20240331,3/31/2024,7,31,1917,Sunday,Sun,Weekend,13,278,3/25/2024,20240325,3,63,March,Mar,1,2024,202403,9,3,2024,Month End,3/31/2023,,"insert into Date_Dimension values(20240331, '2024-3-31',7, 31, 1917, 'Sunday', 'Sun', 'Weekend', 13, 278, '2024-3-25', 20240325, 3, 63, 'March', 'Mar', 1, 2024, 202403, 9, 3, 2024, 'Month End', '2023-3-31')"
20240401,4/1/2024,1,1,1918,Monday,Mon,Weekday,14,279,4/1/2024,20240401,4,64,April,Apr,2,2024,202404,10,4,2024,Not Month End,4/1/2023,,"insert into Date_Dimension values(20240401, '2024-4-1',1, 1, 1918, 'Monday', 'Mon', 'Weekday', 14, 279, '2024-4-1', 20240401, 4, 64, 'April', 'Apr', 2, 2024, 202404, 10, 4, 2024, 'Not Month End', '2023-4-1')"
20240402,4/2/2024,2,2,1919,Tuesday,Tue,Weekday,14,279,4/1/2024,20240401,4,64,April,Apr,2,2024,202404,10,4,2024,Not Month End,4/2/2023,,"insert into Date_Dimension values(20240402, '2024-4-2',2, 2, 1919, 'Tuesday', 'Tue', 'Weekday', 14, 279, '2024-4-1', 20240401, 4, 64, 'April', 'Apr', 2, 2024, 202404, 10, 4, 2024, 'Not Month End', '2023-4-2')"
20240403,4/3/2024,3,3,1920,Wednesday,Wed,Weekday,14,279,4/1/2024,20240401,4,64,April,Apr,2,2024,202404,10,4,2024,Not Month End,4/3/2023,,"insert into Date_Dimension values(20240403, '2024-4-3',3, 3, 1920, 'Wednesday', 'Wed', 'Weekday', 14, 279, '2024-4-1', 20240401, 4, 64, 'April', 'Apr', 2, 2024, 202404, 10, 4, 2024, 'Not Month End', '2023-4-3')"
20240404,4/4/2024,4,4,1921,Thursday,Thu,Weekday,14,279,4/1/2024,20240401,4,64,April,Apr,2,2024,202404,10,4,2024,Not Month End,4/4/2023,,"insert into Date_Dimension values(20240404, '2024-4-4',4, 4, 1921, 'Thursday', 'Thu', 'Weekday', 14, 279, '2024-4-1', 20240401, 4, 64, 'April', 'Apr', 2, 2024, 202404, 10, 4, 2024, 'Not Month End', '2023-4-4')"
20240405,4/5/2024,5,5,1922,Friday,Fri,Weekday,14,279,4/1/2024,20240401,4,64,April,Apr,2,2024,202404,10,4,2024,Not Month End,4/5/2023,,"insert into Date_Dimension values(20240405, '2024-4-5',5, 5, 1922, 'Friday', 'Fri', 'Weekday', 14, 279, '2024-4-1', 20240401, 4, 64, 'April', 'Apr', 2, 2024, 202404, 10, 4, 2024, 'Not Month End', '2023-4-5')"
20240406,4/6/2024,6,6,1923,Saturday,Sat,Weekend,14,279,4/1/2024,20240401,4,64,April,Apr,2,2024,202404,10,4,2024,Not Month End,4/6/2023,,"insert into Date_Dimension values(20240406, '2024-4-6',6, 6, 1923, 'Saturday', 'Sat', 'Weekend', 14, 279, '2024-4-1', 20240401, 4, 64, 'April', 'Apr', 2, 2024, 202404, 10, 4, 2024, 'Not Month End', '2023-4-6')"
20240407,4/7/2024,7,7,1924,Sunday,Sun,Weekend,14,279,4/1/2024,20240401,4,64,April,Apr,2,2024,202404,10,4,2024,Not Month End,4/7/2023,,"insert into Date_Dimension values(20240407, '2024-4-7',7, 7, 1924, 'Sunday', 'Sun', 'Weekend', 14, 279, '2024-4-1', 20240401, 4, 64, 'April', 'Apr', 2, 2024, 202404, 10, 4, 2024, 'Not Month End', '2023-4-7')"
20240408,4/8/2024,1,8,1925,Monday,Mon,Weekday,15,280,4/8/2024,20240408,4,64,April,Apr,2,2024,202404,10,4,2024,Not Month End,4/8/2023,,"insert into Date_Dimension values(20240408, '2024-4-8',1, 8, 1925, 'Monday', 'Mon', 'Weekday', 15, 280, '2024-4-8', 20240408, 4, 64, 'April', 'Apr', 2, 2024, 202404, 10, 4, 2024, 'Not Month End', '2023-4-8')"
20240409,4/9/2024,2,9,1926,Tuesday,Tue,Weekday,15,280,4/8/2024,20240408,4,64,April,Apr,2,2024,202404,10,4,2024,Not Month End,4/9/2023,,"insert into Date_Dimension values(20240409, '2024-4-9',2, 9, 1926, 'Tuesday', 'Tue', 'Weekday', 15, 280, '2024-4-8', 20240408, 4, 64, 'April', 'Apr', 2, 2024, 202404, 10, 4, 2024, 'Not Month End', '2023-4-9')"
20240410,4/10/2024,3,10,1927,Wednesday,Wed,Weekday,15,280,4/8/2024,20240408,4,64,April,Apr,2,2024,202404,10,4,2024,Not Month End,4/10/2023,,"insert into Date_Dimension values(20240410, '2024-4-10',3, 10, 1927, 'Wednesday', 'Wed', 'Weekday', 15, 280, '2024-4-8', 20240408, 4, 64, 'April', 'Apr', 2, 2024, 202404, 10, 4, 2024, 'Not Month End', '2023-4-10')"
20240411,4/11/2024,4,11,1928,Thursday,Thu,Weekday,15,280,4/8/2024,20240408,4,64,April,Apr,2,2024,202404,10,4,2024,Not Month End,4/11/2023,,"insert into Date_Dimension values(20240411, '2024-4-11',4, 11, 1928, 'Thursday', 'Thu', 'Weekday', 15, 280, '2024-4-8', 20240408, 4, 64, 'April', 'Apr', 2, 2024, 202404, 10, 4, 2024, 'Not Month End', '2023-4-11')"
20240412,4/12/2024,5,12,1929,Friday,Fri,Weekday,15,280,4/8/2024,20240408,4,64,April,Apr,2,2024,202404,10,4,2024,Not Month End,4/12/2023,,"insert into Date_Dimension values(20240412, '2024-4-12',5, 12, 1929, 'Friday', 'Fri', 'Weekday', 15, 280, '2024-4-8', 20240408, 4, 64, 'April', 'Apr', 2, 2024, 202404, 10, 4, 2024, 'Not Month End', '2023-4-12')"
20240413,4/13/2024,6,13,1930,Saturday,Sat,Weekend,15,280,4/8/2024,20240408,4,64,April,Apr,2,2024,202404,10,4,2024,Not Month End,4/13/2023,,"insert into Date_Dimension values(20240413, '2024-4-13',6, 13, 1930, 'Saturday', 'Sat', 'Weekend', 15, 280, '2024-4-8', 20240408, 4, 64, 'April', 'Apr', 2, 2024, 202404, 10, 4, 2024, 'Not Month End', '2023-4-13')"
20240414,4/14/2024,7,14,1931,Sunday,Sun,Weekend,15,280,4/8/2024,20240408,4,64,April,Apr,2,2024,202404,10,4,2024,Not Month End,4/14/2023,,"insert into Date_Dimension values(20240414, '2024-4-14',7, 14, 1931, 'Sunday', 'Sun', 'Weekend', 15, 280, '2024-4-8', 20240408, 4, 64, 'April', 'Apr', 2, 2024, 202404, 10, 4, 2024, 'Not Month End', '2023-4-14')"
20240415,4/15/2024,1,15,1932,Monday,Mon,Weekday,16,281,4/15/2024,20240415,4,64,April,Apr,2,2024,202404,10,4,2024,Not Month End,4/15/2023,,"insert into Date_Dimension values(20240415, '2024-4-15',1, 15, 1932, 'Monday', 'Mon', 'Weekday', 16, 281, '2024-4-15', 20240415, 4, 64, 'April', 'Apr', 2, 2024, 202404, 10, 4, 2024, 'Not Month End', '2023-4-15')"
20240416,4/16/2024,2,16,1933,Tuesday,Tue,Weekday,16,281,4/15/2024,20240415,4,64,April,Apr,2,2024,202404,10,4,2024,Not Month End,4/16/2023,,"insert into Date_Dimension values(20240416, '2024-4-16',2, 16, 1933, 'Tuesday', 'Tue', 'Weekday', 16, 281, '2024-4-15', 20240415, 4, 64, 'April', 'Apr', 2, 2024, 202404, 10, 4, 2024, 'Not Month End', '2023-4-16')"
20240417,4/17/2024,3,17,1934,Wednesday,Wed,Weekday,16,281,4/15/2024,20240415,4,64,April,Apr,2,2024,202404,10,4,2024,Not Month End,4/17/2023,,"insert into Date_Dimension values(20240417, '2024-4-17',3, 17, 1934, 'Wednesday', 'Wed', 'Weekday', 16, 281, '2024-4-15', 20240415, 4, 64, 'April', 'Apr', 2, 2024, 202404, 10, 4, 2024, 'Not Month End', '2023-4-17')"
20240418,4/18/2024,4,18,1935,Thursday,Thu,Weekday,16,281,4/15/2024,20240415,4,64,April,Apr,2,2024,202404,10,4,2024,Not Month End,4/18/2023,,"insert into Date_Dimension values(20240418, '2024-4-18',4, 18, 1935, 'Thursday', 'Thu', 'Weekday', 16, 281, '2024-4-15', 20240415, 4, 64, 'April', 'Apr', 2, 2024, 202404, 10, 4, 2024, 'Not Month End', '2023-4-18')"
20240419,4/19/2024,5,19,1936,Friday,Fri,Weekday,16,281,4/15/2024,20240415,4,64,April,Apr,2,2024,202404,10,4,2024,Not Month End,4/19/2023,,"insert into Date_Dimension values(20240419, '2024-4-19',5, 19, 1936, 'Friday', 'Fri', 'Weekday', 16, 281, '2024-4-15', 20240415, 4, 64, 'April', 'Apr', 2, 2024, 202404, 10, 4, 2024, 'Not Month End', '2023-4-19')"
20240420,4/20/2024,6,20,1937,Saturday,Sat,Weekend,16,281,4/15/2024,20240415,4,64,April,Apr,2,2024,202404,10,4,2024,Not Month End,4/20/2023,,"insert into Date_Dimension values(20240420, '2024-4-20',6, 20, 1937, 'Saturday', 'Sat', 'Weekend', 16, 281, '2024-4-15', 20240415, 4, 64, 'April', 'Apr', 2, 2024, 202404, 10, 4, 2024, 'Not Month End', '2023-4-20')"
20240421,4/21/2024,7,21,1938,Sunday,Sun,Weekend,16,281,4/15/2024,20240415,4,64,April,Apr,2,2024,202404,10,4,2024,Not Month End,4/21/2023,,"insert into Date_Dimension values(20240421, '2024-4-21',7, 21, 1938, 'Sunday', 'Sun', 'Weekend', 16, 281, '2024-4-15', 20240415, 4, 64, 'April', 'Apr', 2, 2024, 202404, 10, 4, 2024, 'Not Month End', '2023-4-21')"
20240422,4/22/2024,1,22,1939,Monday,Mon,Weekday,17,282,4/22/2024,20240422,4,64,April,Apr,2,2024,202404,10,4,2024,Not Month End,4/22/2023,,"insert into Date_Dimension values(20240422, '2024-4-22',1, 22, 1939, 'Monday', 'Mon', 'Weekday', 17, 282, '2024-4-22', 20240422, 4, 64, 'April', 'Apr', 2, 2024, 202404, 10, 4, 2024, 'Not Month End', '2023-4-22')"
20240423,4/23/2024,2,23,1940,Tuesday,Tue,Weekday,17,282,4/22/2024,20240422,4,64,April,Apr,2,2024,202404,10,4,2024,Not Month End,4/23/2023,,"insert into Date_Dimension values(20240423, '2024-4-23',2, 23, 1940, 'Tuesday', 'Tue', 'Weekday', 17, 282, '2024-4-22', 20240422, 4, 64, 'April', 'Apr', 2, 2024, 202404, 10, 4, 2024, 'Not Month End', '2023-4-23')"
20240424,4/24/2024,3,24,1941,Wednesday,Wed,Weekday,17,282,4/22/2024,20240422,4,64,April,Apr,2,2024,202404,10,4,2024,Not Month End,4/24/2023,,"insert into Date_Dimension values(20240424, '2024-4-24',3, 24, 1941, 'Wednesday', 'Wed', 'Weekday', 17, 282, '2024-4-22', 20240422, 4, 64, 'April', 'Apr', 2, 2024, 202404, 10, 4, 2024, 'Not Month End', '2023-4-24')"
20240425,4/25/2024,4,25,1942,Thursday,Thu,Weekday,17,282,4/22/2024,20240422,4,64,April,Apr,2,2024,202404,10,4,2024,Not Month End,4/25/2023,,"insert into Date_Dimension values(20240425, '2024-4-25',4, 25, 1942, 'Thursday', 'Thu', 'Weekday', 17, 282, '2024-4-22', 20240422, 4, 64, 'April', 'Apr', 2, 2024, 202404, 10, 4, 2024, 'Not Month End', '2023-4-25')"
20240426,4/26/2024,5,26,1943,Friday,Fri,Weekday,17,282,4/22/2024,20240422,4,64,April,Apr,2,2024,202404,10,4,2024,Not Month End,4/26/2023,,"insert into Date_Dimension values(20240426, '2024-4-26',5, 26, 1943, 'Friday', 'Fri', 'Weekday', 17, 282, '2024-4-22', 20240422, 4, 64, 'April', 'Apr', 2, 2024, 202404, 10, 4, 2024, 'Not Month End', '2023-4-26')"
20240427,4/27/2024,6,27,1944,Saturday,Sat,Weekend,17,282,4/22/2024,20240422,4,64,April,Apr,2,2024,202404,10,4,2024,Not Month End,4/27/2023,,"insert into Date_Dimension values(20240427, '2024-4-27',6, 27, 1944, 'Saturday', 'Sat', 'Weekend', 17, 282, '2024-4-22', 20240422, 4, 64, 'April', 'Apr', 2, 2024, 202404, 10, 4, 2024, 'Not Month End', '2023-4-27')"
20240428,4/28/2024,7,28,1945,Sunday,Sun,Weekend,17,282,4/22/2024,20240422,4,64,April,Apr,2,2024,202404,10,4,2024,Not Month End,4/28/2023,,"insert into Date_Dimension values(20240428, '2024-4-28',7, 28, 1945, 'Sunday', 'Sun', 'Weekend', 17, 282, '2024-4-22', 20240422, 4, 64, 'April', 'Apr', 2, 2024, 202404, 10, 4, 2024, 'Not Month End', '2023-4-28')"
20240429,4/29/2024,1,29,1946,Monday,Mon,Weekday,18,283,4/29/2024,20240429,4,64,April,Apr,2,2024,202404,10,4,2024,Not Month End,4/29/2023,,"insert into Date_Dimension values(20240429, '2024-4-29',1, 29, 1946, 'Monday', 'Mon', 'Weekday', 18, 283, '2024-4-29', 20240429, 4, 64, 'April', 'Apr', 2, 2024, 202404, 10, 4, 2024, 'Not Month End', '2023-4-29')"
20240430,4/30/2024,2,30,1947,Tuesday,Tue,Weekday,18,283,4/29/2024,20240429,4,64,April,Apr,2,2024,202404,10,4,2024,Month End,4/30/2023,,"insert into Date_Dimension values(20240430, '2024-4-30',2, 30, 1947, 'Tuesday', 'Tue', 'Weekday', 18, 283, '2024-4-29', 20240429, 4, 64, 'April', 'Apr', 2, 2024, 202404, 10, 4, 2024, 'Month End', '2023-4-30')"
20240501,5/1/2024,3,1,1948,Wednesday,Wed,Weekday,18,283,4/29/2024,20240429,5,65,May,May,2,2024,202405,11,4,2024,Not Month End,5/1/2023,,"insert into Date_Dimension values(20240501, '2024-5-1',3, 1, 1948, 'Wednesday', 'Wed', 'Weekday', 18, 283, '2024-4-29', 20240429, 5, 65, 'May', 'May', 2, 2024, 202405, 11, 4, 2024, 'Not Month End', '2023-5-1')"
20240502,5/2/2024,4,2,1949,Thursday,Thu,Weekday,18,283,4/29/2024,20240429,5,65,May,May,2,2024,202405,11,4,2024,Not Month End,5/2/2023,,"insert into Date_Dimension values(20240502, '2024-5-2',4, 2, 1949, 'Thursday', 'Thu', 'Weekday', 18, 283, '2024-4-29', 20240429, 5, 65, 'May', 'May', 2, 2024, 202405, 11, 4, 2024, 'Not Month End', '2023-5-2')"
20240503,5/3/2024,5,3,1950,Friday,Fri,Weekday,18,283,4/29/2024,20240429,5,65,May,May,2,2024,202405,11,4,2024,Not Month End,5/3/2023,,"insert into Date_Dimension values(20240503, '2024-5-3',5, 3, 1950, 'Friday', 'Fri', 'Weekday', 18, 283, '2024-4-29', 20240429, 5, 65, 'May', 'May', 2, 2024, 202405, 11, 4, 2024, 'Not Month End', '2023-5-3')"
20240504,5/4/2024,6,4,1951,Saturday,Sat,Weekend,18,283,4/29/2024,20240429,5,65,May,May,2,2024,202405,11,4,2024,Not Month End,5/4/2023,,"insert into Date_Dimension values(20240504, '2024-5-4',6, 4, 1951, 'Saturday', 'Sat', 'Weekend', 18, 283, '2024-4-29', 20240429, 5, 65, 'May', 'May', 2, 2024, 202405, 11, 4, 2024, 'Not Month End', '2023-5-4')"
20240505,5/5/2024,7,5,1952,Sunday,Sun,Weekend,18,283,4/29/2024,20240429,5,65,May,May,2,2024,202405,11,4,2024,Not Month End,5/5/2023,,"insert into Date_Dimension values(20240505, '2024-5-5',7, 5, 1952, 'Sunday', 'Sun', 'Weekend', 18, 283, '2024-4-29', 20240429, 5, 65, 'May', 'May', 2, 2024, 202405, 11, 4, 2024, 'Not Month End', '2023-5-5')"
20240506,5/6/2024,1,6,1953,Monday,Mon,Weekday,19,284,5/6/2024,20240506,5,65,May,May,2,2024,202405,11,4,2024,Not Month End,5/6/2023,,"insert into Date_Dimension values(20240506, '2024-5-6',1, 6, 1953, 'Monday', 'Mon', 'Weekday', 19, 284, '2024-5-6', 20240506, 5, 65, 'May', 'May', 2, 2024, 202405, 11, 4, 2024, 'Not Month End', '2023-5-6')"
20240507,5/7/2024,2,7,1954,Tuesday,Tue,Weekday,19,284,5/6/2024,20240506,5,65,May,May,2,2024,202405,11,4,2024,Not Month End,5/7/2023,,"insert into Date_Dimension values(20240507, '2024-5-7',2, 7, 1954, 'Tuesday', 'Tue', 'Weekday', 19, 284, '2024-5-6', 20240506, 5, 65, 'May', 'May', 2, 2024, 202405, 11, 4, 2024, 'Not Month End', '2023-5-7')"
20240508,5/8/2024,3,8,1955,Wednesday,Wed,Weekday,19,284,5/6/2024,20240506,5,65,May,May,2,2024,202405,11,4,2024,Not Month End,5/8/2023,,"insert into Date_Dimension values(20240508, '2024-5-8',3, 8, 1955, 'Wednesday', 'Wed', 'Weekday', 19, 284, '2024-5-6', 20240506, 5, 65, 'May', 'May', 2, 2024, 202405, 11, 4, 2024, 'Not Month End', '2023-5-8')"
20240509,5/9/2024,4,9,1956,Thursday,Thu,Weekday,19,284,5/6/2024,20240506,5,65,May,May,2,2024,202405,11,4,2024,Not Month End,5/9/2023,,"insert into Date_Dimension values(20240509, '2024-5-9',4, 9, 1956, 'Thursday', 'Thu', 'Weekday', 19, 284, '2024-5-6', 20240506, 5, 65, 'May', 'May', 2, 2024, 202405, 11, 4, 2024, 'Not Month End', '2023-5-9')"
20240510,5/10/2024,5,10,1957,Friday,Fri,Weekday,19,284,5/6/2024,20240506,5,65,May,May,2,2024,202405,11,4,2024,Not Month End,5/10/2023,,"insert into Date_Dimension values(20240510, '2024-5-10',5, 10, 1957, 'Friday', 'Fri', 'Weekday', 19, 284, '2024-5-6', 20240506, 5, 65, 'May', 'May', 2, 2024, 202405, 11, 4, 2024, 'Not Month End', '2023-5-10')"
20240511,5/11/2024,6,11,1958,Saturday,Sat,Weekend,19,284,5/6/2024,20240506,5,65,May,May,2,2024,202405,11,4,2024,Not Month End,5/11/2023,,"insert into Date_Dimension values(20240511, '2024-5-11',6, 11, 1958, 'Saturday', 'Sat', 'Weekend', 19, 284, '2024-5-6', 20240506, 5, 65, 'May', 'May', 2, 2024, 202405, 11, 4, 2024, 'Not Month End', '2023-5-11')"
20240512,5/12/2024,7,12,1959,Sunday,Sun,Weekend,19,284,5/6/2024,20240506,5,65,May,May,2,2024,202405,11,4,2024,Not Month End,5/12/2023,,"insert into Date_Dimension values(20240512, '2024-5-12',7, 12, 1959, 'Sunday', 'Sun', 'Weekend', 19, 284, '2024-5-6', 20240506, 5, 65, 'May', 'May', 2, 2024, 202405, 11, 4, 2024, 'Not Month End', '2023-5-12')"
20240513,5/13/2024,1,13,1960,Monday,Mon,Weekday,20,285,5/13/2024,20240513,5,65,May,May,2,2024,202405,11,4,2024,Not Month End,5/13/2023,,"insert into Date_Dimension values(20240513, '2024-5-13',1, 13, 1960, 'Monday', 'Mon', 'Weekday', 20, 285, '2024-5-13', 20240513, 5, 65, 'May', 'May', 2, 2024, 202405, 11, 4, 2024, 'Not Month End', '2023-5-13')"
20240514,5/14/2024,2,14,1961,Tuesday,Tue,Weekday,20,285,5/13/2024,20240513,5,65,May,May,2,2024,202405,11,4,2024,Not Month End,5/14/2023,,"insert into Date_Dimension values(20240514, '2024-5-14',2, 14, 1961, 'Tuesday', 'Tue', 'Weekday', 20, 285, '2024-5-13', 20240513, 5, 65, 'May', 'May', 2, 2024, 202405, 11, 4, 2024, 'Not Month End', '2023-5-14')"
20240515,5/15/2024,3,15,1962,Wednesday,Wed,Weekday,20,285,5/13/2024,20240513,5,65,May,May,2,2024,202405,11,4,2024,Not Month End,5/15/2023,,"insert into Date_Dimension values(20240515, '2024-5-15',3, 15, 1962, 'Wednesday', 'Wed', 'Weekday', 20, 285, '2024-5-13', 20240513, 5, 65, 'May', 'May', 2, 2024, 202405, 11, 4, 2024, 'Not Month End', '2023-5-15')"
20240516,5/16/2024,4,16,1963,Thursday,Thu,Weekday,20,285,5/13/2024,20240513,5,65,May,May,2,2024,202405,11,4,2024,Not Month End,5/16/2023,,"insert into Date_Dimension values(20240516, '2024-5-16',4, 16, 1963, 'Thursday', 'Thu', 'Weekday', 20, 285, '2024-5-13', 20240513, 5, 65, 'May', 'May', 2, 2024, 202405, 11, 4, 2024, 'Not Month End', '2023-5-16')"
20240517,5/17/2024,5,17,1964,Friday,Fri,Weekday,20,285,5/13/2024,20240513,5,65,May,May,2,2024,202405,11,4,2024,Not Month End,5/17/2023,,"insert into Date_Dimension values(20240517, '2024-5-17',5, 17, 1964, 'Friday', 'Fri', 'Weekday', 20, 285, '2024-5-13', 20240513, 5, 65, 'May', 'May', 2, 2024, 202405, 11, 4, 2024, 'Not Month End', '2023-5-17')"
20240518,5/18/2024,6,18,1965,Saturday,Sat,Weekend,20,285,5/13/2024,20240513,5,65,May,May,2,2024,202405,11,4,2024,Not Month End,5/18/2023,,"insert into Date_Dimension values(20240518, '2024-5-18',6, 18, 1965, 'Saturday', 'Sat', 'Weekend', 20, 285, '2024-5-13', 20240513, 5, 65, 'May', 'May', 2, 2024, 202405, 11, 4, 2024, 'Not Month End', '2023-5-18')"
20240519,5/19/2024,7,19,1966,Sunday,Sun,Weekend,20,285,5/13/2024,20240513,5,65,May,May,2,2024,202405,11,4,2024,Not Month End,5/19/2023,,"insert into Date_Dimension values(20240519, '2024-5-19',7, 19, 1966, 'Sunday', 'Sun', 'Weekend', 20, 285, '2024-5-13', 20240513, 5, 65, 'May', 'May', 2, 2024, 202405, 11, 4, 2024, 'Not Month End', '2023-5-19')"
20240520,5/20/2024,1,20,1967,Monday,Mon,Weekday,21,286,5/20/2024,20240520,5,65,May,May,2,2024,202405,11,4,2024,Not Month End,5/20/2023,,"insert into Date_Dimension values(20240520, '2024-5-20',1, 20, 1967, 'Monday', 'Mon', 'Weekday', 21, 286, '2024-5-20', 20240520, 5, 65, 'May', 'May', 2, 2024, 202405, 11, 4, 2024, 'Not Month End', '2023-5-20')"
20240521,5/21/2024,2,21,1968,Tuesday,Tue,Weekday,21,286,5/20/2024,20240520,5,65,May,May,2,2024,202405,11,4,2024,Not Month End,5/21/2023,,"insert into Date_Dimension values(20240521, '2024-5-21',2, 21, 1968, 'Tuesday', 'Tue', 'Weekday', 21, 286, '2024-5-20', 20240520, 5, 65, 'May', 'May', 2, 2024, 202405, 11, 4, 2024, 'Not Month End', '2023-5-21')"
20240522,5/22/2024,3,22,1969,Wednesday,Wed,Weekday,21,286,5/20/2024,20240520,5,65,May,May,2,2024,202405,11,4,2024,Not Month End,5/22/2023,,"insert into Date_Dimension values(20240522, '2024-5-22',3, 22, 1969, 'Wednesday', 'Wed', 'Weekday', 21, 286, '2024-5-20', 20240520, 5, 65, 'May', 'May', 2, 2024, 202405, 11, 4, 2024, 'Not Month End', '2023-5-22')"
20240523,5/23/2024,4,23,1970,Thursday,Thu,Weekday,21,286,5/20/2024,20240520,5,65,May,May,2,2024,202405,11,4,2024,Not Month End,5/23/2023,,"insert into Date_Dimension values(20240523, '2024-5-23',4, 23, 1970, 'Thursday', 'Thu', 'Weekday', 21, 286, '2024-5-20', 20240520, 5, 65, 'May', 'May', 2, 2024, 202405, 11, 4, 2024, 'Not Month End', '2023-5-23')"
20240524,5/24/2024,5,24,1971,Friday,Fri,Weekday,21,286,5/20/2024,20240520,5,65,May,May,2,2024,202405,11,4,2024,Not Month End,5/24/2023,,"insert into Date_Dimension values(20240524, '2024-5-24',5, 24, 1971, 'Friday', 'Fri', 'Weekday', 21, 286, '2024-5-20', 20240520, 5, 65, 'May', 'May', 2, 2024, 202405, 11, 4, 2024, 'Not Month End', '2023-5-24')"
20240525,5/25/2024,6,25,1972,Saturday,Sat,Weekend,21,286,5/20/2024,20240520,5,65,May,May,2,2024,202405,11,4,2024,Not Month End,5/25/2023,,"insert into Date_Dimension values(20240525, '2024-5-25',6, 25, 1972, 'Saturday', 'Sat', 'Weekend', 21, 286, '2024-5-20', 20240520, 5, 65, 'May', 'May', 2, 2024, 202405, 11, 4, 2024, 'Not Month End', '2023-5-25')"
20240526,5/26/2024,7,26,1973,Sunday,Sun,Weekend,21,286,5/20/2024,20240520,5,65,May,May,2,2024,202405,11,4,2024,Not Month End,5/26/2023,,"insert into Date_Dimension values(20240526, '2024-5-26',7, 26, 1973, 'Sunday', 'Sun', 'Weekend', 21, 286, '2024-5-20', 20240520, 5, 65, 'May', 'May', 2, 2024, 202405, 11, 4, 2024, 'Not Month End', '2023-5-26')"
20240527,5/27/2024,1,27,1974,Monday,Mon,Weekday,22,287,5/27/2024,20240527,5,65,May,May,2,2024,202405,11,4,2024,Not Month End,5/27/2023,,"insert into Date_Dimension values(20240527, '2024-5-27',1, 27, 1974, 'Monday', 'Mon', 'Weekday', 22, 287, '2024-5-27', 20240527, 5, 65, 'May', 'May', 2, 2024, 202405, 11, 4, 2024, 'Not Month End', '2023-5-27')"
20240528,5/28/2024,2,28,1975,Tuesday,Tue,Weekday,22,287,5/27/2024,20240527,5,65,May,May,2,2024,202405,11,4,2024,Not Month End,5/28/2023,,"insert into Date_Dimension values(20240528, '2024-5-28',2, 28, 1975, 'Tuesday', 'Tue', 'Weekday', 22, 287, '2024-5-27', 20240527, 5, 65, 'May', 'May', 2, 2024, 202405, 11, 4, 2024, 'Not Month End', '2023-5-28')"
20240529,5/29/2024,3,29,1976,Wednesday,Wed,Weekday,22,287,5/27/2024,20240527,5,65,May,May,2,2024,202405,11,4,2024,Not Month End,5/29/2023,,"insert into Date_Dimension values(20240529, '2024-5-29',3, 29, 1976, 'Wednesday', 'Wed', 'Weekday', 22, 287, '2024-5-27', 20240527, 5, 65, 'May', 'May', 2, 2024, 202405, 11, 4, 2024, 'Not Month End', '2023-5-29')"
20240530,5/30/2024,4,30,1977,Thursday,Thu,Weekday,22,287,5/27/2024,20240527,5,65,May,May,2,2024,202405,11,4,2024,Not Month End,5/30/2023,,"insert into Date_Dimension values(20240530, '2024-5-30',4, 30, 1977, 'Thursday', 'Thu', 'Weekday', 22, 287, '2024-5-27', 20240527, 5, 65, 'May', 'May', 2, 2024, 202405, 11, 4, 2024, 'Not Month End', '2023-5-30')"
20240531,5/31/2024,5,31,1978,Friday,Fri,Weekday,22,287,5/27/2024,20240527,5,65,May,May,2,2024,202405,11,4,2024,Month End,5/31/2023,,"insert into Date_Dimension values(20240531, '2024-5-31',5, 31, 1978, 'Friday', 'Fri', 'Weekday', 22, 287, '2024-5-27', 20240527, 5, 65, 'May', 'May', 2, 2024, 202405, 11, 4, 2024, 'Month End', '2023-5-31')"
20240601,6/1/2024,6,1,1979,Saturday,Sat,Weekend,22,287,5/27/2024,20240527,6,66,June,Jun,2,2024,202406,12,4,2024,Not Month End,6/1/2023,,"insert into Date_Dimension values(20240601, '2024-6-1',6, 1, 1979, 'Saturday', 'Sat', 'Weekend', 22, 287, '2024-5-27', 20240527, 6, 66, 'June', 'Jun', 2, 2024, 202406, 12, 4, 2024, 'Not Month End', '2023-6-1')"
20240602,6/2/2024,7,2,1980,Sunday,Sun,Weekend,22,287,5/27/2024,20240527,6,66,June,Jun,2,2024,202406,12,4,2024,Not Month End,6/2/2023,,"insert into Date_Dimension values(20240602, '2024-6-2',7, 2, 1980, 'Sunday', 'Sun', 'Weekend', 22, 287, '2024-5-27', 20240527, 6, 66, 'June', 'Jun', 2, 2024, 202406, 12, 4, 2024, 'Not Month End', '2023-6-2')"
20240603,6/3/2024,1,3,1981,Monday,Mon,Weekday,23,288,6/3/2024,20240603,6,66,June,Jun,2,2024,202406,12,4,2024,Not Month End,6/3/2023,,"insert into Date_Dimension values(20240603, '2024-6-3',1, 3, 1981, 'Monday', 'Mon', 'Weekday', 23, 288, '2024-6-3', 20240603, 6, 66, 'June', 'Jun', 2, 2024, 202406, 12, 4, 2024, 'Not Month End', '2023-6-3')"
20240604,6/4/2024,2,4,1982,Tuesday,Tue,Weekday,23,288,6/3/2024,20240603,6,66,June,Jun,2,2024,202406,12,4,2024,Not Month End,6/4/2023,,"insert into Date_Dimension values(20240604, '2024-6-4',2, 4, 1982, 'Tuesday', 'Tue', 'Weekday', 23, 288, '2024-6-3', 20240603, 6, 66, 'June', 'Jun', 2, 2024, 202406, 12, 4, 2024, 'Not Month End', '2023-6-4')"
20240605,6/5/2024,3,5,1983,Wednesday,Wed,Weekday,23,288,6/3/2024,20240603,6,66,June,Jun,2,2024,202406,12,4,2024,Not Month End,6/5/2023,,"insert into Date_Dimension values(20240605, '2024-6-5',3, 5, 1983, 'Wednesday', 'Wed', 'Weekday', 23, 288, '2024-6-3', 20240603, 6, 66, 'June', 'Jun', 2, 2024, 202406, 12, 4, 2024, 'Not Month End', '2023-6-5')"
20240606,6/6/2024,4,6,1984,Thursday,Thu,Weekday,23,288,6/3/2024,20240603,6,66,June,Jun,2,2024,202406,12,4,2024,Not Month End,6/6/2023,,"insert into Date_Dimension values(20240606, '2024-6-6',4, 6, 1984, 'Thursday', 'Thu', 'Weekday', 23, 288, '2024-6-3', 20240603, 6, 66, 'June', 'Jun', 2, 2024, 202406, 12, 4, 2024, 'Not Month End', '2023-6-6')"
20240607,6/7/2024,5,7,1985,Friday,Fri,Weekday,23,288,6/3/2024,20240603,6,66,June,Jun,2,2024,202406,12,4,2024,Not Month End,6/7/2023,,"insert into Date_Dimension values(20240607, '2024-6-7',5, 7, 1985, 'Friday', 'Fri', 'Weekday', 23, 288, '2024-6-3', 20240603, 6, 66, 'June', 'Jun', 2, 2024, 202406, 12, 4, 2024, 'Not Month End', '2023-6-7')"
20240608,6/8/2024,6,8,1986,Saturday,Sat,Weekend,23,288,6/3/2024,20240603,6,66,June,Jun,2,2024,202406,12,4,2024,Not Month End,6/8/2023,,"insert into Date_Dimension values(20240608, '2024-6-8',6, 8, 1986, 'Saturday', 'Sat', 'Weekend', 23, 288, '2024-6-3', 20240603, 6, 66, 'June', 'Jun', 2, 2024, 202406, 12, 4, 2024, 'Not Month End', '2023-6-8')"
20240609,6/9/2024,7,9,1987,Sunday,Sun,Weekend,23,288,6/3/2024,20240603,6,66,June,Jun,2,2024,202406,12,4,2024,Not Month End,6/9/2023,,"insert into Date_Dimension values(20240609, '2024-6-9',7, 9, 1987, 'Sunday', 'Sun', 'Weekend', 23, 288, '2024-6-3', 20240603, 6, 66, 'June', 'Jun', 2, 2024, 202406, 12, 4, 2024, 'Not Month End', '2023-6-9')"
20240610,6/10/2024,1,10,1988,Monday,Mon,Weekday,24,289,6/10/2024,20240610,6,66,June,Jun,2,2024,202406,12,4,2024,Not Month End,6/10/2023,,"insert into Date_Dimension values(20240610, '2024-6-10',1, 10, 1988, 'Monday', 'Mon', 'Weekday', 24, 289, '2024-6-10', 20240610, 6, 66, 'June', 'Jun', 2, 2024, 202406, 12, 4, 2024, 'Not Month End', '2023-6-10')"
20240611,6/11/2024,2,11,1989,Tuesday,Tue,Weekday,24,289,6/10/2024,20240610,6,66,June,Jun,2,2024,202406,12,4,2024,Not Month End,6/11/2023,,"insert into Date_Dimension values(20240611, '2024-6-11',2, 11, 1989, 'Tuesday', 'Tue', 'Weekday', 24, 289, '2024-6-10', 20240610, 6, 66, 'June', 'Jun', 2, 2024, 202406, 12, 4, 2024, 'Not Month End', '2023-6-11')"
20240612,6/12/2024,3,12,1990,Wednesday,Wed,Weekday,24,289,6/10/2024,20240610,6,66,June,Jun,2,2024,202406,12,4,2024,Not Month End,6/12/2023,,"insert into Date_Dimension values(20240612, '2024-6-12',3, 12, 1990, 'Wednesday', 'Wed', 'Weekday', 24, 289, '2024-6-10', 20240610, 6, 66, 'June', 'Jun', 2, 2024, 202406, 12, 4, 2024, 'Not Month End', '2023-6-12')"
20240613,6/13/2024,4,13,1991,Thursday,Thu,Weekday,24,289,6/10/2024,20240610,6,66,June,Jun,2,2024,202406,12,4,2024,Not Month End,6/13/2023,,"insert into Date_Dimension values(20240613, '2024-6-13',4, 13, 1991, 'Thursday', 'Thu', 'Weekday', 24, 289, '2024-6-10', 20240610, 6, 66, 'June', 'Jun', 2, 2024, 202406, 12, 4, 2024, 'Not Month End', '2023-6-13')"
20240614,6/14/2024,5,14,1992,Friday,Fri,Weekday,24,289,6/10/2024,20240610,6,66,June,Jun,2,2024,202406,12,4,2024,Not Month End,6/14/2023,,"insert into Date_Dimension values(20240614, '2024-6-14',5, 14, 1992, 'Friday', 'Fri', 'Weekday', 24, 289, '2024-6-10', 20240610, 6, 66, 'June', 'Jun', 2, 2024, 202406, 12, 4, 2024, 'Not Month End', '2023-6-14')"
20240615,6/15/2024,6,15,1993,Saturday,Sat,Weekend,24,289,6/10/2024,20240610,6,66,June,Jun,2,2024,202406,12,4,2024,Not Month End,6/15/2023,,"insert into Date_Dimension values(20240615, '2024-6-15',6, 15, 1993, 'Saturday', 'Sat', 'Weekend', 24, 289, '2024-6-10', 20240610, 6, 66, 'June', 'Jun', 2, 2024, 202406, 12, 4, 2024, 'Not Month End', '2023-6-15')"
20240616,6/16/2024,7,16,1994,Sunday,Sun,Weekend,24,289,6/10/2024,20240610,6,66,June,Jun,2,2024,202406,12,4,2024,Not Month End,6/16/2023,,"insert into Date_Dimension values(20240616, '2024-6-16',7, 16, 1994, 'Sunday', 'Sun', 'Weekend', 24, 289, '2024-6-10', 20240610, 6, 66, 'June', 'Jun', 2, 2024, 202406, 12, 4, 2024, 'Not Month End', '2023-6-16')"
20240617,6/17/2024,1,17,1995,Monday,Mon,Weekday,25,290,6/17/2024,20240617,6,66,June,Jun,2,2024,202406,12,4,2024,Not Month End,6/17/2023,,"insert into Date_Dimension values(20240617, '2024-6-17',1, 17, 1995, 'Monday', 'Mon', 'Weekday', 25, 290, '2024-6-17', 20240617, 6, 66, 'June', 'Jun', 2, 2024, 202406, 12, 4, 2024, 'Not Month End', '2023-6-17')"
20240618,6/18/2024,2,18,1996,Tuesday,Tue,Weekday,25,290,6/17/2024,20240617,6,66,June,Jun,2,2024,202406,12,4,2024,Not Month End,6/18/2023,,"insert into Date_Dimension values(20240618, '2024-6-18',2, 18, 1996, 'Tuesday', 'Tue', 'Weekday', 25, 290, '2024-6-17', 20240617, 6, 66, 'June', 'Jun', 2, 2024, 202406, 12, 4, 2024, 'Not Month End', '2023-6-18')"
20240619,6/19/2024,3,19,1997,Wednesday,Wed,Weekday,25,290,6/17/2024,20240617,6,66,June,Jun,2,2024,202406,12,4,2024,Not Month End,6/19/2023,,"insert into Date_Dimension values(20240619, '2024-6-19',3, 19, 1997, 'Wednesday', 'Wed', 'Weekday', 25, 290, '2024-6-17', 20240617, 6, 66, 'June', 'Jun', 2, 2024, 202406, 12, 4, 2024, 'Not Month End', '2023-6-19')"
20240620,6/20/2024,4,20,1998,Thursday,Thu,Weekday,25,290,6/17/2024,20240617,6,66,June,Jun,2,2024,202406,12,4,2024,Not Month End,6/20/2023,,"insert into Date_Dimension values(20240620, '2024-6-20',4, 20, 1998, 'Thursday', 'Thu', 'Weekday', 25, 290, '2024-6-17', 20240617, 6, 66, 'June', 'Jun', 2, 2024, 202406, 12, 4, 2024, 'Not Month End', '2023-6-20')"
20240621,6/21/2024,5,21,1999,Friday,Fri,Weekday,25,290,6/17/2024,20240617,6,66,June,Jun,2,2024,202406,12,4,2024,Not Month End,6/21/2023,,"insert into Date_Dimension values(20240621, '2024-6-21',5, 21, 1999, 'Friday', 'Fri', 'Weekday', 25, 290, '2024-6-17', 20240617, 6, 66, 'June', 'Jun', 2, 2024, 202406, 12, 4, 2024, 'Not Month End', '2023-6-21')"
20240622,6/22/2024,6,22,2000,Saturday,Sat,Weekend,25,290,6/17/2024,20240617,6,66,June,Jun,2,2024,202406,12,4,2024,Not Month End,6/22/2023,,"insert into Date_Dimension values(20240622, '2024-6-22',6, 22, 2000, 'Saturday', 'Sat', 'Weekend', 25, 290, '2024-6-17', 20240617, 6, 66, 'June', 'Jun', 2, 2024, 202406, 12, 4, 2024, 'Not Month End', '2023-6-22')"
20240623,6/23/2024,7,23,2001,Sunday,Sun,Weekend,25,290,6/17/2024,20240617,6,66,June,Jun,2,2024,202406,12,4,2024,Not Month End,6/23/2023,,"insert into Date_Dimension values(20240623, '2024-6-23',7, 23, 2001, 'Sunday', 'Sun', 'Weekend', 25, 290, '2024-6-17', 20240617, 6, 66, 'June', 'Jun', 2, 2024, 202406, 12, 4, 2024, 'Not Month End', '2023-6-23')"
20240624,6/24/2024,1,24,2002,Monday,Mon,Weekday,26,291,6/24/2024,20240624,6,66,June,Jun,2,2024,202406,12,4,2024,Not Month End,6/24/2023,,"insert into Date_Dimension values(20240624, '2024-6-24',1, 24, 2002, 'Monday', 'Mon', 'Weekday', 26, 291, '2024-6-24', 20240624, 6, 66, 'June', 'Jun', 2, 2024, 202406, 12, 4, 2024, 'Not Month End', '2023-6-24')"
20240625,6/25/2024,2,25,2003,Tuesday,Tue,Weekday,26,291,6/24/2024,20240624,6,66,June,Jun,2,2024,202406,12,4,2024,Not Month End,6/25/2023,,"insert into Date_Dimension values(20240625, '2024-6-25',2, 25, 2003, 'Tuesday', 'Tue', 'Weekday', 26, 291, '2024-6-24', 20240624, 6, 66, 'June', 'Jun', 2, 2024, 202406, 12, 4, 2024, 'Not Month End', '2023-6-25')"
20240626,6/26/2024,3,26,2004,Wednesday,Wed,Weekday,26,291,6/24/2024,20240624,6,66,June,Jun,2,2024,202406,12,4,2024,Not Month End,6/26/2023,,"insert into Date_Dimension values(20240626, '2024-6-26',3, 26, 2004, 'Wednesday', 'Wed', 'Weekday', 26, 291, '2024-6-24', 20240624, 6, 66, 'June', 'Jun', 2, 2024, 202406, 12, 4, 2024, 'Not Month End', '2023-6-26')"
20240627,6/27/2024,4,27,2005,Thursday,Thu,Weekday,26,291,6/24/2024,20240624,6,66,June,Jun,2,2024,202406,12,4,2024,Not Month End,6/27/2023,,"insert into Date_Dimension values(20240627, '2024-6-27',4, 27, 2005, 'Thursday', 'Thu', 'Weekday', 26, 291, '2024-6-24', 20240624, 6, 66, 'June', 'Jun', 2, 2024, 202406, 12, 4, 2024, 'Not Month End', '2023-6-27')"
20240628,6/28/2024,5,28,2006,Friday,Fri,Weekday,26,291,6/24/2024,20240624,6,66,June,Jun,2,2024,202406,12,4,2024,Not Month End,6/28/2023,,"insert into Date_Dimension values(20240628, '2024-6-28',5, 28, 2006, 'Friday', 'Fri', 'Weekday', 26, 291, '2024-6-24', 20240624, 6, 66, 'June', 'Jun', 2, 2024, 202406, 12, 4, 2024, 'Not Month End', '2023-6-28')"
20240629,6/29/2024,6,29,2007,Saturday,Sat,Weekend,26,291,6/24/2024,20240624,6,66,June,Jun,2,2024,202406,12,4,2024,Not Month End,6/29/2023,,"insert into Date_Dimension values(20240629, '2024-6-29',6, 29, 2007, 'Saturday', 'Sat', 'Weekend', 26, 291, '2024-6-24', 20240624, 6, 66, 'June', 'Jun', 2, 2024, 202406, 12, 4, 2024, 'Not Month End', '2023-6-29')"
20240630,6/30/2024,7,30,2008,Sunday,Sun,Weekend,26,291,6/24/2024,20240624,6,66,June,Jun,2,2024,202406,12,4,2024,Month End,6/30/2023,,"insert into Date_Dimension values(20240630, '2024-6-30',7, 30, 2008, 'Sunday', 'Sun', 'Weekend', 26, 291, '2024-6-24', 20240624, 6, 66, 'June', 'Jun', 2, 2024, 202406, 12, 4, 2024, 'Month End', '2023-6-30')"
20240701,7/1/2024,1,1,2009,Monday,Mon,Weekday,27,292,7/1/2024,20240701,7,67,July,Jul,3,2024,202407,1,1,2025,Not Month End,7/1/2023,,"insert into Date_Dimension values(20240701, '2024-7-1',1, 1, 2009, 'Monday', 'Mon', 'Weekday', 27, 292, '2024-7-1', 20240701, 7, 67, 'July', 'Jul', 3, 2024, 202407, 1, 1, 2025, 'Not Month End', '2023-7-1')"
20240702,7/2/2024,2,2,2010,Tuesday,Tue,Weekday,27,292,7/1/2024,20240701,7,67,July,Jul,3,2024,202407,1,1,2025,Not Month End,7/2/2023,,"insert into Date_Dimension values(20240702, '2024-7-2',2, 2, 2010, 'Tuesday', 'Tue', 'Weekday', 27, 292, '2024-7-1', 20240701, 7, 67, 'July', 'Jul', 3, 2024, 202407, 1, 1, 2025, 'Not Month End', '2023-7-2')"
20240703,7/3/2024,3,3,2011,Wednesday,Wed,Weekday,27,292,7/1/2024,20240701,7,67,July,Jul,3,2024,202407,1,1,2025,Not Month End,7/3/2023,,"insert into Date_Dimension values(20240703, '2024-7-3',3, 3, 2011, 'Wednesday', 'Wed', 'Weekday', 27, 292, '2024-7-1', 20240701, 7, 67, 'July', 'Jul', 3, 2024, 202407, 1, 1, 2025, 'Not Month End', '2023-7-3')"
20240704,7/4/2024,4,4,2012,Thursday,Thu,Weekday,27,292,7/1/2024,20240701,7,67,July,Jul,3,2024,202407,1,1,2025,Not Month End,7/4/2023,,"insert into Date_Dimension values(20240704, '2024-7-4',4, 4, 2012, 'Thursday', 'Thu', 'Weekday', 27, 292, '2024-7-1', 20240701, 7, 67, 'July', 'Jul', 3, 2024, 202407, 1, 1, 2025, 'Not Month End', '2023-7-4')"
20240705,7/5/2024,5,5,2013,Friday,Fri,Weekday,27,292,7/1/2024,20240701,7,67,July,Jul,3,2024,202407,1,1,2025,Not Month End,7/5/2023,,"insert into Date_Dimension values(20240705, '2024-7-5',5, 5, 2013, 'Friday', 'Fri', 'Weekday', 27, 292, '2024-7-1', 20240701, 7, 67, 'July', 'Jul', 3, 2024, 202407, 1, 1, 2025, 'Not Month End', '2023-7-5')"
20240706,7/6/2024,6,6,2014,Saturday,Sat,Weekend,27,292,7/1/2024,20240701,7,67,July,Jul,3,2024,202407,1,1,2025,Not Month End,7/6/2023,,"insert into Date_Dimension values(20240706, '2024-7-6',6, 6, 2014, 'Saturday', 'Sat', 'Weekend', 27, 292, '2024-7-1', 20240701, 7, 67, 'July', 'Jul', 3, 2024, 202407, 1, 1, 2025, 'Not Month End', '2023-7-6')"
20240707,7/7/2024,7,7,2015,Sunday,Sun,Weekend,27,292,7/1/2024,20240701,7,67,July,Jul,3,2024,202407,1,1,2025,Not Month End,7/7/2023,,"insert into Date_Dimension values(20240707, '2024-7-7',7, 7, 2015, 'Sunday', 'Sun', 'Weekend', 27, 292, '2024-7-1', 20240701, 7, 67, 'July', 'Jul', 3, 2024, 202407, 1, 1, 2025, 'Not Month End', '2023-7-7')"
20240708,7/8/2024,1,8,2016,Monday,Mon,Weekday,28,293,7/8/2024,20240708,7,67,July,Jul,3,2024,202407,1,1,2025,Not Month End,7/8/2023,,"insert into Date_Dimension values(20240708, '2024-7-8',1, 8, 2016, 'Monday', 'Mon', 'Weekday', 28, 293, '2024-7-8', 20240708, 7, 67, 'July', 'Jul', 3, 2024, 202407, 1, 1, 2025, 'Not Month End', '2023-7-8')"
20240709,7/9/2024,2,9,2017,Tuesday,Tue,Weekday,28,293,7/8/2024,20240708,7,67,July,Jul,3,2024,202407,1,1,2025,Not Month End,7/9/2023,,"insert into Date_Dimension values(20240709, '2024-7-9',2, 9, 2017, 'Tuesday', 'Tue', 'Weekday', 28, 293, '2024-7-8', 20240708, 7, 67, 'July', 'Jul', 3, 2024, 202407, 1, 1, 2025, 'Not Month End', '2023-7-9')"
20240710,7/10/2024,3,10,2018,Wednesday,Wed,Weekday,28,293,7/8/2024,20240708,7,67,July,Jul,3,2024,202407,1,1,2025,Not Month End,7/10/2023,,"insert into Date_Dimension values(20240710, '2024-7-10',3, 10, 2018, 'Wednesday', 'Wed', 'Weekday', 28, 293, '2024-7-8', 20240708, 7, 67, 'July', 'Jul', 3, 2024, 202407, 1, 1, 2025, 'Not Month End', '2023-7-10')"
20240711,7/11/2024,4,11,2019,Thursday,Thu,Weekday,28,293,7/8/2024,20240708,7,67,July,Jul,3,2024,202407,1,1,2025,Not Month End,7/11/2023,,"insert into Date_Dimension values(20240711, '2024-7-11',4, 11, 2019, 'Thursday', 'Thu', 'Weekday', 28, 293, '2024-7-8', 20240708, 7, 67, 'July', 'Jul', 3, 2024, 202407, 1, 1, 2025, 'Not Month End', '2023-7-11')"
20240712,7/12/2024,5,12,2020,Friday,Fri,Weekday,28,293,7/8/2024,20240708,7,67,July,Jul,3,2024,202407,1,1,2025,Not Month End,7/12/2023,,"insert into Date_Dimension values(20240712, '2024-7-12',5, 12, 2020, 'Friday', 'Fri', 'Weekday', 28, 293, '2024-7-8', 20240708, 7, 67, 'July', 'Jul', 3, 2024, 202407, 1, 1, 2025, 'Not Month End', '2023-7-12')"
20240713,7/13/2024,6,13,2021,Saturday,Sat,Weekend,28,293,7/8/2024,20240708,7,67,July,Jul,3,2024,202407,1,1,2025,Not Month End,7/13/2023,,"insert into Date_Dimension values(20240713, '2024-7-13',6, 13, 2021, 'Saturday', 'Sat', 'Weekend', 28, 293, '2024-7-8', 20240708, 7, 67, 'July', 'Jul', 3, 2024, 202407, 1, 1, 2025, 'Not Month End', '2023-7-13')"
20240714,7/14/2024,7,14,2022,Sunday,Sun,Weekend,28,293,7/8/2024,20240708,7,67,July,Jul,3,2024,202407,1,1,2025,Not Month End,7/14/2023,,"insert into Date_Dimension values(20240714, '2024-7-14',7, 14, 2022, 'Sunday', 'Sun', 'Weekend', 28, 293, '2024-7-8', 20240708, 7, 67, 'July', 'Jul', 3, 2024, 202407, 1, 1, 2025, 'Not Month End', '2023-7-14')"
20240715,7/15/2024,1,15,2023,Monday,Mon,Weekday,29,294,7/15/2024,20240715,7,67,July,Jul,3,2024,202407,1,1,2025,Not Month End,7/15/2023,,"insert into Date_Dimension values(20240715, '2024-7-15',1, 15, 2023, 'Monday', 'Mon', 'Weekday', 29, 294, '2024-7-15', 20240715, 7, 67, 'July', 'Jul', 3, 2024, 202407, 1, 1, 2025, 'Not Month End', '2023-7-15')"
20240716,7/16/2024,2,16,2024,Tuesday,Tue,Weekday,29,294,7/15/2024,20240715,7,67,July,Jul,3,2024,202407,1,1,2025,Not Month End,7/16/2023,,"insert into Date_Dimension values(20240716, '2024-7-16',2, 16, 2024, 'Tuesday', 'Tue', 'Weekday', 29, 294, '2024-7-15', 20240715, 7, 67, 'July', 'Jul', 3, 2024, 202407, 1, 1, 2025, 'Not Month End', '2023-7-16')"
20240717,7/17/2024,3,17,2025,Wednesday,Wed,Weekday,29,294,7/15/2024,20240715,7,67,July,Jul,3,2024,202407,1,1,2025,Not Month End,7/17/2023,,"insert into Date_Dimension values(20240717, '2024-7-17',3, 17, 2025, 'Wednesday', 'Wed', 'Weekday', 29, 294, '2024-7-15', 20240715, 7, 67, 'July', 'Jul', 3, 2024, 202407, 1, 1, 2025, 'Not Month End', '2023-7-17')"
20240718,7/18/2024,4,18,2026,Thursday,Thu,Weekday,29,294,7/15/2024,20240715,7,67,July,Jul,3,2024,202407,1,1,2025,Not Month End,7/18/2023,,"insert into Date_Dimension values(20240718, '2024-7-18',4, 18, 2026, 'Thursday', 'Thu', 'Weekday', 29, 294, '2024-7-15', 20240715, 7, 67, 'July', 'Jul', 3, 2024, 202407, 1, 1, 2025, 'Not Month End', '2023-7-18')"
20240719,7/19/2024,5,19,2027,Friday,Fri,Weekday,29,294,7/15/2024,20240715,7,67,July,Jul,3,2024,202407,1,1,2025,Not Month End,7/19/2023,,"insert into Date_Dimension values(20240719, '2024-7-19',5, 19, 2027, 'Friday', 'Fri', 'Weekday', 29, 294, '2024-7-15', 20240715, 7, 67, 'July', 'Jul', 3, 2024, 202407, 1, 1, 2025, 'Not Month End', '2023-7-19')"
20240720,7/20/2024,6,20,2028,Saturday,Sat,Weekend,29,294,7/15/2024,20240715,7,67,July,Jul,3,2024,202407,1,1,2025,Not Month End,7/20/2023,,"insert into Date_Dimension values(20240720, '2024-7-20',6, 20, 2028, 'Saturday', 'Sat', 'Weekend', 29, 294, '2024-7-15', 20240715, 7, 67, 'July', 'Jul', 3, 2024, 202407, 1, 1, 2025, 'Not Month End', '2023-7-20')"
20240721,7/21/2024,7,21,2029,Sunday,Sun,Weekend,29,294,7/15/2024,20240715,7,67,July,Jul,3,2024,202407,1,1,2025,Not Month End,7/21/2023,,"insert into Date_Dimension values(20240721, '2024-7-21',7, 21, 2029, 'Sunday', 'Sun', 'Weekend', 29, 294, '2024-7-15', 20240715, 7, 67, 'July', 'Jul', 3, 2024, 202407, 1, 1, 2025, 'Not Month End', '2023-7-21')"
20240722,7/22/2024,1,22,2030,Monday,Mon,Weekday,30,295,7/22/2024,20240722,7,67,July,Jul,3,2024,202407,1,1,2025,Not Month End,7/22/2023,,"insert into Date_Dimension values(20240722, '2024-7-22',1, 22, 2030, 'Monday', 'Mon', 'Weekday', 30, 295, '2024-7-22', 20240722, 7, 67, 'July', 'Jul', 3, 2024, 202407, 1, 1, 2025, 'Not Month End', '2023-7-22')"
20240723,7/23/2024,2,23,2031,Tuesday,Tue,Weekday,30,295,7/22/2024,20240722,7,67,July,Jul,3,2024,202407,1,1,2025,Not Month End,7/23/2023,,"insert into Date_Dimension values(20240723, '2024-7-23',2, 23, 2031, 'Tuesday', 'Tue', 'Weekday', 30, 295, '2024-7-22', 20240722, 7, 67, 'July', 'Jul', 3, 2024, 202407, 1, 1, 2025, 'Not Month End', '2023-7-23')"
20240724,7/24/2024,3,24,2032,Wednesday,Wed,Weekday,30,295,7/22/2024,20240722,7,67,July,Jul,3,2024,202407,1,1,2025,Not Month End,7/24/2023,,"insert into Date_Dimension values(20240724, '2024-7-24',3, 24, 2032, 'Wednesday', 'Wed', 'Weekday', 30, 295, '2024-7-22', 20240722, 7, 67, 'July', 'Jul', 3, 2024, 202407, 1, 1, 2025, 'Not Month End', '2023-7-24')"
20240725,7/25/2024,4,25,2033,Thursday,Thu,Weekday,30,295,7/22/2024,20240722,7,67,July,Jul,3,2024,202407,1,1,2025,Not Month End,7/25/2023,,"insert into Date_Dimension values(20240725, '2024-7-25',4, 25, 2033, 'Thursday', 'Thu', 'Weekday', 30, 295, '2024-7-22', 20240722, 7, 67, 'July', 'Jul', 3, 2024, 202407, 1, 1, 2025, 'Not Month End', '2023-7-25')"
20240726,7/26/2024,5,26,2034,Friday,Fri,Weekday,30,295,7/22/2024,20240722,7,67,July,Jul,3,2024,202407,1,1,2025,Not Month End,7/26/2023,,"insert into Date_Dimension values(20240726, '2024-7-26',5, 26, 2034, 'Friday', 'Fri', 'Weekday', 30, 295, '2024-7-22', 20240722, 7, 67, 'July', 'Jul', 3, 2024, 202407, 1, 1, 2025, 'Not Month End', '2023-7-26')"
20240727,7/27/2024,6,27,2035,Saturday,Sat,Weekend,30,295,7/22/2024,20240722,7,67,July,Jul,3,2024,202407,1,1,2025,Not Month End,7/27/2023,,"insert into Date_Dimension values(20240727, '2024-7-27',6, 27, 2035, 'Saturday', 'Sat', 'Weekend', 30, 295, '2024-7-22', 20240722, 7, 67, 'July', 'Jul', 3, 2024, 202407, 1, 1, 2025, 'Not Month End', '2023-7-27')"
20240728,7/28/2024,7,28,2036,Sunday,Sun,Weekend,30,295,7/22/2024,20240722,7,67,July,Jul,3,2024,202407,1,1,2025,Not Month End,7/28/2023,,"insert into Date_Dimension values(20240728, '2024-7-28',7, 28, 2036, 'Sunday', 'Sun', 'Weekend', 30, 295, '2024-7-22', 20240722, 7, 67, 'July', 'Jul', 3, 2024, 202407, 1, 1, 2025, 'Not Month End', '2023-7-28')"
20240729,7/29/2024,1,29,2037,Monday,Mon,Weekday,31,296,7/29/2024,20240729,7,67,July,Jul,3,2024,202407,1,1,2025,Not Month End,7/29/2023,,"insert into Date_Dimension values(20240729, '2024-7-29',1, 29, 2037, 'Monday', 'Mon', 'Weekday', 31, 296, '2024-7-29', 20240729, 7, 67, 'July', 'Jul', 3, 2024, 202407, 1, 1, 2025, 'Not Month End', '2023-7-29')"
20240730,7/30/2024,2,30,2038,Tuesday,Tue,Weekday,31,296,7/29/2024,20240729,7,67,July,Jul,3,2024,202407,1,1,2025,Not Month End,7/30/2023,,"insert into Date_Dimension values(20240730, '2024-7-30',2, 30, 2038, 'Tuesday', 'Tue', 'Weekday', 31, 296, '2024-7-29', 20240729, 7, 67, 'July', 'Jul', 3, 2024, 202407, 1, 1, 2025, 'Not Month End', '2023-7-30')"
20240731,7/31/2024,3,31,2039,Wednesday,Wed,Weekday,31,296,7/29/2024,20240729,7,67,July,Jul,3,2024,202407,1,1,2025,Month End,7/31/2023,,"insert into Date_Dimension values(20240731, '2024-7-31',3, 31, 2039, 'Wednesday', 'Wed', 'Weekday', 31, 296, '2024-7-29', 20240729, 7, 67, 'July', 'Jul', 3, 2024, 202407, 1, 1, 2025, 'Month End', '2023-7-31')"
20240801,8/1/2024,4,1,2040,Thursday,Thu,Weekday,31,296,7/29/2024,20240729,8,68,August,Aug,3,2024,202408,2,1,2025,Not Month End,8/1/2023,,"insert into Date_Dimension values(20240801, '2024-8-1',4, 1, 2040, 'Thursday', 'Thu', 'Weekday', 31, 296, '2024-7-29', 20240729, 8, 68, 'August', 'Aug', 3, 2024, 202408, 2, 1, 2025, 'Not Month End', '2023-8-1')"
20240802,8/2/2024,5,2,2041,Friday,Fri,Weekday,31,296,7/29/2024,20240729,8,68,August,Aug,3,2024,202408,2,1,2025,Not Month End,8/2/2023,,"insert into Date_Dimension values(20240802, '2024-8-2',5, 2, 2041, 'Friday', 'Fri', 'Weekday', 31, 296, '2024-7-29', 20240729, 8, 68, 'August', 'Aug', 3, 2024, 202408, 2, 1, 2025, 'Not Month End', '2023-8-2')"
20240803,8/3/2024,6,3,2042,Saturday,Sat,Weekend,31,296,7/29/2024,20240729,8,68,August,Aug,3,2024,202408,2,1,2025,Not Month End,8/3/2023,,"insert into Date_Dimension values(20240803, '2024-8-3',6, 3, 2042, 'Saturday', 'Sat', 'Weekend', 31, 296, '2024-7-29', 20240729, 8, 68, 'August', 'Aug', 3, 2024, 202408, 2, 1, 2025, 'Not Month End', '2023-8-3')"
20240804,8/4/2024,7,4,2043,Sunday,Sun,Weekend,31,296,7/29/2024,20240729,8,68,August,Aug,3,2024,202408,2,1,2025,Not Month End,8/4/2023,,"insert into Date_Dimension values(20240804, '2024-8-4',7, 4, 2043, 'Sunday', 'Sun', 'Weekend', 31, 296, '2024-7-29', 20240729, 8, 68, 'August', 'Aug', 3, 2024, 202408, 2, 1, 2025, 'Not Month End', '2023-8-4')"
20240805,8/5/2024,1,5,2044,Monday,Mon,Weekday,32,297,8/5/2024,20240805,8,68,August,Aug,3,2024,202408,2,1,2025,Not Month End,8/5/2023,,"insert into Date_Dimension values(20240805, '2024-8-5',1, 5, 2044, 'Monday', 'Mon', 'Weekday', 32, 297, '2024-8-5', 20240805, 8, 68, 'August', 'Aug', 3, 2024, 202408, 2, 1, 2025, 'Not Month End', '2023-8-5')"
20240806,8/6/2024,2,6,2045,Tuesday,Tue,Weekday,32,297,8/5/2024,20240805,8,68,August,Aug,3,2024,202408,2,1,2025,Not Month End,8/6/2023,,"insert into Date_Dimension values(20240806, '2024-8-6',2, 6, 2045, 'Tuesday', 'Tue', 'Weekday', 32, 297, '2024-8-5', 20240805, 8, 68, 'August', 'Aug', 3, 2024, 202408, 2, 1, 2025, 'Not Month End', '2023-8-6')"
20240807,8/7/2024,3,7,2046,Wednesday,Wed,Weekday,32,297,8/5/2024,20240805,8,68,August,Aug,3,2024,202408,2,1,2025,Not Month End,8/7/2023,,"insert into Date_Dimension values(20240807, '2024-8-7',3, 7, 2046, 'Wednesday', 'Wed', 'Weekday', 32, 297, '2024-8-5', 20240805, 8, 68, 'August', 'Aug', 3, 2024, 202408, 2, 1, 2025, 'Not Month End', '2023-8-7')"
20240808,8/8/2024,4,8,2047,Thursday,Thu,Weekday,32,297,8/5/2024,20240805,8,68,August,Aug,3,2024,202408,2,1,2025,Not Month End,8/8/2023,,"insert into Date_Dimension values(20240808, '2024-8-8',4, 8, 2047, 'Thursday', 'Thu', 'Weekday', 32, 297, '2024-8-5', 20240805, 8, 68, 'August', 'Aug', 3, 2024, 202408, 2, 1, 2025, 'Not Month End', '2023-8-8')"
20240809,8/9/2024,5,9,2048,Friday,Fri,Weekday,32,297,8/5/2024,20240805,8,68,August,Aug,3,2024,202408,2,1,2025,Not Month End,8/9/2023,,"insert into Date_Dimension values(20240809, '2024-8-9',5, 9, 2048, 'Friday', 'Fri', 'Weekday', 32, 297, '2024-8-5', 20240805, 8, 68, 'August', 'Aug', 3, 2024, 202408, 2, 1, 2025, 'Not Month End', '2023-8-9')"
20240810,8/10/2024,6,10,2049,Saturday,Sat,Weekend,32,297,8/5/2024,20240805,8,68,August,Aug,3,2024,202408,2,1,2025,Not Month End,8/10/2023,,"insert into Date_Dimension values(20240810, '2024-8-10',6, 10, 2049, 'Saturday', 'Sat', 'Weekend', 32, 297, '2024-8-5', 20240805, 8, 68, 'August', 'Aug', 3, 2024, 202408, 2, 1, 2025, 'Not Month End', '2023-8-10')"
20240811,8/11/2024,7,11,2050,Sunday,Sun,Weekend,32,297,8/5/2024,20240805,8,68,August,Aug,3,2024,202408,2,1,2025,Not Month End,8/11/2023,,"insert into Date_Dimension values(20240811, '2024-8-11',7, 11, 2050, 'Sunday', 'Sun', 'Weekend', 32, 297, '2024-8-5', 20240805, 8, 68, 'August', 'Aug', 3, 2024, 202408, 2, 1, 2025, 'Not Month End', '2023-8-11')"
20240812,8/12/2024,1,12,2051,Monday,Mon,Weekday,33,298,8/12/2024,20240812,8,68,August,Aug,3,2024,202408,2,1,2025,Not Month End,8/12/2023,,"insert into Date_Dimension values(20240812, '2024-8-12',1, 12, 2051, 'Monday', 'Mon', 'Weekday', 33, 298, '2024-8-12', 20240812, 8, 68, 'August', 'Aug', 3, 2024, 202408, 2, 1, 2025, 'Not Month End', '2023-8-12')"
20240813,8/13/2024,2,13,2052,Tuesday,Tue,Weekday,33,298,8/12/2024,20240812,8,68,August,Aug,3,2024,202408,2,1,2025,Not Month End,8/13/2023,,"insert into Date_Dimension values(20240813, '2024-8-13',2, 13, 2052, 'Tuesday', 'Tue', 'Weekday', 33, 298, '2024-8-12', 20240812, 8, 68, 'August', 'Aug', 3, 2024, 202408, 2, 1, 2025, 'Not Month End', '2023-8-13')"
20240814,8/14/2024,3,14,2053,Wednesday,Wed,Weekday,33,298,8/12/2024,20240812,8,68,August,Aug,3,2024,202408,2,1,2025,Not Month End,8/14/2023,,"insert into Date_Dimension values(20240814, '2024-8-14',3, 14, 2053, 'Wednesday', 'Wed', 'Weekday', 33, 298, '2024-8-12', 20240812, 8, 68, 'August', 'Aug', 3, 2024, 202408, 2, 1, 2025, 'Not Month End', '2023-8-14')"
20240815,8/15/2024,4,15,2054,Thursday,Thu,Weekday,33,298,8/12/2024,20240812,8,68,August,Aug,3,2024,202408,2,1,2025,Not Month End,8/15/2023,,"insert into Date_Dimension values(20240815, '2024-8-15',4, 15, 2054, 'Thursday', 'Thu', 'Weekday', 33, 298, '2024-8-12', 20240812, 8, 68, 'August', 'Aug', 3, 2024, 202408, 2, 1, 2025, 'Not Month End', '2023-8-15')"
20240816,8/16/2024,5,16,2055,Friday,Fri,Weekday,33,298,8/12/2024,20240812,8,68,August,Aug,3,2024,202408,2,1,2025,Not Month End,8/16/2023,,"insert into Date_Dimension values(20240816, '2024-8-16',5, 16, 2055, 'Friday', 'Fri', 'Weekday', 33, 298, '2024-8-12', 20240812, 8, 68, 'August', 'Aug', 3, 2024, 202408, 2, 1, 2025, 'Not Month End', '2023-8-16')"
20240817,8/17/2024,6,17,2056,Saturday,Sat,Weekend,33,298,8/12/2024,20240812,8,68,August,Aug,3,2024,202408,2,1,2025,Not Month End,8/17/2023,,"insert into Date_Dimension values(20240817, '2024-8-17',6, 17, 2056, 'Saturday', 'Sat', 'Weekend', 33, 298, '2024-8-12', 20240812, 8, 68, 'August', 'Aug', 3, 2024, 202408, 2, 1, 2025, 'Not Month End', '2023-8-17')"
20240818,8/18/2024,7,18,2057,Sunday,Sun,Weekend,33,298,8/12/2024,20240812,8,68,August,Aug,3,2024,202408,2,1,2025,Not Month End,8/18/2023,,"insert into Date_Dimension values(20240818, '2024-8-18',7, 18, 2057, 'Sunday', 'Sun', 'Weekend', 33, 298, '2024-8-12', 20240812, 8, 68, 'August', 'Aug', 3, 2024, 202408, 2, 1, 2025, 'Not Month End', '2023-8-18')"
20240819,8/19/2024,1,19,2058,Monday,Mon,Weekday,34,299,8/19/2024,20240819,8,68,August,Aug,3,2024,202408,2,1,2025,Not Month End,8/19/2023,,"insert into Date_Dimension values(20240819, '2024-8-19',1, 19, 2058, 'Monday', 'Mon', 'Weekday', 34, 299, '2024-8-19', 20240819, 8, 68, 'August', 'Aug', 3, 2024, 202408, 2, 1, 2025, 'Not Month End', '2023-8-19')"
20240820,8/20/2024,2,20,2059,Tuesday,Tue,Weekday,34,299,8/19/2024,20240819,8,68,August,Aug,3,2024,202408,2,1,2025,Not Month End,8/20/2023,,"insert into Date_Dimension values(20240820, '2024-8-20',2, 20, 2059, 'Tuesday', 'Tue', 'Weekday', 34, 299, '2024-8-19', 20240819, 8, 68, 'August', 'Aug', 3, 2024, 202408, 2, 1, 2025, 'Not Month End', '2023-8-20')"
20240821,8/21/2024,3,21,2060,Wednesday,Wed,Weekday,34,299,8/19/2024,20240819,8,68,August,Aug,3,2024,202408,2,1,2025,Not Month End,8/21/2023,,"insert into Date_Dimension values(20240821, '2024-8-21',3, 21, 2060, 'Wednesday', 'Wed', 'Weekday', 34, 299, '2024-8-19', 20240819, 8, 68, 'August', 'Aug', 3, 2024, 202408, 2, 1, 2025, 'Not Month End', '2023-8-21')"
20240822,8/22/2024,4,22,2061,Thursday,Thu,Weekday,34,299,8/19/2024,20240819,8,68,August,Aug,3,2024,202408,2,1,2025,Not Month End,8/22/2023,,"insert into Date_Dimension values(20240822, '2024-8-22',4, 22, 2061, 'Thursday', 'Thu', 'Weekday', 34, 299, '2024-8-19', 20240819, 8, 68, 'August', 'Aug', 3, 2024, 202408, 2, 1, 2025, 'Not Month End', '2023-8-22')"
20240823,8/23/2024,5,23,2062,Friday,Fri,Weekday,34,299,8/19/2024,20240819,8,68,August,Aug,3,2024,202408,2,1,2025,Not Month End,8/23/2023,,"insert into Date_Dimension values(20240823, '2024-8-23',5, 23, 2062, 'Friday', 'Fri', 'Weekday', 34, 299, '2024-8-19', 20240819, 8, 68, 'August', 'Aug', 3, 2024, 202408, 2, 1, 2025, 'Not Month End', '2023-8-23')"
20240824,8/24/2024,6,24,2063,Saturday,Sat,Weekend,34,299,8/19/2024,20240819,8,68,August,Aug,3,2024,202408,2,1,2025,Not Month End,8/24/2023,,"insert into Date_Dimension values(20240824, '2024-8-24',6, 24, 2063, 'Saturday', 'Sat', 'Weekend', 34, 299, '2024-8-19', 20240819, 8, 68, 'August', 'Aug', 3, 2024, 202408, 2, 1, 2025, 'Not Month End', '2023-8-24')"
20240825,8/25/2024,7,25,2064,Sunday,Sun,Weekend,34,299,8/19/2024,20240819,8,68,August,Aug,3,2024,202408,2,1,2025,Not Month End,8/25/2023,,"insert into Date_Dimension values(20240825, '2024-8-25',7, 25, 2064, 'Sunday', 'Sun', 'Weekend', 34, 299, '2024-8-19', 20240819, 8, 68, 'August', 'Aug', 3, 2024, 202408, 2, 1, 2025, 'Not Month End', '2023-8-25')"
20240826,8/26/2024,1,26,2065,Monday,Mon,Weekday,35,300,8/26/2024,20240826,8,68,August,Aug,3,2024,202408,2,1,2025,Not Month End,8/26/2023,,"insert into Date_Dimension values(20240826, '2024-8-26',1, 26, 2065, 'Monday', 'Mon', 'Weekday', 35, 300, '2024-8-26', 20240826, 8, 68, 'August', 'Aug', 3, 2024, 202408, 2, 1, 2025, 'Not Month End', '2023-8-26')"
20240827,8/27/2024,2,27,2066,Tuesday,Tue,Weekday,35,300,8/26/2024,20240826,8,68,August,Aug,3,2024,202408,2,1,2025,Not Month End,8/27/2023,,"insert into Date_Dimension values(20240827, '2024-8-27',2, 27, 2066, 'Tuesday', 'Tue', 'Weekday', 35, 300, '2024-8-26', 20240826, 8, 68, 'August', 'Aug', 3, 2024, 202408, 2, 1, 2025, 'Not Month End', '2023-8-27')"
20240828,8/28/2024,3,28,2067,Wednesday,Wed,Weekday,35,300,8/26/2024,20240826,8,68,August,Aug,3,2024,202408,2,1,2025,Not Month End,8/28/2023,,"insert into Date_Dimension values(20240828, '2024-8-28',3, 28, 2067, 'Wednesday', 'Wed', 'Weekday', 35, 300, '2024-8-26', 20240826, 8, 68, 'August', 'Aug', 3, 2024, 202408, 2, 1, 2025, 'Not Month End', '2023-8-28')"
20240829,8/29/2024,4,29,2068,Thursday,Thu,Weekday,35,300,8/26/2024,20240826,8,68,August,Aug,3,2024,202408,2,1,2025,Not Month End,8/29/2023,,"insert into Date_Dimension values(20240829, '2024-8-29',4, 29, 2068, 'Thursday', 'Thu', 'Weekday', 35, 300, '2024-8-26', 20240826, 8, 68, 'August', 'Aug', 3, 2024, 202408, 2, 1, 2025, 'Not Month End', '2023-8-29')"
20240830,8/30/2024,5,30,2069,Friday,Fri,Weekday,35,300,8/26/2024,20240826,8,68,August,Aug,3,2024,202408,2,1,2025,Not Month End,8/30/2023,,"insert into Date_Dimension values(20240830, '2024-8-30',5, 30, 2069, 'Friday', 'Fri', 'Weekday', 35, 300, '2024-8-26', 20240826, 8, 68, 'August', 'Aug', 3, 2024, 202408, 2, 1, 2025, 'Not Month End', '2023-8-30')"
20240831,8/31/2024,6,31,2070,Saturday,Sat,Weekend,35,300,8/26/2024,20240826,8,68,August,Aug,3,2024,202408,2,1,2025,Month End,8/31/2023,,"insert into Date_Dimension values(20240831, '2024-8-31',6, 31, 2070, 'Saturday', 'Sat', 'Weekend', 35, 300, '2024-8-26', 20240826, 8, 68, 'August', 'Aug', 3, 2024, 202408, 2, 1, 2025, 'Month End', '2023-8-31')"
20240901,9/1/2024,7,1,2071,Sunday,Sun,Weekend,35,300,8/26/2024,20240826,9,69,September,Sep,3,2024,202409,3,1,2025,Not Month End,9/1/2023,,"insert into Date_Dimension values(20240901, '2024-9-1',7, 1, 2071, 'Sunday', 'Sun', 'Weekend', 35, 300, '2024-8-26', 20240826, 9, 69, 'September', 'Sep', 3, 2024, 202409, 3, 1, 2025, 'Not Month End', '2023-9-1')"
20240902,9/2/2024,1,2,2072,Monday,Mon,Weekday,36,301,9/2/2024,20240902,9,69,September,Sep,3,2024,202409,3,1,2025,Not Month End,9/2/2023,,"insert into Date_Dimension values(20240902, '2024-9-2',1, 2, 2072, 'Monday', 'Mon', 'Weekday', 36, 301, '2024-9-2', 20240902, 9, 69, 'September', 'Sep', 3, 2024, 202409, 3, 1, 2025, 'Not Month End', '2023-9-2')"
20240903,9/3/2024,2,3,2073,Tuesday,Tue,Weekday,36,301,9/2/2024,20240902,9,69,September,Sep,3,2024,202409,3,1,2025,Not Month End,9/3/2023,,"insert into Date_Dimension values(20240903, '2024-9-3',2, 3, 2073, 'Tuesday', 'Tue', 'Weekday', 36, 301, '2024-9-2', 20240902, 9, 69, 'September', 'Sep', 3, 2024, 202409, 3, 1, 2025, 'Not Month End', '2023-9-3')"
20240904,9/4/2024,3,4,2074,Wednesday,Wed,Weekday,36,301,9/2/2024,20240902,9,69,September,Sep,3,2024,202409,3,1,2025,Not Month End,9/4/2023,,"insert into Date_Dimension values(20240904, '2024-9-4',3, 4, 2074, 'Wednesday', 'Wed', 'Weekday', 36, 301, '2024-9-2', 20240902, 9, 69, 'September', 'Sep', 3, 2024, 202409, 3, 1, 2025, 'Not Month End', '2023-9-4')"
20240905,9/5/2024,4,5,2075,Thursday,Thu,Weekday,36,301,9/2/2024,20240902,9,69,September,Sep,3,2024,202409,3,1,2025,Not Month End,9/5/2023,,"insert into Date_Dimension values(20240905, '2024-9-5',4, 5, 2075, 'Thursday', 'Thu', 'Weekday', 36, 301, '2024-9-2', 20240902, 9, 69, 'September', 'Sep', 3, 2024, 202409, 3, 1, 2025, 'Not Month End', '2023-9-5')"
20240906,9/6/2024,5,6,2076,Friday,Fri,Weekday,36,301,9/2/2024,20240902,9,69,September,Sep,3,2024,202409,3,1,2025,Not Month End,9/6/2023,,"insert into Date_Dimension values(20240906, '2024-9-6',5, 6, 2076, 'Friday', 'Fri', 'Weekday', 36, 301, '2024-9-2', 20240902, 9, 69, 'September', 'Sep', 3, 2024, 202409, 3, 1, 2025, 'Not Month End', '2023-9-6')"
20240907,9/7/2024,6,7,2077,Saturday,Sat,Weekend,36,301,9/2/2024,20240902,9,69,September,Sep,3,2024,202409,3,1,2025,Not Month End,9/7/2023,,"insert into Date_Dimension values(20240907, '2024-9-7',6, 7, 2077, 'Saturday', 'Sat', 'Weekend', 36, 301, '2024-9-2', 20240902, 9, 69, 'September', 'Sep', 3, 2024, 202409, 3, 1, 2025, 'Not Month End', '2023-9-7')"
20240908,9/8/2024,7,8,2078,Sunday,Sun,Weekend,36,301,9/2/2024,20240902,9,69,September,Sep,3,2024,202409,3,1,2025,Not Month End,9/8/2023,,"insert into Date_Dimension values(20240908, '2024-9-8',7, 8, 2078, 'Sunday', 'Sun', 'Weekend', 36, 301, '2024-9-2', 20240902, 9, 69, 'September', 'Sep', 3, 2024, 202409, 3, 1, 2025, 'Not Month End', '2023-9-8')"
20240909,9/9/2024,1,9,2079,Monday,Mon,Weekday,37,302,9/9/2024,20240909,9,69,September,Sep,3,2024,202409,3,1,2025,Not Month End,9/9/2023,,"insert into Date_Dimension values(20240909, '2024-9-9',1, 9, 2079, 'Monday', 'Mon', 'Weekday', 37, 302, '2024-9-9', 20240909, 9, 69, 'September', 'Sep', 3, 2024, 202409, 3, 1, 2025, 'Not Month End', '2023-9-9')"
20240910,9/10/2024,2,10,2080,Tuesday,Tue,Weekday,37,302,9/9/2024,20240909,9,69,September,Sep,3,2024,202409,3,1,2025,Not Month End,9/10/2023,,"insert into Date_Dimension values(20240910, '2024-9-10',2, 10, 2080, 'Tuesday', 'Tue', 'Weekday', 37, 302, '2024-9-9', 20240909, 9, 69, 'September', 'Sep', 3, 2024, 202409, 3, 1, 2025, 'Not Month End', '2023-9-10')"
20240911,9/11/2024,3,11,2081,Wednesday,Wed,Weekday,37,302,9/9/2024,20240909,9,69,September,Sep,3,2024,202409,3,1,2025,Not Month End,9/11/2023,,"insert into Date_Dimension values(20240911, '2024-9-11',3, 11, 2081, 'Wednesday', 'Wed', 'Weekday', 37, 302, '2024-9-9', 20240909, 9, 69, 'September', 'Sep', 3, 2024, 202409, 3, 1, 2025, 'Not Month End', '2023-9-11')"
20240912,9/12/2024,4,12,2082,Thursday,Thu,Weekday,37,302,9/9/2024,20240909,9,69,September,Sep,3,2024,202409,3,1,2025,Not Month End,9/12/2023,,"insert into Date_Dimension values(20240912, '2024-9-12',4, 12, 2082, 'Thursday', 'Thu', 'Weekday', 37, 302, '2024-9-9', 20240909, 9, 69, 'September', 'Sep', 3, 2024, 202409, 3, 1, 2025, 'Not Month End', '2023-9-12')"
20240913,9/13/2024,5,13,2083,Friday,Fri,Weekday,37,302,9/9/2024,20240909,9,69,September,Sep,3,2024,202409,3,1,2025,Not Month End,9/13/2023,,"insert into Date_Dimension values(20240913, '2024-9-13',5, 13, 2083, 'Friday', 'Fri', 'Weekday', 37, 302, '2024-9-9', 20240909, 9, 69, 'September', 'Sep', 3, 2024, 202409, 3, 1, 2025, 'Not Month End', '2023-9-13')"
20240914,9/14/2024,6,14,2084,Saturday,Sat,Weekend,37,302,9/9/2024,20240909,9,69,September,Sep,3,2024,202409,3,1,2025,Not Month End,9/14/2023,,"insert into Date_Dimension values(20240914, '2024-9-14',6, 14, 2084, 'Saturday', 'Sat', 'Weekend', 37, 302, '2024-9-9', 20240909, 9, 69, 'September', 'Sep', 3, 2024, 202409, 3, 1, 2025, 'Not Month End', '2023-9-14')"
20240915,9/15/2024,7,15,2085,Sunday,Sun,Weekend,37,302,9/9/2024,20240909,9,69,September,Sep,3,2024,202409,3,1,2025,Not Month End,9/15/2023,,"insert into Date_Dimension values(20240915, '2024-9-15',7, 15, 2085, 'Sunday', 'Sun', 'Weekend', 37, 302, '2024-9-9', 20240909, 9, 69, 'September', 'Sep', 3, 2024, 202409, 3, 1, 2025, 'Not Month End', '2023-9-15')"
20240916,9/16/2024,1,16,2086,Monday,Mon,Weekday,38,303,9/16/2024,20240916,9,69,September,Sep,3,2024,202409,3,1,2025,Not Month End,9/16/2023,,"insert into Date_Dimension values(20240916, '2024-9-16',1, 16, 2086, 'Monday', 'Mon', 'Weekday', 38, 303, '2024-9-16', 20240916, 9, 69, 'September', 'Sep', 3, 2024, 202409, 3, 1, 2025, 'Not Month End', '2023-9-16')"
20240917,9/17/2024,2,17,2087,Tuesday,Tue,Weekday,38,303,9/16/2024,20240916,9,69,September,Sep,3,2024,202409,3,1,2025,Not Month End,9/17/2023,,"insert into Date_Dimension values(20240917, '2024-9-17',2, 17, 2087, 'Tuesday', 'Tue', 'Weekday', 38, 303, '2024-9-16', 20240916, 9, 69, 'September', 'Sep', 3, 2024, 202409, 3, 1, 2025, 'Not Month End', '2023-9-17')"
20240918,9/18/2024,3,18,2088,Wednesday,Wed,Weekday,38,303,9/16/2024,20240916,9,69,September,Sep,3,2024,202409,3,1,2025,Not Month End,9/18/2023,,"insert into Date_Dimension values(20240918, '2024-9-18',3, 18, 2088, 'Wednesday', 'Wed', 'Weekday', 38, 303, '2024-9-16', 20240916, 9, 69, 'September', 'Sep', 3, 2024, 202409, 3, 1, 2025, 'Not Month End', '2023-9-18')"
20240919,9/19/2024,4,19,2089,Thursday,Thu,Weekday,38,303,9/16/2024,20240916,9,69,September,Sep,3,2024,202409,3,1,2025,Not Month End,9/19/2023,,"insert into Date_Dimension values(20240919, '2024-9-19',4, 19, 2089, 'Thursday', 'Thu', 'Weekday', 38, 303, '2024-9-16', 20240916, 9, 69, 'September', 'Sep', 3, 2024, 202409, 3, 1, 2025, 'Not Month End', '2023-9-19')"
20240920,9/20/2024,5,20,2090,Friday,Fri,Weekday,38,303,9/16/2024,20240916,9,69,September,Sep,3,2024,202409,3,1,2025,Not Month End,9/20/2023,,"insert into Date_Dimension values(20240920, '2024-9-20',5, 20, 2090, 'Friday', 'Fri', 'Weekday', 38, 303, '2024-9-16', 20240916, 9, 69, 'September', 'Sep', 3, 2024, 202409, 3, 1, 2025, 'Not Month End', '2023-9-20')"
20240921,9/21/2024,6,21,2091,Saturday,Sat,Weekend,38,303,9/16/2024,20240916,9,69,September,Sep,3,2024,202409,3,1,2025,Not Month End,9/21/2023,,"insert into Date_Dimension values(20240921, '2024-9-21',6, 21, 2091, 'Saturday', 'Sat', 'Weekend', 38, 303, '2024-9-16', 20240916, 9, 69, 'September', 'Sep', 3, 2024, 202409, 3, 1, 2025, 'Not Month End', '2023-9-21')"
20240922,9/22/2024,7,22,2092,Sunday,Sun,Weekend,38,303,9/16/2024,20240916,9,69,September,Sep,3,2024,202409,3,1,2025,Not Month End,9/22/2023,,"insert into Date_Dimension values(20240922, '2024-9-22',7, 22, 2092, 'Sunday', 'Sun', 'Weekend', 38, 303, '2024-9-16', 20240916, 9, 69, 'September', 'Sep', 3, 2024, 202409, 3, 1, 2025, 'Not Month End', '2023-9-22')"
20240923,9/23/2024,1,23,2093,Monday,Mon,Weekday,39,304,9/23/2024,20240923,9,69,September,Sep,3,2024,202409,3,1,2025,Not Month End,9/23/2023,,"insert into Date_Dimension values(20240923, '2024-9-23',1, 23, 2093, 'Monday', 'Mon', 'Weekday', 39, 304, '2024-9-23', 20240923, 9, 69, 'September', 'Sep', 3, 2024, 202409, 3, 1, 2025, 'Not Month End', '2023-9-23')"
20240924,9/24/2024,2,24,2094,Tuesday,Tue,Weekday,39,304,9/23/2024,20240923,9,69,September,Sep,3,2024,202409,3,1,2025,Not Month End,9/24/2023,,"insert into Date_Dimension values(20240924, '2024-9-24',2, 24, 2094, 'Tuesday', 'Tue', 'Weekday', 39, 304, '2024-9-23', 20240923, 9, 69, 'September', 'Sep', 3, 2024, 202409, 3, 1, 2025, 'Not Month End', '2023-9-24')"
20240925,9/25/2024,3,25,2095,Wednesday,Wed,Weekday,39,304,9/23/2024,20240923,9,69,September,Sep,3,2024,202409,3,1,2025,Not Month End,9/25/2023,,"insert into Date_Dimension values(20240925, '2024-9-25',3, 25, 2095, 'Wednesday', 'Wed', 'Weekday', 39, 304, '2024-9-23', 20240923, 9, 69, 'September', 'Sep', 3, 2024, 202409, 3, 1, 2025, 'Not Month End', '2023-9-25')"
20240926,9/26/2024,4,26,2096,Thursday,Thu,Weekday,39,304,9/23/2024,20240923,9,69,September,Sep,3,2024,202409,3,1,2025,Not Month End,9/26/2023,,"insert into Date_Dimension values(20240926, '2024-9-26',4, 26, 2096, 'Thursday', 'Thu', 'Weekday', 39, 304, '2024-9-23', 20240923, 9, 69, 'September', 'Sep', 3, 2024, 202409, 3, 1, 2025, 'Not Month End', '2023-9-26')"
20240927,9/27/2024,5,27,2097,Friday,Fri,Weekday,39,304,9/23/2024,20240923,9,69,September,Sep,3,2024,202409,3,1,2025,Not Month End,9/27/2023,,"insert into Date_Dimension values(20240927, '2024-9-27',5, 27, 2097, 'Friday', 'Fri', 'Weekday', 39, 304, '2024-9-23', 20240923, 9, 69, 'September', 'Sep', 3, 2024, 202409, 3, 1, 2025, 'Not Month End', '2023-9-27')"
20240928,9/28/2024,6,28,2098,Saturday,Sat,Weekend,39,304,9/23/2024,20240923,9,69,September,Sep,3,2024,202409,3,1,2025,Not Month End,9/28/2023,,"insert into Date_Dimension values(20240928, '2024-9-28',6, 28, 2098, 'Saturday', 'Sat', 'Weekend', 39, 304, '2024-9-23', 20240923, 9, 69, 'September', 'Sep', 3, 2024, 202409, 3, 1, 2025, 'Not Month End', '2023-9-28')"
20240929,9/29/2024,7,29,2099,Sunday,Sun,Weekend,39,304,9/23/2024,20240923,9,69,September,Sep,3,2024,202409,3,1,2025,Not Month End,9/29/2023,,"insert into Date_Dimension values(20240929, '2024-9-29',7, 29, 2099, 'Sunday', 'Sun', 'Weekend', 39, 304, '2024-9-23', 20240923, 9, 69, 'September', 'Sep', 3, 2024, 202409, 3, 1, 2025, 'Not Month End', '2023-9-29')"
20240930,9/30/2024,1,30,2100,Monday,Mon,Weekday,40,305,9/30/2024,20240930,9,69,September,Sep,3,2024,202409,3,1,2025,Month End,9/30/2023,,"insert into Date_Dimension values(20240930, '2024-9-30',1, 30, 2100, 'Monday', 'Mon', 'Weekday', 40, 305, '2024-9-30', 20240930, 9, 69, 'September', 'Sep', 3, 2024, 202409, 3, 1, 2025, 'Month End', '2023-9-30')"
20241001,10/1/2024,2,1,2101,Tuesday,Tue,Weekday,40,305,9/30/2024,20240930,10,70,October,Oct,4,2024,202410,4,2,2025,Not Month End,10/1/2023,,"insert into Date_Dimension values(20241001, '2024-10-1',2, 1, 2101, 'Tuesday', 'Tue', 'Weekday', 40, 305, '2024-9-30', 20240930, 10, 70, 'October', 'Oct', 4, 2024, 202410, 4, 2, 2025, 'Not Month End', '2023-10-1')"
20241002,10/2/2024,3,2,2102,Wednesday,Wed,Weekday,40,305,9/30/2024,20240930,10,70,October,Oct,4,2024,202410,4,2,2025,Not Month End,10/2/2023,,"insert into Date_Dimension values(20241002, '2024-10-2',3, 2, 2102, 'Wednesday', 'Wed', 'Weekday', 40, 305, '2024-9-30', 20240930, 10, 70, 'October', 'Oct', 4, 2024, 202410, 4, 2, 2025, 'Not Month End', '2023-10-2')"
20241003,10/3/2024,4,3,2103,Thursday,Thu,Weekday,40,305,9/30/2024,20240930,10,70,October,Oct,4,2024,202410,4,2,2025,Not Month End,10/3/2023,,"insert into Date_Dimension values(20241003, '2024-10-3',4, 3, 2103, 'Thursday', 'Thu', 'Weekday', 40, 305, '2024-9-30', 20240930, 10, 70, 'October', 'Oct', 4, 2024, 202410, 4, 2, 2025, 'Not Month End', '2023-10-3')"
20241004,10/4/2024,5,4,2104,Friday,Fri,Weekday,40,305,9/30/2024,20240930,10,70,October,Oct,4,2024,202410,4,2,2025,Not Month End,10/4/2023,,"insert into Date_Dimension values(20241004, '2024-10-4',5, 4, 2104, 'Friday', 'Fri', 'Weekday', 40, 305, '2024-9-30', 20240930, 10, 70, 'October', 'Oct', 4, 2024, 202410, 4, 2, 2025, 'Not Month End', '2023-10-4')"
20241005,10/5/2024,6,5,2105,Saturday,Sat,Weekend,40,305,9/30/2024,20240930,10,70,October,Oct,4,2024,202410,4,2,2025,Not Month End,10/5/2023,,"insert into Date_Dimension values(20241005, '2024-10-5',6, 5, 2105, 'Saturday', 'Sat', 'Weekend', 40, 305, '2024-9-30', 20240930, 10, 70, 'October', 'Oct', 4, 2024, 202410, 4, 2, 2025, 'Not Month End', '2023-10-5')"
20241006,10/6/2024,7,6,2106,Sunday,Sun,Weekend,40,305,9/30/2024,20240930,10,70,October,Oct,4,2024,202410,4,2,2025,Not Month End,10/6/2023,,"insert into Date_Dimension values(20241006, '2024-10-6',7, 6, 2106, 'Sunday', 'Sun', 'Weekend', 40, 305, '2024-9-30', 20240930, 10, 70, 'October', 'Oct', 4, 2024, 202410, 4, 2, 2025, 'Not Month End', '2023-10-6')"
20241007,10/7/2024,1,7,2107,Monday,Mon,Weekday,41,306,10/7/2024,20241007,10,70,October,Oct,4,2024,202410,4,2,2025,Not Month End,10/7/2023,,"insert into Date_Dimension values(20241007, '2024-10-7',1, 7, 2107, 'Monday', 'Mon', 'Weekday', 41, 306, '2024-10-7', 20241007, 10, 70, 'October', 'Oct', 4, 2024, 202410, 4, 2, 2025, 'Not Month End', '2023-10-7')"
20241008,10/8/2024,2,8,2108,Tuesday,Tue,Weekday,41,306,10/7/2024,20241007,10,70,October,Oct,4,2024,202410,4,2,2025,Not Month End,10/8/2023,,"insert into Date_Dimension values(20241008, '2024-10-8',2, 8, 2108, 'Tuesday', 'Tue', 'Weekday', 41, 306, '2024-10-7', 20241007, 10, 70, 'October', 'Oct', 4, 2024, 202410, 4, 2, 2025, 'Not Month End', '2023-10-8')"
20241009,10/9/2024,3,9,2109,Wednesday,Wed,Weekday,41,306,10/7/2024,20241007,10,70,October,Oct,4,2024,202410,4,2,2025,Not Month End,10/9/2023,,"insert into Date_Dimension values(20241009, '2024-10-9',3, 9, 2109, 'Wednesday', 'Wed', 'Weekday', 41, 306, '2024-10-7', 20241007, 10, 70, 'October', 'Oct', 4, 2024, 202410, 4, 2, 2025, 'Not Month End', '2023-10-9')"
20241010,10/10/2024,4,10,2110,Thursday,Thu,Weekday,41,306,10/7/2024,20241007,10,70,October,Oct,4,2024,202410,4,2,2025,Not Month End,10/10/2023,,"insert into Date_Dimension values(20241010, '2024-10-10',4, 10, 2110, 'Thursday', 'Thu', 'Weekday', 41, 306, '2024-10-7', 20241007, 10, 70, 'October', 'Oct', 4, 2024, 202410, 4, 2, 2025, 'Not Month End', '2023-10-10')"
20241011,10/11/2024,5,11,2111,Friday,Fri,Weekday,41,306,10/7/2024,20241007,10,70,October,Oct,4,2024,202410,4,2,2025,Not Month End,10/11/2023,,"insert into Date_Dimension values(20241011, '2024-10-11',5, 11, 2111, 'Friday', 'Fri', 'Weekday', 41, 306, '2024-10-7', 20241007, 10, 70, 'October', 'Oct', 4, 2024, 202410, 4, 2, 2025, 'Not Month End', '2023-10-11')"
20241012,10/12/2024,6,12,2112,Saturday,Sat,Weekend,41,306,10/7/2024,20241007,10,70,October,Oct,4,2024,202410,4,2,2025,Not Month End,10/12/2023,,"insert into Date_Dimension values(20241012, '2024-10-12',6, 12, 2112, 'Saturday', 'Sat', 'Weekend', 41, 306, '2024-10-7', 20241007, 10, 70, 'October', 'Oct', 4, 2024, 202410, 4, 2, 2025, 'Not Month End', '2023-10-12')"
20241013,10/13/2024,7,13,2113,Sunday,Sun,Weekend,41,306,10/7/2024,20241007,10,70,October,Oct,4,2024,202410,4,2,2025,Not Month End,10/13/2023,,"insert into Date_Dimension values(20241013, '2024-10-13',7, 13, 2113, 'Sunday', 'Sun', 'Weekend', 41, 306, '2024-10-7', 20241007, 10, 70, 'October', 'Oct', 4, 2024, 202410, 4, 2, 2025, 'Not Month End', '2023-10-13')"
20241014,10/14/2024,1,14,2114,Monday,Mon,Weekday,42,307,10/14/2024,20241014,10,70,October,Oct,4,2024,202410,4,2,2025,Not Month End,10/14/2023,,"insert into Date_Dimension values(20241014, '2024-10-14',1, 14, 2114, 'Monday', 'Mon', 'Weekday', 42, 307, '2024-10-14', 20241014, 10, 70, 'October', 'Oct', 4, 2024, 202410, 4, 2, 2025, 'Not Month End', '2023-10-14')"
20241015,10/15/2024,2,15,2115,Tuesday,Tue,Weekday,42,307,10/14/2024,20241014,10,70,October,Oct,4,2024,202410,4,2,2025,Not Month End,10/15/2023,,"insert into Date_Dimension values(20241015, '2024-10-15',2, 15, 2115, 'Tuesday', 'Tue', 'Weekday', 42, 307, '2024-10-14', 20241014, 10, 70, 'October', 'Oct', 4, 2024, 202410, 4, 2, 2025, 'Not Month End', '2023-10-15')"
20241016,10/16/2024,3,16,2116,Wednesday,Wed,Weekday,42,307,10/14/2024,20241014,10,70,October,Oct,4,2024,202410,4,2,2025,Not Month End,10/16/2023,,"insert into Date_Dimension values(20241016, '2024-10-16',3, 16, 2116, 'Wednesday', 'Wed', 'Weekday', 42, 307, '2024-10-14', 20241014, 10, 70, 'October', 'Oct', 4, 2024, 202410, 4, 2, 2025, 'Not Month End', '2023-10-16')"
20241017,10/17/2024,4,17,2117,Thursday,Thu,Weekday,42,307,10/14/2024,20241014,10,70,October,Oct,4,2024,202410,4,2,2025,Not Month End,10/17/2023,,"insert into Date_Dimension values(20241017, '2024-10-17',4, 17, 2117, 'Thursday', 'Thu', 'Weekday', 42, 307, '2024-10-14', 20241014, 10, 70, 'October', 'Oct', 4, 2024, 202410, 4, 2, 2025, 'Not Month End', '2023-10-17')"
20241018,10/18/2024,5,18,2118,Friday,Fri,Weekday,42,307,10/14/2024,20241014,10,70,October,Oct,4,2024,202410,4,2,2025,Not Month End,10/18/2023,,"insert into Date_Dimension values(20241018, '2024-10-18',5, 18, 2118, 'Friday', 'Fri', 'Weekday', 42, 307, '2024-10-14', 20241014, 10, 70, 'October', 'Oct', 4, 2024, 202410, 4, 2, 2025, 'Not Month End', '2023-10-18')"
20241019,10/19/2024,6,19,2119,Saturday,Sat,Weekend,42,307,10/14/2024,20241014,10,70,October,Oct,4,2024,202410,4,2,2025,Not Month End,10/19/2023,,"insert into Date_Dimension values(20241019, '2024-10-19',6, 19, 2119, 'Saturday', 'Sat', 'Weekend', 42, 307, '2024-10-14', 20241014, 10, 70, 'October', 'Oct', 4, 2024, 202410, 4, 2, 2025, 'Not Month End', '2023-10-19')"
20241020,10/20/2024,7,20,2120,Sunday,Sun,Weekend,42,307,10/14/2024,20241014,10,70,October,Oct,4,2024,202410,4,2,2025,Not Month End,10/20/2023,,"insert into Date_Dimension values(20241020, '2024-10-20',7, 20, 2120, 'Sunday', 'Sun', 'Weekend', 42, 307, '2024-10-14', 20241014, 10, 70, 'October', 'Oct', 4, 2024, 202410, 4, 2, 2025, 'Not Month End', '2023-10-20')"
20241021,10/21/2024,1,21,2121,Monday,Mon,Weekday,43,308,10/21/2024,20241021,10,70,October,Oct,4,2024,202410,4,2,2025,Not Month End,10/21/2023,,"insert into Date_Dimension values(20241021, '2024-10-21',1, 21, 2121, 'Monday', 'Mon', 'Weekday', 43, 308, '2024-10-21', 20241021, 10, 70, 'October', 'Oct', 4, 2024, 202410, 4, 2, 2025, 'Not Month End', '2023-10-21')"
20241022,10/22/2024,2,22,2122,Tuesday,Tue,Weekday,43,308,10/21/2024,20241021,10,70,October,Oct,4,2024,202410,4,2,2025,Not Month End,10/22/2023,,"insert into Date_Dimension values(20241022, '2024-10-22',2, 22, 2122, 'Tuesday', 'Tue', 'Weekday', 43, 308, '2024-10-21', 20241021, 10, 70, 'October', 'Oct', 4, 2024, 202410, 4, 2, 2025, 'Not Month End', '2023-10-22')"
20241023,10/23/2024,3,23,2123,Wednesday,Wed,Weekday,43,308,10/21/2024,20241021,10,70,October,Oct,4,2024,202410,4,2,2025,Not Month End,10/23/2023,,"insert into Date_Dimension values(20241023, '2024-10-23',3, 23, 2123, 'Wednesday', 'Wed', 'Weekday', 43, 308, '2024-10-21', 20241021, 10, 70, 'October', 'Oct', 4, 2024, 202410, 4, 2, 2025, 'Not Month End', '2023-10-23')"
20241024,10/24/2024,4,24,2124,Thursday,Thu,Weekday,43,308,10/21/2024,20241021,10,70,October,Oct,4,2024,202410,4,2,2025,Not Month End,10/24/2023,,"insert into Date_Dimension values(20241024, '2024-10-24',4, 24, 2124, 'Thursday', 'Thu', 'Weekday', 43, 308, '2024-10-21', 20241021, 10, 70, 'October', 'Oct', 4, 2024, 202410, 4, 2, 2025, 'Not Month End', '2023-10-24')"
20241025,10/25/2024,5,25,2125,Friday,Fri,Weekday,43,308,10/21/2024,20241021,10,70,October,Oct,4,2024,202410,4,2,2025,Not Month End,10/25/2023,,"insert into Date_Dimension values(20241025, '2024-10-25',5, 25, 2125, 'Friday', 'Fri', 'Weekday', 43, 308, '2024-10-21', 20241021, 10, 70, 'October', 'Oct', 4, 2024, 202410, 4, 2, 2025, 'Not Month End', '2023-10-25')"
20241026,10/26/2024,6,26,2126,Saturday,Sat,Weekend,43,308,10/21/2024,20241021,10,70,October,Oct,4,2024,202410,4,2,2025,Not Month End,10/26/2023,,"insert into Date_Dimension values(20241026, '2024-10-26',6, 26, 2126, 'Saturday', 'Sat', 'Weekend', 43, 308, '2024-10-21', 20241021, 10, 70, 'October', 'Oct', 4, 2024, 202410, 4, 2, 2025, 'Not Month End', '2023-10-26')"
20241027,10/27/2024,7,27,2127,Sunday,Sun,Weekend,43,308,10/21/2024,20241021,10,70,October,Oct,4,2024,202410,4,2,2025,Not Month End,10/27/2023,,"insert into Date_Dimension values(20241027, '2024-10-27',7, 27, 2127, 'Sunday', 'Sun', 'Weekend', 43, 308, '2024-10-21', 20241021, 10, 70, 'October', 'Oct', 4, 2024, 202410, 4, 2, 2025, 'Not Month End', '2023-10-27')"
20241028,10/28/2024,1,28,2128,Monday,Mon,Weekday,44,309,10/28/2024,20241028,10,70,October,Oct,4,2024,202410,4,2,2025,Not Month End,10/28/2023,,"insert into Date_Dimension values(20241028, '2024-10-28',1, 28, 2128, 'Monday', 'Mon', 'Weekday', 44, 309, '2024-10-28', 20241028, 10, 70, 'October', 'Oct', 4, 2024, 202410, 4, 2, 2025, 'Not Month End', '2023-10-28')"
20241029,10/29/2024,2,29,2129,Tuesday,Tue,Weekday,44,309,10/28/2024,20241028,10,70,October,Oct,4,2024,202410,4,2,2025,Not Month End,10/29/2023,,"insert into Date_Dimension values(20241029, '2024-10-29',2, 29, 2129, 'Tuesday', 'Tue', 'Weekday', 44, 309, '2024-10-28', 20241028, 10, 70, 'October', 'Oct', 4, 2024, 202410, 4, 2, 2025, 'Not Month End', '2023-10-29')"
20241030,10/30/2024,3,30,2130,Wednesday,Wed,Weekday,44,309,10/28/2024,20241028,10,70,October,Oct,4,2024,202410,4,2,2025,Not Month End,10/30/2023,,"insert into Date_Dimension values(20241030, '2024-10-30',3, 30, 2130, 'Wednesday', 'Wed', 'Weekday', 44, 309, '2024-10-28', 20241028, 10, 70, 'October', 'Oct', 4, 2024, 202410, 4, 2, 2025, 'Not Month End', '2023-10-30')"
20241031,10/31/2024,4,31,2131,Thursday,Thu,Weekday,44,309,10/28/2024,20241028,10,70,October,Oct,4,2024,202410,4,2,2025,Month End,10/31/2023,,"insert into Date_Dimension values(20241031, '2024-10-31',4, 31, 2131, 'Thursday', 'Thu', 'Weekday', 44, 309, '2024-10-28', 20241028, 10, 70, 'October', 'Oct', 4, 2024, 202410, 4, 2, 2025, 'Month End', '2023-10-31')"
20241101,11/1/2024,5,1,2132,Friday,Fri,Weekday,44,309,10/28/2024,20241028,11,71,November,Nov,4,2024,202411,5,2,2025,Not Month End,11/1/2023,,"insert into Date_Dimension values(20241101, '2024-11-1',5, 1, 2132, 'Friday', 'Fri', 'Weekday', 44, 309, '2024-10-28', 20241028, 11, 71, 'November', 'Nov', 4, 2024, 202411, 5, 2, 2025, 'Not Month End', '2023-11-1')"
20241102,11/2/2024,6,2,2133,Saturday,Sat,Weekend,44,309,10/28/2024,20241028,11,71,November,Nov,4,2024,202411,5,2,2025,Not Month End,11/2/2023,,"insert into Date_Dimension values(20241102, '2024-11-2',6, 2, 2133, 'Saturday', 'Sat', 'Weekend', 44, 309, '2024-10-28', 20241028, 11, 71, 'November', 'Nov', 4, 2024, 202411, 5, 2, 2025, 'Not Month End', '2023-11-2')"
20241103,11/3/2024,7,3,2134,Sunday,Sun,Weekend,44,309,10/28/2024,20241028,11,71,November,Nov,4,2024,202411,5,2,2025,Not Month End,11/3/2023,,"insert into Date_Dimension values(20241103, '2024-11-3',7, 3, 2134, 'Sunday', 'Sun', 'Weekend', 44, 309, '2024-10-28', 20241028, 11, 71, 'November', 'Nov', 4, 2024, 202411, 5, 2, 2025, 'Not Month End', '2023-11-3')"
20241104,11/4/2024,1,4,2135,Monday,Mon,Weekday,45,310,11/4/2024,20241104,11,71,November,Nov,4,2024,202411,5,2,2025,Not Month End,11/4/2023,,"insert into Date_Dimension values(20241104, '2024-11-4',1, 4, 2135, 'Monday', 'Mon', 'Weekday', 45, 310, '2024-11-4', 20241104, 11, 71, 'November', 'Nov', 4, 2024, 202411, 5, 2, 2025, 'Not Month End', '2023-11-4')"
20241105,11/5/2024,2,5,2136,Tuesday,Tue,Weekday,45,310,11/4/2024,20241104,11,71,November,Nov,4,2024,202411,5,2,2025,Not Month End,11/5/2023,,"insert into Date_Dimension values(20241105, '2024-11-5',2, 5, 2136, 'Tuesday', 'Tue', 'Weekday', 45, 310, '2024-11-4', 20241104, 11, 71, 'November', 'Nov', 4, 2024, 202411, 5, 2, 2025, 'Not Month End', '2023-11-5')"
20241106,11/6/2024,3,6,2137,Wednesday,Wed,Weekday,45,310,11/4/2024,20241104,11,71,November,Nov,4,2024,202411,5,2,2025,Not Month End,11/6/2023,,"insert into Date_Dimension values(20241106, '2024-11-6',3, 6, 2137, 'Wednesday', 'Wed', 'Weekday', 45, 310, '2024-11-4', 20241104, 11, 71, 'November', 'Nov', 4, 2024, 202411, 5, 2, 2025, 'Not Month End', '2023-11-6')"
20241107,11/7/2024,4,7,2138,Thursday,Thu,Weekday,45,310,11/4/2024,20241104,11,71,November,Nov,4,2024,202411,5,2,2025,Not Month End,11/7/2023,,"insert into Date_Dimension values(20241107, '2024-11-7',4, 7, 2138, 'Thursday', 'Thu', 'Weekday', 45, 310, '2024-11-4', 20241104, 11, 71, 'November', 'Nov', 4, 2024, 202411, 5, 2, 2025, 'Not Month End', '2023-11-7')"
20241108,11/8/2024,5,8,2139,Friday,Fri,Weekday,45,310,11/4/2024,20241104,11,71,November,Nov,4,2024,202411,5,2,2025,Not Month End,11/8/2023,,"insert into Date_Dimension values(20241108, '2024-11-8',5, 8, 2139, 'Friday', 'Fri', 'Weekday', 45, 310, '2024-11-4', 20241104, 11, 71, 'November', 'Nov', 4, 2024, 202411, 5, 2, 2025, 'Not Month End', '2023-11-8')"
20241109,11/9/2024,6,9,2140,Saturday,Sat,Weekend,45,310,11/4/2024,20241104,11,71,November,Nov,4,2024,202411,5,2,2025,Not Month End,11/9/2023,,"insert into Date_Dimension values(20241109, '2024-11-9',6, 9, 2140, 'Saturday', 'Sat', 'Weekend', 45, 310, '2024-11-4', 20241104, 11, 71, 'November', 'Nov', 4, 2024, 202411, 5, 2, 2025, 'Not Month End', '2023-11-9')"
20241110,11/10/2024,7,10,2141,Sunday,Sun,Weekend,45,310,11/4/2024,20241104,11,71,November,Nov,4,2024,202411,5,2,2025,Not Month End,11/10/2023,,"insert into Date_Dimension values(20241110, '2024-11-10',7, 10, 2141, 'Sunday', 'Sun', 'Weekend', 45, 310, '2024-11-4', 20241104, 11, 71, 'November', 'Nov', 4, 2024, 202411, 5, 2, 2025, 'Not Month End', '2023-11-10')"
20241111,11/11/2024,1,11,2142,Monday,Mon,Weekday,46,311,11/11/2024,20241111,11,71,November,Nov,4,2024,202411,5,2,2025,Not Month End,11/11/2023,,"insert into Date_Dimension values(20241111, '2024-11-11',1, 11, 2142, 'Monday', 'Mon', 'Weekday', 46, 311, '2024-11-11', 20241111, 11, 71, 'November', 'Nov', 4, 2024, 202411, 5, 2, 2025, 'Not Month End', '2023-11-11')"
20241112,11/12/2024,2,12,2143,Tuesday,Tue,Weekday,46,311,11/11/2024,20241111,11,71,November,Nov,4,2024,202411,5,2,2025,Not Month End,11/12/2023,,"insert into Date_Dimension values(20241112, '2024-11-12',2, 12, 2143, 'Tuesday', 'Tue', 'Weekday', 46, 311, '2024-11-11', 20241111, 11, 71, 'November', 'Nov', 4, 2024, 202411, 5, 2, 2025, 'Not Month End', '2023-11-12')"
20241113,11/13/2024,3,13,2144,Wednesday,Wed,Weekday,46,311,11/11/2024,20241111,11,71,November,Nov,4,2024,202411,5,2,2025,Not Month End,11/13/2023,,"insert into Date_Dimension values(20241113, '2024-11-13',3, 13, 2144, 'Wednesday', 'Wed', 'Weekday', 46, 311, '2024-11-11', 20241111, 11, 71, 'November', 'Nov', 4, 2024, 202411, 5, 2, 2025, 'Not Month End', '2023-11-13')"
20241114,11/14/2024,4,14,2145,Thursday,Thu,Weekday,46,311,11/11/2024,20241111,11,71,November,Nov,4,2024,202411,5,2,2025,Not Month End,11/14/2023,,"insert into Date_Dimension values(20241114, '2024-11-14',4, 14, 2145, 'Thursday', 'Thu', 'Weekday', 46, 311, '2024-11-11', 20241111, 11, 71, 'November', 'Nov', 4, 2024, 202411, 5, 2, 2025, 'Not Month End', '2023-11-14')"
20241115,11/15/2024,5,15,2146,Friday,Fri,Weekday,46,311,11/11/2024,20241111,11,71,November,Nov,4,2024,202411,5,2,2025,Not Month End,11/15/2023,,"insert into Date_Dimension values(20241115, '2024-11-15',5, 15, 2146, 'Friday', 'Fri', 'Weekday', 46, 311, '2024-11-11', 20241111, 11, 71, 'November', 'Nov', 4, 2024, 202411, 5, 2, 2025, 'Not Month End', '2023-11-15')"
20241116,11/16/2024,6,16,2147,Saturday,Sat,Weekend,46,311,11/11/2024,20241111,11,71,November,Nov,4,2024,202411,5,2,2025,Not Month End,11/16/2023,,"insert into Date_Dimension values(20241116, '2024-11-16',6, 16, 2147, 'Saturday', 'Sat', 'Weekend', 46, 311, '2024-11-11', 20241111, 11, 71, 'November', 'Nov', 4, 2024, 202411, 5, 2, 2025, 'Not Month End', '2023-11-16')"
20241117,11/17/2024,7,17,2148,Sunday,Sun,Weekend,46,311,11/11/2024,20241111,11,71,November,Nov,4,2024,202411,5,2,2025,Not Month End,11/17/2023,,"insert into Date_Dimension values(20241117, '2024-11-17',7, 17, 2148, 'Sunday', 'Sun', 'Weekend', 46, 311, '2024-11-11', 20241111, 11, 71, 'November', 'Nov', 4, 2024, 202411, 5, 2, 2025, 'Not Month End', '2023-11-17')"
20241118,11/18/2024,1,18,2149,Monday,Mon,Weekday,47,312,11/18/2024,20241118,11,71,November,Nov,4,2024,202411,5,2,2025,Not Month End,11/18/2023,,"insert into Date_Dimension values(20241118, '2024-11-18',1, 18, 2149, 'Monday', 'Mon', 'Weekday', 47, 312, '2024-11-18', 20241118, 11, 71, 'November', 'Nov', 4, 2024, 202411, 5, 2, 2025, 'Not Month End', '2023-11-18')"
20241119,11/19/2024,2,19,2150,Tuesday,Tue,Weekday,47,312,11/18/2024,20241118,11,71,November,Nov,4,2024,202411,5,2,2025,Not Month End,11/19/2023,,"insert into Date_Dimension values(20241119, '2024-11-19',2, 19, 2150, 'Tuesday', 'Tue', 'Weekday', 47, 312, '2024-11-18', 20241118, 11, 71, 'November', 'Nov', 4, 2024, 202411, 5, 2, 2025, 'Not Month End', '2023-11-19')"
20241120,11/20/2024,3,20,2151,Wednesday,Wed,Weekday,47,312,11/18/2024,20241118,11,71,November,Nov,4,2024,202411,5,2,2025,Not Month End,11/20/2023,,"insert into Date_Dimension values(20241120, '2024-11-20',3, 20, 2151, 'Wednesday', 'Wed', 'Weekday', 47, 312, '2024-11-18', 20241118, 11, 71, 'November', 'Nov', 4, 2024, 202411, 5, 2, 2025, 'Not Month End', '2023-11-20')"
20241121,11/21/2024,4,21,2152,Thursday,Thu,Weekday,47,312,11/18/2024,20241118,11,71,November,Nov,4,2024,202411,5,2,2025,Not Month End,11/21/2023,,"insert into Date_Dimension values(20241121, '2024-11-21',4, 21, 2152, 'Thursday', 'Thu', 'Weekday', 47, 312, '2024-11-18', 20241118, 11, 71, 'November', 'Nov', 4, 2024, 202411, 5, 2, 2025, 'Not Month End', '2023-11-21')"
20241122,11/22/2024,5,22,2153,Friday,Fri,Weekday,47,312,11/18/2024,20241118,11,71,November,Nov,4,2024,202411,5,2,2025,Not Month End,11/22/2023,,"insert into Date_Dimension values(20241122, '2024-11-22',5, 22, 2153, 'Friday', 'Fri', 'Weekday', 47, 312, '2024-11-18', 20241118, 11, 71, 'November', 'Nov', 4, 2024, 202411, 5, 2, 2025, 'Not Month End', '2023-11-22')"
20241123,11/23/2024,6,23,2154,Saturday,Sat,Weekend,47,312,11/18/2024,20241118,11,71,November,Nov,4,2024,202411,5,2,2025,Not Month End,11/23/2023,,"insert into Date_Dimension values(20241123, '2024-11-23',6, 23, 2154, 'Saturday', 'Sat', 'Weekend', 47, 312, '2024-11-18', 20241118, 11, 71, 'November', 'Nov', 4, 2024, 202411, 5, 2, 2025, 'Not Month End', '2023-11-23')"
20241124,11/24/2024,7,24,2155,Sunday,Sun,Weekend,47,312,11/18/2024,20241118,11,71,November,Nov,4,2024,202411,5,2,2025,Not Month End,11/24/2023,,"insert into Date_Dimension values(20241124, '2024-11-24',7, 24, 2155, 'Sunday', 'Sun', 'Weekend', 47, 312, '2024-11-18', 20241118, 11, 71, 'November', 'Nov', 4, 2024, 202411, 5, 2, 2025, 'Not Month End', '2023-11-24')"
20241125,11/25/2024,1,25,2156,Monday,Mon,Weekday,48,313,11/25/2024,20241125,11,71,November,Nov,4,2024,202411,5,2,2025,Not Month End,11/25/2023,,"insert into Date_Dimension values(20241125, '2024-11-25',1, 25, 2156, 'Monday', 'Mon', 'Weekday', 48, 313, '2024-11-25', 20241125, 11, 71, 'November', 'Nov', 4, 2024, 202411, 5, 2, 2025, 'Not Month End', '2023-11-25')"
20241126,11/26/2024,2,26,2157,Tuesday,Tue,Weekday,48,313,11/25/2024,20241125,11,71,November,Nov,4,2024,202411,5,2,2025,Not Month End,11/26/2023,,"insert into Date_Dimension values(20241126, '2024-11-26',2, 26, 2157, 'Tuesday', 'Tue', 'Weekday', 48, 313, '2024-11-25', 20241125, 11, 71, 'November', 'Nov', 4, 2024, 202411, 5, 2, 2025, 'Not Month End', '2023-11-26')"
20241127,11/27/2024,3,27,2158,Wednesday,Wed,Weekday,48,313,11/25/2024,20241125,11,71,November,Nov,4,2024,202411,5,2,2025,Not Month End,11/27/2023,,"insert into Date_Dimension values(20241127, '2024-11-27',3, 27, 2158, 'Wednesday', 'Wed', 'Weekday', 48, 313, '2024-11-25', 20241125, 11, 71, 'November', 'Nov', 4, 2024, 202411, 5, 2, 2025, 'Not Month End', '2023-11-27')"
20241128,11/28/2024,4,28,2159,Thursday,Thu,Weekday,48,313,11/25/2024,20241125,11,71,November,Nov,4,2024,202411,5,2,2025,Not Month End,11/28/2023,,"insert into Date_Dimension values(20241128, '2024-11-28',4, 28, 2159, 'Thursday', 'Thu', 'Weekday', 48, 313, '2024-11-25', 20241125, 11, 71, 'November', 'Nov', 4, 2024, 202411, 5, 2, 2025, 'Not Month End', '2023-11-28')"
20241129,11/29/2024,5,29,2160,Friday,Fri,Weekday,48,313,11/25/2024,20241125,11,71,November,Nov,4,2024,202411,5,2,2025,Not Month End,11/29/2023,,"insert into Date_Dimension values(20241129, '2024-11-29',5, 29, 2160, 'Friday', 'Fri', 'Weekday', 48, 313, '2024-11-25', 20241125, 11, 71, 'November', 'Nov', 4, 2024, 202411, 5, 2, 2025, 'Not Month End', '2023-11-29')"
20241130,11/30/2024,6,30,2161,Saturday,Sat,Weekend,48,313,11/25/2024,20241125,11,71,November,Nov,4,2024,202411,5,2,2025,Month End,11/30/2023,,"insert into Date_Dimension values(20241130, '2024-11-30',6, 30, 2161, 'Saturday', 'Sat', 'Weekend', 48, 313, '2024-11-25', 20241125, 11, 71, 'November', 'Nov', 4, 2024, 202411, 5, 2, 2025, 'Month End', '2023-11-30')"
20241201,12/1/2024,7,1,2162,Sunday,Sun,Weekend,48,313,11/25/2024,20241125,12,72,December,Dec,4,2024,202412,6,2,2025,Not Month End,12/1/2023,,"insert into Date_Dimension values(20241201, '2024-12-1',7, 1, 2162, 'Sunday', 'Sun', 'Weekend', 48, 313, '2024-11-25', 20241125, 12, 72, 'December', 'Dec', 4, 2024, 202412, 6, 2, 2025, 'Not Month End', '2023-12-1')"
20241202,12/2/2024,1,2,2163,Monday,Mon,Weekday,49,314,12/2/2024,20241202,12,72,December,Dec,4,2024,202412,6,2,2025,Not Month End,12/2/2023,,"insert into Date_Dimension values(20241202, '2024-12-2',1, 2, 2163, 'Monday', 'Mon', 'Weekday', 49, 314, '2024-12-2', 20241202, 12, 72, 'December', 'Dec', 4, 2024, 202412, 6, 2, 2025, 'Not Month End', '2023-12-2')"
20241203,12/3/2024,2,3,2164,Tuesday,Tue,Weekday,49,314,12/2/2024,20241202,12,72,December,Dec,4,2024,202412,6,2,2025,Not Month End,12/3/2023,,"insert into Date_Dimension values(20241203, '2024-12-3',2, 3, 2164, 'Tuesday', 'Tue', 'Weekday', 49, 314, '2024-12-2', 20241202, 12, 72, 'December', 'Dec', 4, 2024, 202412, 6, 2, 2025, 'Not Month End', '2023-12-3')"
20241204,12/4/2024,3,4,2165,Wednesday,Wed,Weekday,49,314,12/2/2024,20241202,12,72,December,Dec,4,2024,202412,6,2,2025,Not Month End,12/4/2023,,"insert into Date_Dimension values(20241204, '2024-12-4',3, 4, 2165, 'Wednesday', 'Wed', 'Weekday', 49, 314, '2024-12-2', 20241202, 12, 72, 'December', 'Dec', 4, 2024, 202412, 6, 2, 2025, 'Not Month End', '2023-12-4')"
20241205,12/5/2024,4,5,2166,Thursday,Thu,Weekday,49,314,12/2/2024,20241202,12,72,December,Dec,4,2024,202412,6,2,2025,Not Month End,12/5/2023,,"insert into Date_Dimension values(20241205, '2024-12-5',4, 5, 2166, 'Thursday', 'Thu', 'Weekday', 49, 314, '2024-12-2', 20241202, 12, 72, 'December', 'Dec', 4, 2024, 202412, 6, 2, 2025, 'Not Month End', '2023-12-5')"
20241206,12/6/2024,5,6,2167,Friday,Fri,Weekday,49,314,12/2/2024,20241202,12,72,December,Dec,4,2024,202412,6,2,2025,Not Month End,12/6/2023,,"insert into Date_Dimension values(20241206, '2024-12-6',5, 6, 2167, 'Friday', 'Fri', 'Weekday', 49, 314, '2024-12-2', 20241202, 12, 72, 'December', 'Dec', 4, 2024, 202412, 6, 2, 2025, 'Not Month End', '2023-12-6')"
20241207,12/7/2024,6,7,2168,Saturday,Sat,Weekend,49,314,12/2/2024,20241202,12,72,December,Dec,4,2024,202412,6,2,2025,Not Month End,12/7/2023,,"insert into Date_Dimension values(20241207, '2024-12-7',6, 7, 2168, 'Saturday', 'Sat', 'Weekend', 49, 314, '2024-12-2', 20241202, 12, 72, 'December', 'Dec', 4, 2024, 202412, 6, 2, 2025, 'Not Month End', '2023-12-7')"
20241208,12/8/2024,7,8,2169,Sunday,Sun,Weekend,49,314,12/2/2024,20241202,12,72,December,Dec,4,2024,202412,6,2,2025,Not Month End,12/8/2023,,"insert into Date_Dimension values(20241208, '2024-12-8',7, 8, 2169, 'Sunday', 'Sun', 'Weekend', 49, 314, '2024-12-2', 20241202, 12, 72, 'December', 'Dec', 4, 2024, 202412, 6, 2, 2025, 'Not Month End', '2023-12-8')"
20241209,12/9/2024,1,9,2170,Monday,Mon,Weekday,50,315,12/9/2024,20241209,12,72,December,Dec,4,2024,202412,6,2,2025,Not Month End,12/9/2023,,"insert into Date_Dimension values(20241209, '2024-12-9',1, 9, 2170, 'Monday', 'Mon', 'Weekday', 50, 315, '2024-12-9', 20241209, 12, 72, 'December', 'Dec', 4, 2024, 202412, 6, 2, 2025, 'Not Month End', '2023-12-9')"
20241210,12/10/2024,2,10,2171,Tuesday,Tue,Weekday,50,315,12/9/2024,20241209,12,72,December,Dec,4,2024,202412,6,2,2025,Not Month End,12/10/2023,,"insert into Date_Dimension values(20241210, '2024-12-10',2, 10, 2171, 'Tuesday', 'Tue', 'Weekday', 50, 315, '2024-12-9', 20241209, 12, 72, 'December', 'Dec', 4, 2024, 202412, 6, 2, 2025, 'Not Month End', '2023-12-10')"
20241211,12/11/2024,3,11,2172,Wednesday,Wed,Weekday,50,315,12/9/2024,20241209,12,72,December,Dec,4,2024,202412,6,2,2025,Not Month End,12/11/2023,,"insert into Date_Dimension values(20241211, '2024-12-11',3, 11, 2172, 'Wednesday', 'Wed', 'Weekday', 50, 315, '2024-12-9', 20241209, 12, 72, 'December', 'Dec', 4, 2024, 202412, 6, 2, 2025, 'Not Month End', '2023-12-11')"
20241212,12/12/2024,4,12,2173,Thursday,Thu,Weekday,50,315,12/9/2024,20241209,12,72,December,Dec,4,2024,202412,6,2,2025,Not Month End,12/12/2023,,"insert into Date_Dimension values(20241212, '2024-12-12',4, 12, 2173, 'Thursday', 'Thu', 'Weekday', 50, 315, '2024-12-9', 20241209, 12, 72, 'December', 'Dec', 4, 2024, 202412, 6, 2, 2025, 'Not Month End', '2023-12-12')"
20241213,12/13/2024,5,13,2174,Friday,Fri,Weekday,50,315,12/9/2024,20241209,12,72,December,Dec,4,2024,202412,6,2,2025,Not Month End,12/13/2023,,"insert into Date_Dimension values(20241213, '2024-12-13',5, 13, 2174, 'Friday', 'Fri', 'Weekday', 50, 315, '2024-12-9', 20241209, 12, 72, 'December', 'Dec', 4, 2024, 202412, 6, 2, 2025, 'Not Month End', '2023-12-13')"
20241214,12/14/2024,6,14,2175,Saturday,Sat,Weekend,50,315,12/9/2024,20241209,12,72,December,Dec,4,2024,202412,6,2,2025,Not Month End,12/14/2023,,"insert into Date_Dimension values(20241214, '2024-12-14',6, 14, 2175, 'Saturday', 'Sat', 'Weekend', 50, 315, '2024-12-9', 20241209, 12, 72, 'December', 'Dec', 4, 2024, 202412, 6, 2, 2025, 'Not Month End', '2023-12-14')"
20241215,12/15/2024,7,15,2176,Sunday,Sun,Weekend,50,315,12/9/2024,20241209,12,72,December,Dec,4,2024,202412,6,2,2025,Not Month End,12/15/2023,,"insert into Date_Dimension values(20241215, '2024-12-15',7, 15, 2176, 'Sunday', 'Sun', 'Weekend', 50, 315, '2024-12-9', 20241209, 12, 72, 'December', 'Dec', 4, 2024, 202412, 6, 2, 2025, 'Not Month End', '2023-12-15')"
20241216,12/16/2024,1,16,2177,Monday,Mon,Weekday,51,316,12/16/2024,20241216,12,72,December,Dec,4,2024,202412,6,2,2025,Not Month End,12/16/2023,,"insert into Date_Dimension values(20241216, '2024-12-16',1, 16, 2177, 'Monday', 'Mon', 'Weekday', 51, 316, '2024-12-16', 20241216, 12, 72, 'December', 'Dec', 4, 2024, 202412, 6, 2, 2025, 'Not Month End', '2023-12-16')"
20241217,12/17/2024,2,17,2178,Tuesday,Tue,Weekday,51,316,12/16/2024,20241216,12,72,December,Dec,4,2024,202412,6,2,2025,Not Month End,12/17/2023,,"insert into Date_Dimension values(20241217, '2024-12-17',2, 17, 2178, 'Tuesday', 'Tue', 'Weekday', 51, 316, '2024-12-16', 20241216, 12, 72, 'December', 'Dec', 4, 2024, 202412, 6, 2, 2025, 'Not Month End', '2023-12-17')"
20241218,12/18/2024,3,18,2179,Wednesday,Wed,Weekday,51,316,12/16/2024,20241216,12,72,December,Dec,4,2024,202412,6,2,2025,Not Month End,12/18/2023,,"insert into Date_Dimension values(20241218, '2024-12-18',3, 18, 2179, 'Wednesday', 'Wed', 'Weekday', 51, 316, '2024-12-16', 20241216, 12, 72, 'December', 'Dec', 4, 2024, 202412, 6, 2, 2025, 'Not Month End', '2023-12-18')"
20241219,12/19/2024,4,19,2180,Thursday,Thu,Weekday,51,316,12/16/2024,20241216,12,72,December,Dec,4,2024,202412,6,2,2025,Not Month End,12/19/2023,,"insert into Date_Dimension values(20241219, '2024-12-19',4, 19, 2180, 'Thursday', 'Thu', 'Weekday', 51, 316, '2024-12-16', 20241216, 12, 72, 'December', 'Dec', 4, 2024, 202412, 6, 2, 2025, 'Not Month End', '2023-12-19')"
20241220,12/20/2024,5,20,2181,Friday,Fri,Weekday,51,316,12/16/2024,20241216,12,72,December,Dec,4,2024,202412,6,2,2025,Not Month End,12/20/2023,,"insert into Date_Dimension values(20241220, '2024-12-20',5, 20, 2181, 'Friday', 'Fri', 'Weekday', 51, 316, '2024-12-16', 20241216, 12, 72, 'December', 'Dec', 4, 2024, 202412, 6, 2, 2025, 'Not Month End', '2023-12-20')"
20241221,12/21/2024,6,21,2182,Saturday,Sat,Weekend,51,316,12/16/2024,20241216,12,72,December,Dec,4,2024,202412,6,2,2025,Not Month End,12/21/2023,,"insert into Date_Dimension values(20241221, '2024-12-21',6, 21, 2182, 'Saturday', 'Sat', 'Weekend', 51, 316, '2024-12-16', 20241216, 12, 72, 'December', 'Dec', 4, 2024, 202412, 6, 2, 2025, 'Not Month End', '2023-12-21')"
20241222,12/22/2024,7,22,2183,Sunday,Sun,Weekend,51,316,12/16/2024,20241216,12,72,December,Dec,4,2024,202412,6,2,2025,Not Month End,12/22/2023,,"insert into Date_Dimension values(20241222, '2024-12-22',7, 22, 2183, 'Sunday', 'Sun', 'Weekend', 51, 316, '2024-12-16', 20241216, 12, 72, 'December', 'Dec', 4, 2024, 202412, 6, 2, 2025, 'Not Month End', '2023-12-22')"
20241223,12/23/2024,1,23,2184,Monday,Mon,Weekday,52,317,12/23/2024,20241223,12,72,December,Dec,4,2024,202412,6,2,2025,Not Month End,12/23/2023,,"insert into Date_Dimension values(20241223, '2024-12-23',1, 23, 2184, 'Monday', 'Mon', 'Weekday', 52, 317, '2024-12-23', 20241223, 12, 72, 'December', 'Dec', 4, 2024, 202412, 6, 2, 2025, 'Not Month End', '2023-12-23')"
20241224,12/24/2024,2,24,2185,Tuesday,Tue,Weekday,52,317,12/23/2024,20241223,12,72,December,Dec,4,2024,202412,6,2,2025,Not Month End,12/24/2023,,"insert into Date_Dimension values(20241224, '2024-12-24',2, 24, 2185, 'Tuesday', 'Tue', 'Weekday', 52, 317, '2024-12-23', 20241223, 12, 72, 'December', 'Dec', 4, 2024, 202412, 6, 2, 2025, 'Not Month End', '2023-12-24')"
20241225,12/25/2024,3,25,2186,Wednesday,Wed,Weekday,52,317,12/23/2024,20241223,12,72,December,Dec,4,2024,202412,6,2,2025,Not Month End,12/25/2023,,"insert into Date_Dimension values(20241225, '2024-12-25',3, 25, 2186, 'Wednesday', 'Wed', 'Weekday', 52, 317, '2024-12-23', 20241223, 12, 72, 'December', 'Dec', 4, 2024, 202412, 6, 2, 2025, 'Not Month End', '2023-12-25')"
20241226,12/26/2024,4,26,2187,Thursday,Thu,Weekday,52,317,12/23/2024,20241223,12,72,December,Dec,4,2024,202412,6,2,2025,Not Month End,12/26/2023,,"insert into Date_Dimension values(20241226, '2024-12-26',4, 26, 2187, 'Thursday', 'Thu', 'Weekday', 52, 317, '2024-12-23', 20241223, 12, 72, 'December', 'Dec', 4, 2024, 202412, 6, 2, 2025, 'Not Month End', '2023-12-26')"
20241227,12/27/2024,5,27,2188,Friday,Fri,Weekday,52,317,12/23/2024,20241223,12,72,December,Dec,4,2024,202412,6,2,2025,Not Month End,12/27/2023,,"insert into Date_Dimension values(20241227, '2024-12-27',5, 27, 2188, 'Friday', 'Fri', 'Weekday', 52, 317, '2024-12-23', 20241223, 12, 72, 'December', 'Dec', 4, 2024, 202412, 6, 2, 2025, 'Not Month End', '2023-12-27')"
20241228,12/28/2024,6,28,2189,Saturday,Sat,Weekend,52,317,12/23/2024,20241223,12,72,December,Dec,4,2024,202412,6,2,2025,Not Month End,12/28/2023,,"insert into Date_Dimension values(20241228, '2024-12-28',6, 28, 2189, 'Saturday', 'Sat', 'Weekend', 52, 317, '2024-12-23', 20241223, 12, 72, 'December', 'Dec', 4, 2024, 202412, 6, 2, 2025, 'Not Month End', '2023-12-28')"
20241229,12/29/2024,7,29,2190,Sunday,Sun,Weekend,52,317,12/23/2024,20241223,12,72,December,Dec,4,2024,202412,6,2,2025,Not Month End,12/29/2023,,"insert into Date_Dimension values(20241229, '2024-12-29',7, 29, 2190, 'Sunday', 'Sun', 'Weekend', 52, 317, '2024-12-23', 20241223, 12, 72, 'December', 'Dec', 4, 2024, 202412, 6, 2, 2025, 'Not Month End', '2023-12-29')"
20241230,12/30/2024,1,30,2191,Monday,Mon,Weekday,53,318,12/30/2024,20241230,12,72,December,Dec,4,2024,202412,6,2,2025,Not Month End,12/30/2023,,"insert into Date_Dimension values(20241230, '2024-12-30',1, 30, 2191, 'Monday', 'Mon', 'Weekday', 53, 318, '2024-12-30', 20241230, 12, 72, 'December', 'Dec', 4, 2024, 202412, 6, 2, 2025, 'Not Month End', '2023-12-30')"
