Date_Key,Full_Date,Day_Of_Week,Day_Num_In_Month,Day_Name,Month,Month_Name,Quarter,Year
20130101,2013-01-01,2,1,Tuesday,1,January,1,2013
20130102,2013-01-02,3,2,Wednesday,1,January,1,2013
20130103,2013-01-03,4,3,Thursday,1,January,1,2013
20130104,2013-01-04,5,4,Friday,1,January,1,2013
20130105,2013-01-05,6,5,Saturday,1,January,1,2013
20130106,2013-01-06,7,6,Sunday,1,January,1,2013
20130107,2013-01-07,1,7,Monday,1,January,1,2013
20130108,2013-01-08,2,8,Tuesday,1,January,1,2013
20130109,2013-01-09,3,9,Wednesday,1,January,1,2013
20130110,2013-01-10,4,10,Thursday,1,January,1,2013
20130111,2013-01-11,5,11,Friday,1,January,1,2013
20130112,2013-01-12,6,12,Saturday,1,January,1,2013
20130113,2013-01-13,7,13,Sunday,1,January,1,2013
20130114,2013-01-14,1,14,Monday,1,January,1,2013
20130115,2013-01-15,2,15,Tuesday,1,January,1,2013
20130116,2013-01-16,3,16,Wednesday,1,January,1,2013
20130117,2013-01-17,4,17,Thursday,1,January,1,2013
20130118,2013-01-18,5,18,Friday,1,January,1,2013
20130119,2013-01-19,6,19,Saturday,1,January,1,2013
20130120,2013-01-20,7,20,Sunday,1,January,1,2013
20130121,2013-01-21,1,21,Monday,1,January,1,2013
20130122,2013-01-22,2,22,Tuesday,1,January,1,2013
20130123,2013-01-23,3,23,Wednesday,1,January,1,2013
20130124,2013-01-24,4,24,Thursday,1,January,1,2013
20130125,2013-01-25,5,25,Friday,1,January,1,2013
20130126,2013-01-26,6,26,Saturday,1,January,1,2013
20130127,2013-01-27,7,27,Sunday,1,January,1,2013
20130128,2013-01-28,1,28,Monday,1,January,1,2013
20130129,2013-01-29,2,29,Tuesday,1,January,1,2013
20130130,2013-01-30,3,30,Wednesday,1,January,1,2013
20130131,2013-01-31,4,31,Thursday,1,January,1,2013
20130201,2013-02-01,5,1,Friday,2,February,1,2013
20130202,2013-02-02,6,2,Saturday,2,February,1,2013
20130203,2013-02-03,7,3,Sunday,2,February,1,2013
20130204,2013-02-04,1,4,Monday,2,February,1,2013
20130205,2013-02-05,2,5,Tuesday,2,February,1,2013
20130206,2013-02-06,3,6,Wednesday,2,February,1,2013
20130207,2013-02-07,4,7,Thursday,2,February,1,2013
20130208,2013-02-08,5,8,Friday,2,February,1,2013
20130209,2013-02-09,6,9,Saturday,2,February,1,2013
20130210,2013-02-10,7,10,Sunday,2,February,1,2013
20130211,2013-02-11,1,11,Monday,2,February,1,2013
20130212,2013-02-12,2,12,Tuesday,2,February,1,2013
20130213,2013-02-13,3,13,Wednesday,2,February,1,2013
20130214,2013-02-14,4,14,Thursday,2,February,1,2013
20130215,2013-02-15,5,15,Friday,2,February,1,2013
20130216,2013-02-16,6,16,Saturday,2,February,1,2013
20130217,2013-02-17,7,17,Sunday,2,February,1,2013
20130218,2013-02-18,1,18,Monday,2,February,1,2013
20130219,2013-02-19,2,19,Tuesday,2,February,1,2013
20130220,2013-02-20,3,20,Wednesday,2,February,1,2013
20130221,2013-02-21,4,21,Thursday,2,February,1,2013
20130222,2013-02-22,5,22,Friday,2,February,1,2013
20130223,2013-02-23,6,23,Saturday,2,February,1,2013
20130224,2013-02-24,7,24,Sunday,2,February,1,2013
20130225,2013-02-25,1,25,Monday,2,February,1,2013
20130226,2013-02-26,2,26,Tuesday,2,February,1,2013
20130227,2013-02-27,3,27,Wednesday,2,February,1,2013
20130228,2013-02-28,4,28,Thursday,2,February,1,2013
20130301,2013-03-01,5,1,Friday,3,March,1,2013
20130302,2013-03-02,6,2,Saturday,3,March,1,2013
20130303,2013-03-03,7,3,Sunday,3,March,1,2013
20130304,2013-03-04,1,4,Monday,3,March,1,2013
20130305,2013-03-05,2,5,Tuesday,3,March,1,2013
20130306,2013-03-06,3,6,Wednesday,3,March,1,2013
20130307,2013-03-07,4,7,Thursday,3,March,1,2013
20130308,2013-03-08,5,8,Friday,3,March,1,2013
20130309,2013-03-09,6,9,Saturday,3,March,1,2013
20130310,2013-03-10,7,10,Sunday,3,March,1,2013
20130311,2013-03-11,1,11,Monday,3,March,1,2013
20130312,2013-03-12,2,12,Tuesday,3,March,1,2013
20130313,2013-03-13,3,13,Wednesday,3,March,1,2013
20130314,2013-03-14,4,14,Thursday,3,March,1,2013
20130315,2013-03-15,5,15,Friday,3,March,1,2013
20130316,2013-03-16,6,16,Saturday,3,March,1,2013
20130317,2013-03-17,7,17,Sunday,3,March,1,2013
20130318,2013-03-18,1,18,Monday,3,March,1,2013
20130319,2013-03-19,2,19,Tuesday,3,March,1,2013
20130320,2013-03-20,3,20,Wednesday,3,March,1,2013
20130321,2013-03-21,4,21,Thursday,3,March,1,2013
20130322,2013-03-22,5,22,Friday,3,March,1,2013
20130323,2013-03-23,6,23,Saturday,3,March,1,2013
20130324,2013-03-24,7,24,Sunday,3,March,1,2013
20130325,2013-03-25,1,25,Monday,3,March,1,2013
20130326,2013-03-26,2,26,Tuesday,3,March,1,2013
20130327,2013-03-27,3,27,Wednesday,3,March,1,2013
20130328,2013-03-28,4,28,Thursday,3,March,1,2013
20130329,2013-03-29,5,29,Friday,3,March,1,2013
20130330,2013-03-30,6,30,Saturday,3,March,1,2013
20130331,2013-03-31,7,31,Sunday,3,March,1,2013
20130401,2013-04-01,1,1,Monday,4,April,2,2013
20130402,2013-04-02,2,2,Tuesday,4,April,2,2013
20130403,2013-04-03,3,3,Wednesday,4,April,2,2013
20130404,2013-04-04,4,4,Thursday,4,April,2,2013
20130405,2013-04-05,5,5,Friday,4,April,2,2013
20130406,2013-04-06,6,6,Saturday,4,April,2,2013
20130407,2013-04-07,7,7,Sunday,4,April,2,2013
20130408,2013-04-08,1,8,Monday,4,April,2,2013
20130409,2013-04-09,2,9,Tuesday,4,April,2,2013
20130410,2013-04-10,3,10,Wednesday,4,April,2,2013
20130411,2013-04-11,4,11,Thursday,4,April,2,2013
20130412,2013-04-12,5,12,Friday,4,April,2,2013
20130413,2013-04-13,6,13,Saturday,4,April,2,2013
20130414,2013-04-14,7,14,Sunday,4,April,2,2013
20130415,2013-04-15,1,15,Monday,4,April,2,2013
20130416,2013-04-16,2,16,Tuesday,4,April,2,2013
20130417,2013-04-17,3,17,Wednesday,4,April,2,2013
20130418,2013-04-18,4,18,Thursday,4,April,2,2013
20130419,2013-04-19,5,19,Friday,4,April,2,2013
20130420,2013-04-20,6,20,Saturday,4,April,2,2013
20130421,2013-04-21,7,21,Sunday,4,April,2,2013
20130422,2013-04-22,1,22,Monday,4,April,2,2013
20130423,2013-04-23,2,23,Tuesday,4,April,2,2013
20130424,2013-04-24,3,24,Wednesday,4,April,2,2013
20130425,2013-04-25,4,25,Thursday,4,April,2,2013
20130426,2013-04-26,5,26,Friday,4,April,2,2013
20130427,2013-04-27,6,27,Saturday,4,April,2,2013
20130428,2013-04-28,7,28,Sunday,4,April,2,2013
20130429,2013-04-29,1,29,Monday,4,April,2,2013
20130430,2013-04-30,2,30,Tuesday,4,April,2,2013
20130501,2013-05-01,3,1,Wednesday,5,May,2,2013
20130502,2013-05-02,4,2,Thursday,5,May,2,2013
20130503,2013-05-03,5,3,Friday,5,May,2,2013
20130504,2013-05-04,6,4,Saturday,5,May,2,2013
20130505,2013-05-05,7,5,Sunday,5,May,2,2013
20130506,2013-05-06,1,6,Monday,5,May,2,2013
20130507,2013-05-07,2,7,Tuesday,5,May,2,2013
20130508,2013-05-08,3,8,Wednesday,5,May,2,2013
20130509,2013-05-09,4,9,Thursday,5,May,2,2013
20130510,2013-05-10,5,10,Friday,5,May,2,2013
20130511,2013-05-11,6,11,Saturday,5,May,2,2013
20130512,2013-05-12,7,12,Sunday,5,May,2,2013
20130513,2013-05-13,1,13,Monday,5,May,2,2013
20130514,2013-05-14,2,14,Tuesday,5,May,2,2013
20130515,2013-05-15,3,15,Wednesday,5,May,2,2013
20130516,2013-05-16,4,16,Thursday,5,May,2,2013
20130517,2013-05-17,5,17,Friday,5,May,2,2013
20130518,2013-05-18,6,18,Saturday,5,May,2,2013
20130519,2013-05-19,7,19,Sunday,5,May,2,2013
20130520,2013-05-20,1,20,Monday,5,May,2,2013
20130521,2013-05-21,2,21,Tuesday,5,May,2,2013
20130522,2013-05-22,3,22,Wednesday,5,May,2,2013
20130523,2013-05-23,4,23,Thursday,5,May,2,2013
20130524,2013-05-24,5,24,Friday,5,May,2,2013
20130525,2013-05-25,6,25,Saturday,5,May,2,2013
20130526,2013-05-26,7,26,Sunday,5,May,2,2013
20130527,2013-05-27,1,27,Monday,5,May,2,2013
20130528,2013-05-28,2,28,Tuesday,5,May,2,2013
20130529,2013-05-29,3,29,Wednesday,5,May,2,2013
20130530,2013-05-30,4,30,Thursday,5,May,2,2013
20130531,2013-05-31,5,31,Friday,5,May,2,2013
20130601,2013-06-01,6,1,Saturday,6,June,2,2013
20130602,2013-06-02,7,2,Sunday,6,June,2,2013
20130603,2013-06-03,1,3,Monday,6,June,2,2013
20130604,2013-06-04,2,4,Tuesday,6,June,2,2013
20130605,2013-06-05,3,5,Wednesday,6,June,2,2013
20130606,2013-06-06,4,6,Thursday,6,June,2,2013
20130607,2013-06-07,5,7,Friday,6,June,2,2013
20130608,2013-06-08,6,8,Saturday,6,June,2,2013
20130609,2013-06-09,7,9,Sunday,6,June,2,2013
20130610,2013-06-10,1,10,Monday,6,June,2,2013
20130611,2013-06-11,2,11,Tuesday,6,June,2,2013
20130612,2013-06-12,3,12,Wednesday,6,June,2,2013
20130613,2013-06-13,4,13,Thursday,6,June,2,2013
20130614,2013-06-14,5,14,Friday,6,June,2,2013
20130615,2013-06-15,6,15,Saturday,6,June,2,2013
20130616,2013-06-16,7,16,Sunday,6,June,2,2013
20130617,2013-06-17,1,17,Monday,6,June,2,2013
20130618,2013-06-18,2,18,Tuesday,6,June,2,2013
20130619,2013-06-19,3,19,Wednesday,6,June,2,2013
20130620,2013-06-20,4,20,Thursday,6,June,2,2013
20130621,2013-06-21,5,21,Friday,6,June,2,2013
20130622,2013-06-22,6,22,Saturday,6,June,2,2013
20130623,2013-06-23,7,23,Sunday,6,June,2,2013
20130624,2013-06-24,1,24,Monday,6,June,2,2013
20130625,2013-06-25,2,25,Tuesday,6,June,2,2013
20130626,2013-06-26,3,26,Wednesday,6,June,2,2013
20130627,2013-06-27,4,27,Thursday,6,June,2,2013
20130628,2013-06-28,5,28,Friday,6,June,2,2013
20130629,2013-06-29,6,29,Saturday,6,June,2,2013
20130630,2013-06-30,7,30,Sunday,6,June,2,2013
20130701,2013-07-01,1,1,Monday,7,July,3,2013
20130702,2013-07-02,2,2,Tuesday,7,July,3,2013
20130703,2013-07-03,3,3,Wednesday,7,July,3,2013
20130704,2013-07-04,4,4,Thursday,7,July,3,2013
20130705,2013-07-05,5,5,Friday,7,July,3,2013
20130706,2013-07-06,6,6,Saturday,7,July,3,2013
20130707,2013-07-07,7,7,Sunday,7,July,3,2013
20130708,2013-07-08,1,8,Monday,7,July,3,2013
20130709,2013-07-09,2,9,Tuesday,7,July,3,2013
20130710,2013-07-10,3,10,Wednesday,7,July,3,2013
20130711,2013-07-11,4,11,Thursday,7,July,3,2013
20130712,2013-07-12,5,12,Friday,7,July,3,2013
20130713,2013-07-13,6,13,Saturday,7,July,3,2013
20130714,2013-07-14,7,14,Sunday,7,July,3,2013
20130715,2013-07-15,1,15,Monday,7,July,3,2013
20130716,2013-07-16,2,16,Tuesday,7,July,3,2013
20130717,2013-07-17,3,17,Wednesday,7,July,3,2013
20130718,2013-07-18,4,18,Thursday,7,July,3,2013
20130719,2013-07-19,5,19,Friday,7,July,3,2013
20130720,2013-07-20,6,20,Saturday,7,July,3,2013
20130721,2013-07-21,7,21,Sunday,7,July,3,2013
20130722,2013-07-22,1,22,Monday,7,July,3,2013
20130723,2013-07-23,2,23,Tuesday,7,July,3,2013
20130724,2013-07-24,3,24,Wednesday,7,July,3,2013
20130725,2013-07-25,4,25,Thursday,7,July,3,2013
20130726,2013-07-26,5,26,Friday,7,July,3,2013
20130727,2013-07-27,6,27,Saturday,7,July,3,2013
20130728,2013-07-28,7,28,Sunday,7,July,3,2013
20130729,2013-07-29,1,29,Monday,7,July,3,2013
20130730,2013-07-30,2,30,Tuesday,7,July,3,2013
20130731,2013-07-31,3,31,Wednesday,7,July,3,2013
20130801,2013-08-01,4,1,Thursday,8,August,3,2013
20130802,2013-08-02,5,2,Friday,8,August,3,2013
20130803,2013-08-03,6,3,Saturday,8,August,3,2013
20130804,2013-08-04,7,4,Sunday,8,August,3,2013
20130805,2013-08-05,1,5,Monday,8,August,3,2013
20130806,2013-08-06,2,6,Tuesday,8,August,3,2013
20130807,2013-08-07,3,7,Wednesday,8,August,3,2013
20130808,2013-08-08,4,8,Thursday,8,August,3,2013
20130809,2013-08-09,5,9,Friday,8,August,3,2013
20130810,2013-08-10,6,10,Saturday,8,August,3,2013
20130811,2013-08-11,7,11,Sunday,8,August,3,2013
20130812,2013-08-12,1,12,Monday,8,August,3,2013
20130813,2013-08-13,2,13,Tuesday,8,August,3,2013
20130814,2013-08-14,3,14,Wednesday,8,August,3,2013
20130815,2013-08-15,4,15,Thursday,8,August,3,2013
20130816,2013-08-16,5,16,Friday,8,August,3,2013
20130817,2013-08-17,6,17,Saturday,8,August,3,2013
20130818,2013-08-18,7,18,Sunday,8,August,3,2013
20130819,2013-08-19,1,19,Monday,8,August,3,2013
20130820,2013-08-20,2,20,Tuesday,8,August,3,2013
20130821,2013-08-21,3,21,Wednesday,8,August,3,2013
20130822,2013-08-22,4,22,Thursday,8,August,3,2013
20130823,2013-08-23,5,23,Friday,8,August,3,2013
20130824,2013-08-24,6,24,Saturday,8,August,3,2013
20130825,2013-08-25,7,25,Sunday,8,August,3,2013
20130826,2013-08-26,1,26,Monday,8,August,3,2013
20130827,2013-08-27,2,27,Tuesday,8,August,3,2013
20130828,2013-08-28,3,28,Wednesday,8,August,3,2013
20130829,2013-08-29,4,29,Thursday,8,August,3,2013
20130830,2013-08-30,5,30,Friday,8,August,3,2013
20130831,2013-08-31,6,31,Saturday,8,August,3,2013
20130901,2013-09-01,7,1,Sunday,9,September,3,2013
20130902,2013-09-02,1,2,Monday,9,September,3,2013
20130903,2013-09-03,2,3,Tuesday,9,September,3,2013
20130904,2013-09-04,3,4,Wednesday,9,September,3,2013
20130905,2013-09-05,4,5,Thursday,9,September,3,2013
20130906,2013-09-06,5,6,Friday,9,September,3,2013
20130907,2013-09-07,6,7,Saturday,9,September,3,2013
20130908,2013-09-08,7,8,Sunday,9,September,3,2013
20130909,2013-09-09,1,9,Monday,9,September,3,2013
20130910,2013-09-10,2,10,Tuesday,9,September,3,2013
20130911,2013-09-11,3,11,Wednesday,9,September,3,2013
20130912,2013-09-12,4,12,Thursday,9,September,3,2013
20130913,2013-09-13,5,13,Friday,9,September,3,2013
20130914,2013-09-14,6,14,Saturday,9,September,3,2013
20130915,2013-09-15,7,15,Sunday,9,September,3,2013
20130916,2013-09-16,1,16,Monday,9,September,3,2013
20130917,2013-09-17,2,17,Tuesday,9,September,3,2013
20130918,2013-09-18,3,18,Wednesday,9,September,3,2013
20130919,2013-09-19,4,19,Thursday,9,September,3,2013
20130920,2013-09-20,5,20,Friday,9,September,3,2013
20130921,2013-09-21,6,21,Saturday,9,September,3,2013
20130922,2013-09-22,7,22,Sunday,9,September,3,2013
20130923,2013-09-23,1,23,Monday,9,September,3,2013
20130924,2013-09-24,2,24,Tuesday,9,September,3,2013
20130925,2013-09-25,3,25,Wednesday,9,September,3,2013
20130926,2013-09-26,4,26,Thursday,9,September,3,2013
20130927,2013-09-27,5,27,Friday,9,September,3,2013
20130928,2013-09-28,6,28,Saturday,9,September,3,2013
20130929,2013-09-29,7,29,Sunday,9,September,3,2013
20130930,2013-09-30,1,30,Monday,9,September,3,2013
20131001,2013-10-01,2,1,Tuesday,10,October,4,2013
20131002,2013-10-02,3,2,Wednesday,10,October,4,2013
20131003,2013-10-03,4,3,Thursday,10,October,4,2013
20131004,2013-10-04,5,4,Friday,10,October,4,2013
20131005,2013-10-05,6,5,Saturday,10,October,4,2013
20131006,2013-10-06,7,6,Sunday,10,October,4,2013
20131007,2013-10-07,1,7,Monday,10,October,4,2013
20131008,2013-10-08,2,8,Tuesday,10,October,4,2013
20131009,2013-10-09,3,9,Wednesday,10,October,4,2013
20131010,2013-10-10,4,10,Thursday,10,October,4,2013
20131011,2013-10-11,5,11,Friday,10,October,4,2013
20131012,2013-10-12,6,12,Saturday,10,October,4,2013
20131013,2013-10-13,7,13,Sunday,10,October,4,2013
20131014,2013-10-14,1,14,Monday,10,October,4,2013
20131015,2013-10-15,2,15,Tuesday,10,October,4,2013
20131016,2013-10-16,3,16,Wednesday,10,October,4,2013
20131017,2013-10-17,4,17,Thursday,10,October,4,2013
20131018,2013-10-18,5,18,Friday,10,October,4,2013
20131019,2013-10-19,6,19,Saturday,10,October,4,2013
20131020,2013-10-20,7,20,Sunday,10,October,4,2013
20131021,2013-10-21,1,21,Monday,10,October,4,2013
20131022,2013-10-22,2,22,Tuesday,10,October,4,2013
20131023,2013-10-23,3,23,Wednesday,10,October,4,2013
20131024,2013-10-24,4,24,Thursday,10,October,4,2013
20131025,2013-10-25,5,25,Friday,10,October,4,2013
20131026,2013-10-26,6,26,Saturday,10,October,4,2013
20131027,2013-10-27,7,27,Sunday,10,October,4,2013
20131028,2013-10-28,1,28,Monday,10,October,4,2013
20131029,2013-10-29,2,29,Tuesday,10,October,4,2013
20131030,2013-10-30,3,30,Wednesday,10,October,4,2013
20131031,2013-10-31,4,31,Thursday,10,October,4,2013
20131101,2013-11-01,5,1,Friday,11,November,4,2013
20131102,2013-11-02,6,2,Saturday,11,November,4,2013
20131103,2013-11-03,7,3,Sunday,11,November,4,2013
20131104,2013-11-04,1,4,Monday,11,November,4,2013
20131105,2013-11-05,2,5,Tuesday,11,November,4,2013
20131106,2013-11-06,3,6,Wednesday,11,November,4,2013
20131107,2013-11-07,4,7,Thursday,11,November,4,2013
20131108,2013-11-08,5,8,Friday,11,November,4,2013
20131109,2013-11-09,6,9,Saturday,11,November,4,2013
20131110,2013-11-10,7,10,Sunday,11,November,4,2013
20131111,2013-11-11,1,11,Monday,11,November,4,2013
20131112,2013-11-12,2,12,Tuesday,11,November,4,2013
20131113,2013-11-13,3,13,Wednesday,11,November,4,2013
20131114,2013-11-14,4,14,Thursday,11,November,4,2013
20131115,2013-11-15,5,15,Friday,11,November,4,2013
20131116,2013-11-16,6,16,Saturday,11,November,4,2013
20131117,2013-11-17,7,17,Sunday,11,November,4,2013
20131118,2013-11-18,1,18,Monday,11,November,4,2013
20131119,2013-11-19,2,19,Tuesday,11,November,4,2013
20131120,2013-11-20,3,20,Wednesday,11,November,4,2013
20131121,2013-11-21,4,21,Thursday,11,November,4,2013
20131122,2013-11-22,5,22,Friday,11,November,4,2013
20131123,2013-11-23,6,23,Saturday,11,November,4,2013
20131124,2013-11-24,7,24,Sunday,11,November,4,2013
20131125,2013-11-25,1,25,Monday,11,November,4,2013
20131126,2013-11-26,2,26,Tuesday,11,November,4,2013
20131127,2013-11-27,3,27,Wednesday,11,November,4,2013
20131128,2013-11-28,4,28,Thursday,11,November,4,2013
20131129,2013-11-29,5,29,Friday,11,November,4,2013
20131130,2013-11-30,6,30,Saturday,11,November,4,2013
20131201,2013-12-01,7,1,Sunday,12,December,4,2013
20131202,2013-12-02,1,2,Monday,12,December,4,2013
20131203,2013-12-03,2,3,Tuesday,12,December,4,2013
20131204,2013-12-04,3,4,Wednesday,12,December,4,2013
20131205,2013-12-05,4,5,Thursday,12,December,4,2013
20131206,2013-12-06,5,6,Friday,12,December,4,2013
20131207,2013-12-07,6,7,Saturday,12,December,4,2013
20131208,2013-12-08,7,8,Sunday,12,December,4,2013
20131209,2013-12-09,1,9,Monday,12,December,4,2013
20131210,2013-12-10,2,10,Tuesday,12,December,4,2013
20131211,2013-12-11,3,11,Wednesday,12,December,4,2013
20131212,2013-12-12,4,12,Thursday,12,December,4,2013
20131213,2013-12-13,5,13,Friday,12,December,4,2013
20131214,2013-12-14,6,14,Saturday,12,December,4,2013
20131215,2013-12-15,7,15,Sunday,12,December,4,2013
20131216,2013-12-16,1,16,Monday,12,December,4,2013
20131217,2013-12-17,2,17,Tuesday,12,December,4,2013
20131218,2013-12-18,3,18,Wednesday,12,December,4,2013
20131219,2013-12-19,4,19,Thursday,12,December,4,2013
20131220,2013-12-20,5,20,Friday,12,December,4,2013
20131221,2013-12-21,6,21,Saturday,12,December,4,2013
20131222,2013-12-22,7,22,Sunday,12,December,4,2013
20131223,2013-12-23,1,23,Monday,12,December,4,2013
20131224,2013-12-24,2,24,Tuesday,12,December,4,2013
20131225,2013-12-25,3,25,Wednesday,12,December,4,2013
20131226,2013-12-26,4,26,Thursday,12,December,4,2013
20131227,2013-12-27,5,27,Friday,12,December,4,2013
20131228,2013-12-28,6,28,Saturday,12,December,4,2013
20131229,2013-12-29,7,29,Sunday,12,December,4,2013
20131230,2013-12-30,1,30,Monday,12,December,4,2013
20131231,2013-12-31,2,31,Tuesday,12,December,4,2013
20140101,2014-01-01,3,1,Wednesday,1,January,1,2014
20140102,2014-01-02,4,2,Thursday,1,January,1,2014
20140103,2014-01-03,5,3,Friday,1,January,1,2014
20140104,2014-01-04,6,4,Saturday,1,January,1,2014
20140105,2014-01-05,7,5,Sunday,1,January,1,2014
20140106,2014-01-06,1,6,Monday,1,January,1,2014
20140107,2014-01-07,2,7,Tuesday,1,January,1,2014
20140108,2014-01-08,3,8,Wednesday,1,January,1,2014
20140109,2014-01-09,4,9,Thursday,1,January,1,2014
20140110,2014-01-10,5,10,Friday,1,January,1,2014
20140111,2014-01-11,6,11,Saturday,1,January,1,2014
20140112,2014-01-12,7,12,Sunday,1,January,1,2014
20140113,2014-01-13,1,13,Monday,1,January,1,2014
20140114,2014-01-14,2,14,Tuesday,1,January,1,2014
20140115,2014-01-15,3,15,Wednesday,1,January,1,2014
20140116,2014-01-16,4,16,Thursday,1,January,1,2014
20140117,2014-01-17,5,17,Friday,1,January,1,2014
20140118,2014-01-18,6,18,Saturday,1,January,1,2014
20140119,2014-01-19,7,19,Sunday,1,January,1,2014
20140120,2014-01-20,1,20,Monday,1,January,1,2014
20140121,2014-01-21,2,21,Tuesday,1,January,1,2014
20140122,2014-01-22,3,22,Wednesday,1,January,1,2014
20140123,2014-01-23,4,23,Thursday,1,January,1,2014
20140124,2014-01-24,5,24,Friday,1,January,1,2014
20140125,2014-01-25,6,25,Saturday,1,January,1,2014
20140126,2014-01-26,7,26,Sunday,1,January,1,2014
20140127,2014-01-27,1,27,Monday,1,January,1,2014
20140128,2014-01-28,2,28,Tuesday,1,January,1,2014
20140129,2014-01-29,3,29,Wednesday,1,January,1,2014
20140130,2014-01-30,4,30,Thursday,1,January,1,2014
20140131,2014-01-31,5,31,Friday,1,January,1,2014
20140201,2014-02-01,6,1,Saturday,2,February,1,2014
20140202,2014-02-02,7,2,Sunday,2,February,1,2014
20140203,2014-02-03,1,3,Monday,2,February,1,2014
20140204,2014-02-04,2,4,Tuesday,2,February,1,2014
20140205,2014-02-05,3,5,Wednesday,2,February,1,2014
20140206,2014-02-06,4,6,Thursday,2,February,1,2014
20140207,2014-02-07,5,7,Friday,2,February,1,2014
20140208,2014-02-08,6,8,Saturday,2,February,1,2014
20140209,2014-02-09,7,9,Sunday,2,February,1,2014
20140210,2014-02-10,1,10,Monday,2,February,1,2014
20140211,2014-02-11,2,11,Tuesday,2,February,1,2014
20140212,2014-02-12,3,12,Wednesday,2,February,1,2014
20140213,2014-02-13,4,13,Thursday,2,February,1,2014
20140214,2014-02-14,5,14,Friday,2,February,1,2014
20140215,2014-02-15,6,15,Saturday,2,February,1,2014
20140216,2014-02-16,7,16,Sunday,2,February,1,2014
20140217,2014-02-17,1,17,Monday,2,February,1,2014
20140218,2014-02-18,2,18,Tuesday,2,February,1,2014
20140219,2014-02-19,3,19,Wednesday,2,February,1,2014
20140220,2014-02-20,4,20,Thursday,2,February,1,2014
20140221,2014-02-21,5,21,Friday,2,February,1,2014
20140222,2014-02-22,6,22,Saturday,2,February,1,2014
20140223,2014-02-23,7,23,Sunday,2,February,1,2014
20140224,2014-02-24,1,24,Monday,2,February,1,2014
20140225,2014-02-25,2,25,Tuesday,2,February,1,2014
20140226,2014-02-26,3,26,Wednesday,2,February,1,2014
20140227,2014-02-27,4,27,Thursday,2,February,1,2014
20140228,2014-02-28,5,28,Friday,2,February,1,2014
20140301,2014-03-01,6,1,Saturday,3,March,1,2014
20140302,2014-03-02,7,2,Sunday,3,March,1,2014
20140303,2014-03-03,1,3,Monday,3,March,1,2014
20140304,2014-03-04,2,4,Tuesday,3,March,1,2014
20140305,2014-03-05,3,5,Wednesday,3,March,1,2014
20140306,2014-03-06,4,6,Thursday,3,March,1,2014
20140307,2014-03-07,5,7,Friday,3,March,1,2014
20140308,2014-03-08,6,8,Saturday,3,March,1,2014
20140309,2014-03-09,7,9,Sunday,3,March,1,2014
20140310,2014-03-10,1,10,Monday,3,March,1,2014
20140311,2014-03-11,2,11,Tuesday,3,March,1,2014
20140312,2014-03-12,3,12,Wednesday,3,March,1,2014
20140313,2014-03-13,4,13,Thursday,3,March,1,2014
20140314,2014-03-14,5,14,Friday,3,March,1,2014
20140315,2014-03-15,6,15,Saturday,3,March,1,2014
20140316,2014-03-16,7,16,Sunday,3,March,1,2014
20140317,2014-03-17,1,17,Monday,3,March,1,2014
20140318,2014-03-18,2,18,Tuesday,3,March,1,2014
20140319,2014-03-19,3,19,Wednesday,3,March,1,2014
20140320,2014-03-20,4,20,Thursday,3,March,1,2014
20140321,2014-03-21,5,21,Friday,3,March,1,2014
20140322,2014-03-22,6,22,Saturday,3,March,1,2014
20140323,2014-03-23,7,23,Sunday,3,March,1,2014
20140324,2014-03-24,1,24,Monday,3,March,1,2014
20140325,2014-03-25,2,25,Tuesday,3,March,1,2014
20140326,2014-03-26,3,26,Wednesday,3,March,1,2014
20140327,2014-03-27,4,27,Thursday,3,March,1,2014
20140328,2014-03-28,5,28,Friday,3,March,1,2014
20140329,2014-03-29,6,29,Saturday,3,March,1,2014
20140330,2014-03-30,7,30,Sunday,3,March,1,2014
20140331,2014-03-31,1,31,Monday,3,March,1,2014
20140401,2014-04-01,2,1,Tuesday,4,April,2,2014
20140402,2014-04-02,3,2,Wednesday,4,April,2,2014
20140403,2014-04-03,4,3,Thursday,4,April,2,2014
20140404,2014-04-04,5,4,Friday,4,April,2,2014
20140405,2014-04-05,6,5,Saturday,4,April,2,2014
20140406,2014-04-06,7,6,Sunday,4,April,2,2014
20140407,2014-04-07,1,7,Monday,4,April,2,2014
20140408,2014-04-08,2,8,Tuesday,4,April,2,2014
20140409,2014-04-09,3,9,Wednesday,4,April,2,2014
20140410,2014-04-10,4,10,Thursday,4,April,2,2014
20140411,2014-04-11,5,11,Friday,4,April,2,2014
20140412,2014-04-12,6,12,Saturday,4,April,2,2014
20140413,2014-04-13,7,13,Sunday,4,April,2,2014
20140414,2014-04-14,1,14,Monday,4,April,2,2014
20140415,2014-04-15,2,15,Tuesday,4,April,2,2014
20140416,2014-04-16,3,16,Wednesday,4,April,2,2014
20140417,2014-04-17,4,17,Thursday,4,April,2,2014
20140418,2014-04-18,5,18,Friday,4,April,2,2014
20140419,2014-04-19,6,19,Saturday,4,April,2,2014
20140420,2014-04-20,7,20,Sunday,4,April,2,2014
20140421,2014-04-21,1,21,Monday,4,April,2,2014
20140422,2014-04-22,2,22,Tuesday,4,April,2,2014
20140423,2014-04-23,3,23,Wednesday,4,April,2,2014
20140424,2014-04-24,4,24,Thursday,4,April,2,2014
20140425,2014-04-25,5,25,Friday,4,April,2,2014
20140426,2014-04-26,6,26,Saturday,4,April,2,2014
20140427,2014-04-27,7,27,Sunday,4,April,2,2014
20140428,2014-04-28,1,28,Monday,4,April,2,2014
20140429,2014-04-29,2,29,Tuesday,4,April,2,2014
20140430,2014-04-30,3,30,Wednesday,4,April,2,2014
20140501,2014-05-01,4,1,Thursday,5,May,2,2014
20140502,2014-05-02,5,2,Friday,5,May,2,2014
20140503,2014-05-03,6,3,Saturday,5,May,2,2014
20140504,2014-05-04,7,4,Sunday,5,May,2,2014
20140505,2014-05-05,1,5,Monday,5,May,2,2014
20140506,2014-05-06,2,6,Tuesday,5,May,2,2014
20140507,2014-05-07,3,7,Wednesday,5,May,2,2014
20140508,2014-05-08,4,8,Thursday,5,May,2,2014
20140509,2014-05-09,5,9,Friday,5,May,2,2014
20140510,2014-05-10,6,10,Saturday,5,May,2,2014
20140511,2014-05-11,7,11,Sunday,5,May,2,2014
20140512,2014-05-12,1,12,Monday,5,May,2,2014
20140513,2014-05-13,2,13,Tuesday,5,May,2,2014
20140514,2014-05-14,3,14,Wednesday,5,May,2,2014
20140515,2014-05-15,4,15,Thursday,5,May,2,2014
20140516,2014-05-16,5,16,Friday,5,May,2,2014
20140517,2014-05-17,6,17,Saturday,5,May,2,2014
20140518,2014-05-18,7,18,Sunday,5,May,2,2014
20140519,2014-05-19,1,19,Monday,5,May,2,2014
20140520,2014-05-20,2,20,Tuesday,5,May,2,2014
20140521,2014-05-21,3,21,Wednesday,5,May,2,2014
20140522,2014-05-22,4,22,Thursday,5,May,2,2014
20140523,2014-05-23,5,23,Friday,5,May,2,2014
20140524,2014-05-24,6,24,Saturday,5,May,2,2014
20140525,2014-05-25,7,25,Sunday,5,May,2,2014
20140526,2014-05-26,1,26,Monday,5,May,2,2014
20140527,2014-05-27,2,27,Tuesday,5,May,2,2014
20140528,2014-05-28,3,28,Wednesday,5,May,2,2014
20140529,2014-05-29,4,29,Thursday,5,May,2,2014
20140530,2014-05-30,5,30,Friday,5,May,2,2014
20140531,2014-05-31,6,31,Saturday,5,May,2,2014
20140601,2014-06-01,7,1,Sunday,6,June,2,2014
20140602,2014-06-02,1,2,Monday,6,June,2,2014
20140603,2014-06-03,2,3,Tuesday,6,June,2,2014
20140604,2014-06-04,3,4,Wednesday,6,June,2,2014
20140605,2014-06-05,4,5,Thursday,6,June,2,2014
20140606,2014-06-06,5,6,Friday,6,June,2,2014
20140607,2014-06-07,6,7,Saturday,6,June,2,2014
20140608,2014-06-08,7,8,Sunday,6,June,2,2014
20140609,2014-06-09,1,9,Monday,6,June,2,2014
20140610,2014-06-10,2,10,Tuesday,6,June,2,2014
20140611,2014-06-11,3,11,Wednesday,6,June,2,2014
20140612,2014-06-12,4,12,Thursday,6,June,2,2014
20140613,2014-06-13,5,13,Friday,6,June,2,2014
20140614,2014-06-14,6,14,Saturday,6,June,2,2014
20140615,2014-06-15,7,15,Sunday,6,June,2,2014
20140616,2014-06-16,1,16,Monday,6,June,2,2014
20140617,2014-06-17,2,17,Tuesday,6,June,2,2014
20140618,2014-06-18,3,18,Wednesday,6,June,2,2014
20140619,2014-06-19,4,19,Thursday,6,June,2,2014
20140620,2014-06-20,5,20,Friday,6,June,2,2014
20140621,2014-06-21,6,21,Saturday,6,June,2,2014
20140622,2014-06-22,7,22,Sunday,6,June,2,2014
20140623,2014-06-23,1,23,Monday,6,June,2,2014
20140624,2014-06-24,2,24,Tuesday,6,June,2,2014
20140625,2014-06-25,3,25,Wednesday,6,June,2,2014
20140626,2014-06-26,4,26,Thursday,6,June,2,2014
20140627,2014-06-27,5,27,Friday,6,June,2,2014
20140628,2014-06-28,6,28,Saturday,6,June,2,2014
20140629,2014-06-29,7,29,Sunday,6,June,2,2014
20140630,2014-06-30,1,30,Monday,6,June,2,2014
20140701,2014-07-01,2,1,Tuesday,7,July,3,2014
20140702,2014-07-02,3,2,Wednesday,7,July,3,2014
20140703,2014-07-03,4,3,Thursday,7,July,3,2014
20140704,2014-07-04,5,4,Friday,7,July,3,2014
20140705,2014-07-05,6,5,Saturday,7,July,3,2014
20140706,2014-07-06,7,6,Sunday,7,July,3,2014
20140707,2014-07-07,1,7,Monday,7,July,3,2014
20140708,2014-07-08,2,8,Tuesday,7,July,3,2014
20140709,2014-07-09,3,9,Wednesday,7,July,3,2014
20140710,2014-07-10,4,10,Thursday,7,July,3,2014
20140711,2014-07-11,5,11,Friday,7,July,3,2014
20140712,2014-07-12,6,12,Saturday,7,July,3,2014
20140713,2014-07-13,7,13,Sunday,7,July,3,2014
20140714,2014-07-14,1,14,Monday,7,July,3,2014
20140715,2014-07-15,2,15,Tuesday,7,July,3,2014
20140716,2014-07-16,3,16,Wednesday,7,July,3,2014
20140717,2014-07-17,4,17,Thursday,7,July,3,2014
20140718,2014-07-18,5,18,Friday,7,July,3,2014
20140719,2014-07-19,6,19,Saturday,7,July,3,2014
20140720,2014-07-20,7,20,Sunday,7,July,3,2014
20140721,2014-07-21,1,21,Monday,7,July,3,2014
20140722,2014-07-22,2,22,Tuesday,7,July,3,2014
20140723,2014-07-23,3,23,Wednesday,7,July,3,2014
20140724,2014-07-24,4,24,Thursday,7,July,3,2014
20140725,2014-07-25,5,25,Friday,7,July,3,2014
20140726,2014-07-26,6,26,Saturday,7,July,3,2014
20140727,2014-07-27,7,27,Sunday,7,July,3,2014
20140728,2014-07-28,1,28,Monday,7,July,3,2014
20140729,2014-07-29,2,29,Tuesday,7,July,3,2014
20140730,2014-07-30,3,30,Wednesday,7,July,3,2014
20140731,2014-07-31,4,31,Thursday,7,July,3,2014
20140801,2014-08-01,5,1,Friday,8,August,3,2014
20140802,2014-08-02,6,2,Saturday,8,August,3,2014
20140803,2014-08-03,7,3,Sunday,8,August,3,2014
20140804,2014-08-04,1,4,Monday,8,August,3,2014
20140805,2014-08-05,2,5,Tuesday,8,August,3,2014
20140806,2014-08-06,3,6,Wednesday,8,August,3,2014
20140807,2014-08-07,4,7,Thursday,8,August,3,2014
20140808,2014-08-08,5,8,Friday,8,August,3,2014
20140809,2014-08-09,6,9,Saturday,8,August,3,2014
20140810,2014-08-10,7,10,Sunday,8,August,3,2014
20140811,2014-08-11,1,11,Monday,8,August,3,2014
20140812,2014-08-12,2,12,Tuesday,8,August,3,2014
20140813,2014-08-13,3,13,Wednesday,8,August,3,2014
20140814,2014-08-14,4,14,Thursday,8,August,3,2014
20140815,2014-08-15,5,15,Friday,8,August,3,2014
20140816,2014-08-16,6,16,Saturday,8,August,3,2014
20140817,2014-08-17,7,17,Sunday,8,August,3,2014
20140818,2014-08-18,1,18,Monday,8,August,3,2014
20140819,2014-08-19,2,19,Tuesday,8,August,3,2014
20140820,2014-08-20,3,20,Wednesday,8,August,3,2014
20140821,2014-08-21,4,21,Thursday,8,August,3,2014
20140822,2014-08-22,5,22,Friday,8,August,3,2014
20140823,2014-08-23,6,23,Saturday,8,August,3,2014
20140824,2014-08-24,7,24,Sunday,8,August,3,2014
20140825,2014-08-25,1,25,Monday,8,August,3,2014
20140826,2014-08-26,2,26,Tuesday,8,August,3,2014
20140827,2014-08-27,3,27,Wednesday,8,August,3,2014
20140828,2014-08-28,4,28,Thursday,8,August,3,2014
20140829,2014-08-29,5,29,Friday,8,August,3,2014
20140830,2014-08-30,6,30,Saturday,8,August,3,2014
20140831,2014-08-31,7,31,Sunday,8,August,3,2014
20140901,2014-09-01,1,1,Monday,9,September,3,2014
20140902,2014-09-02,2,2,Tuesday,9,September,3,2014
20140903,2014-09-03,3,3,Wednesday,9,September,3,2014
20140904,2014-09-04,4,4,Thursday,9,September,3,2014
20140905,2014-09-05,5,5,Friday,9,September,3,2014
20140906,2014-09-06,6,6,Saturday,9,September,3,2014
20140907,2014-09-07,7,7,Sunday,9,September,3,2014
20140908,2014-09-08,1,8,Monday,9,September,3,2014
20140909,2014-09-09,2,9,Tuesday,9,September,3,2014
20140910,2014-09-10,3,10,Wednesday,9,September,3,2014
20140911,2014-09-11,4,11,Thursday,9,September,3,2014
20140912,2014-09-12,5,12,Friday,9,September,3,2014
20140913,2014-09-13,6,13,Saturday,9,September,3,2014
20140914,2014-09-14,7,14,Sunday,9,September,3,2014
20140915,2014-09-15,1,15,Monday,9,September,3,2014
20140916,2014-09-16,2,16,Tuesday,9,September,3,2014
20140917,2014-09-17,3,17,Wednesday,9,September,3,2014
20140918,2014-09-18,4,18,Thursday,9,September,3,2014
20140919,2014-09-19,5,19,Friday,9,September,3,2014
20140920,2014-09-20,6,20,Saturday,9,September,3,2014
20140921,2014-09-21,7,21,Sunday,9,September,3,2014
20140922,2014-09-22,1,22,Monday,9,September,3,2014
20140923,2014-09-23,2,23,Tuesday,9,September,3,2014
20140924,2014-09-24,3,24,Wednesday,9,September,3,2014
20140925,2014-09-25,4,25,Thursday,9,September,3,2014
20140926,2014-09-26,5,26,Friday,9,September,3,2014
20140927,2014-09-27,6,27,Saturday,9,September,3,2014
20140928,2014-09-28,7,28,Sunday,9,September,3,2014
20140929,2014-09-29,1,29,Monday,9,September,3,2014
20140930,2014-09-30,2,30,Tuesday,9,September,3,2014
20141001,2014-10-01,3,1,Wednesday,10,October,4,2014
20141002,2014-10-02,4,2,Thursday,10,October,4,2014
20141003,2014-10-03,5,3,Friday,10,October,4,2014
20141004,2014-10-04,6,4,Saturday,10,October,4,2014
20141005,2014-10-05,7,5,Sunday,10,October,4,2014
20141006,2014-10-06,1,6,Monday,10,October,4,2014
20141007,2014-10-07,2,7,Tuesday,10,October,4,2014
20141008,2014-10-08,3,8,Wednesday,10,October,4,2014
20141009,2014-10-09,4,9,Thursday,10,October,4,2014
20141010,2014-10-10,5,10,Friday,10,October,4,2014
20141011,2014-10-11,6,11,Saturday,10,October,4,2014
20141012,2014-10-12,7,12,Sunday,10,October,4,2014
20141013,2014-10-13,1,13,Monday,10,October,4,2014
20141014,2014-10-14,2,14,Tuesday,10,October,4,2014
20141015,2014-10-15,3,15,Wednesday,10,October,4,2014
20141016,2014-10-16,4,16,Thursday,10,October,4,2014
20141017,2014-10-17,5,17,Friday,10,October,4,2014
20141018,2014-10-18,6,18,Saturday,10,October,4,2014
20141019,2014-10-19,7,19,Sunday,10,October,4,2014
20141020,2014-10-20,1,20,Monday,10,October,4,2014
20141021,2014-10-21,2,21,Tuesday,10,October,4,2014
20141022,2014-10-22,3,22,Wednesday,10,October,4,2014
20141023,2014-10-23,4,23,Thursday,10,October,4,2014
20141024,2014-10-24,5,24,Friday,10,October,4,2014
20141025,2014-10-25,6,25,Saturday,10,October,4,2014
20141026,2014-10-26,7,26,Sunday,10,October,4,2014
20141027,2014-10-27,1,27,Monday,10,October,4,2014
20141028,2014-10-28,2,28,Tuesday,10,October,4,2014
20141029,2014-10-29,3,29,Wednesday,10,October,4,2014
20141030,2014-10-30,4,30,Thursday,10,October,4,2014
20141031,2014-10-31,5,31,Friday,10,October,4,2014
20141101,2014-11-01,6,1,Saturday,11,November,4,2014
20141102,2014-11-02,7,2,Sunday,11,November,4,2014
20141103,2014-11-03,1,3,Monday,11,November,4,2014
20141104,2014-11-04,2,4,Tuesday,11,November,4,2014
20141105,2014-11-05,3,5,Wednesday,11,November,4,2014
20141106,2014-11-06,4,6,Thursday,11,November,4,2014
20141107,2014-11-07,5,7,Friday,11,November,4,2014
20141108,2014-11-08,6,8,Saturday,11,November,4,2014
20141109,2014-11-09,7,9,Sunday,11,November,4,2014
20141110,2014-11-10,1,10,Monday,11,November,4,2014
20141111,2014-11-11,2,11,Tuesday,11,November,4,2014
20141112,2014-11-12,3,12,Wednesday,11,November,4,2014
20141113,2014-11-13,4,13,Thursday,11,November,4,2014
20141114,2014-11-14,5,14,Friday,11,November,4,2014
20141115,2014-11-15,6,15,Saturday,11,November,4,2014
20141116,2014-11-16,7,16,Sunday,11,November,4,2014
20141117,2014-11-17,1,17,Monday,11,November,4,2014
20141118,2014-11-18,2,18,Tuesday,11,November,4,2014
20141119,2014-11-19,3,19,Wednesday,11,November,4,2014
20141120,2014-11-20,4,20,Thursday,11,November,4,2014
20141121,2014-11-21,5,21,Friday,11,November,4,2014
20141122,2014-11-22,6,22,Saturday,11,November,4,2014
20141123,2014-11-23,7,23,Sunday,11,November,4,2014
20141124,2014-11-24,1,24,Monday,11,November,4,2014
20141125,2014-11-25,2,25,Tuesday,11,November,4,2014
20141126,2014-11-26,3,26,Wednesday,11,November,4,2014
20141127,2014-11-27,4,27,Thursday,11,November,4,2014
20141128,2014-11-28,5,28,Friday,11,November,4,2014
20141129,2014-11-29,6,29,Saturday,11,November,4,2014
20141130,2014-11-30,7,30,Sunday,11,November,4,2014
20141201,2014-12-01,1,1,Monday,12,December,4,2014
20141202,2014-12-02,2,2,Tuesday,12,December,4,2014
20141203,2014-12-03,3,3,Wednesday,12,December,4,2014
20141204,2014-12-04,4,4,Thursday,12,December,4,2014
20141205,2014-12-05,5,5,Friday,12,December,4,2014
20141206,2014-12-06,6,6,Saturday,12,December,4,2014
20141207,2014-12-07,7,7,Sunday,12,December,4,2014
20141208,2014-12-08,1,8,Monday,12,December,4,2014
20141209,2014-12-09,2,9,Tuesday,12,December,4,2014
20141210,2014-12-10,3,10,Wednesday,12,December,4,2014
20141211,2014-12-11,4,11,Thursday,12,December,4,2014
20141212,2014-12-12,5,12,Friday,12,December,4,2014
20141213,2014-12-13,6,13,Saturday,12,December,4,2014
20141214,2014-12-14,7,14,Sunday,12,December,4,2014
20141215,2014-12-15,1,15,Monday,12,December,4,2014
20141216,2014-12-16,2,16,Tuesday,12,December,4,2014
20141217,2014-12-17,3,17,Wednesday,12,December,4,2014
20141218,2014-12-18,4,18,Thursday,12,December,4,2014
20141219,2014-12-19,5,19,Friday,12,December,4,2014
20141220,2014-12-20,6,20,Saturday,12,December,4,2014
20141221,2014-12-21,7,21,Sunday,12,December,4,2014
20141222,2014-12-22,1,22,Monday,12,December,4,2014
20141223,2014-12-23,2,23,Tuesday,12,December,4,2014
20141224,2014-12-24,3,24,Wednesday,12,December,4,2014
20141225,2014-12-25,4,25,Thursday,12,December,4,2014
20141226,2014-12-26,5,26,Friday,12,December,4,2014
20141227,2014-12-27,6,27,Saturday,12,December,4,2014
20141228,2014-12-28,7,28,Sunday,12,December,4,2014
20141229,2014-12-29,1,29,Monday,12,December,4,2014
20141230,2014-12-30,2,30,Tuesday,12,December,4,2014
20141231,2014-12-31,3,31,Wednesday,12,December,4,2014
20150101,2015-01-01,4,1,Thursday,1,January,1,2015
20150102,2015-01-02,5,2,Friday,1,January,1,2015
20150103,2015-01-03,6,3,Saturday,1,January,1,2015
20150104,2015-01-04,7,4,Sunday,1,January,1,2015
20150105,2015-01-05,1,5,Monday,1,January,1,2015
20150106,2015-01-06,2,6,Tuesday,1,January,1,2015
20150107,2015-01-07,3,7,Wednesday,1,January,1,2015
20150108,2015-01-08,4,8,Thursday,1,January,1,2015
20150109,2015-01-09,5,9,Friday,1,January,1,2015
20150110,2015-01-10,6,10,Saturday,1,January,1,2015
20150111,2015-01-11,7,11,Sunday,1,January,1,2015
20150112,2015-01-12,1,12,Monday,1,January,1,2015
20150113,2015-01-13,2,13,Tuesday,1,January,1,2015
20150114,2015-01-14,3,14,Wednesday,1,January,1,2015
20150115,2015-01-15,4,15,Thursday,1,January,1,2015
20150116,2015-01-16,5,16,Friday,1,January,1,2015
20150117,2015-01-17,6,17,Saturday,1,January,1,2015
20150118,2015-01-18,7,18,Sunday,1,January,1,2015
20150119,2015-01-19,1,19,Monday,1,January,1,2015
20150120,2015-01-20,2,20,Tuesday,1,January,1,2015
20150121,2015-01-21,3,21,Wednesday,1,January,1,2015
20150122,2015-01-22,4,22,Thursday,1,January,1,2015
20150123,2015-01-23,5,23,Friday,1,January,1,2015
20150124,2015-01-24,6,24,Saturday,1,January,1,2015
20150125,2015-01-25,7,25,Sunday,1,January,1,2015
20150126,2015-01-26,1,26,Monday,1,January,1,2015
20150127,2015-01-27,2,27,Tuesday,1,January,1,2015
20150128,2015-01-28,3,28,Wednesday,1,January,1,2015
20150129,2015-01-29,4,29,Thursday,1,January,1,2015
20150130,2015-01-30,5,30,Friday,1,January,1,2015
20150131,2015-01-31,6,31,Saturday,1,January,1,2015
20150201,2015-02-01,7,1,Sunday,2,February,1,2015
20150202,2015-02-02,1,2,Monday,2,February,1,2015
20150203,2015-02-03,2,3,Tuesday,2,February,1,2015
20150204,2015-02-04,3,4,Wednesday,2,February,1,2015
20150205,2015-02-05,4,5,Thursday,2,February,1,2015
20150206,2015-02-06,5,6,Friday,2,February,1,2015
20150207,2015-02-07,6,7,Saturday,2,February,1,2015
20150208,2015-02-08,7,8,Sunday,2,February,1,2015
20150209,2015-02-09,1,9,Monday,2,February,1,2015
20150210,2015-02-10,2,10,Tuesday,2,February,1,2015
20150211,2015-02-11,3,11,Wednesday,2,February,1,2015
20150212,2015-02-12,4,12,Thursday,2,February,1,2015
20150213,2015-02-13,5,13,Friday,2,February,1,2015
20150214,2015-02-14,6,14,Saturday,2,February,1,2015
20150215,2015-02-15,7,15,Sunday,2,February,1,2015
20150216,2015-02-16,1,16,Monday,2,February,1,2015
20150217,2015-02-17,2,17,Tuesday,2,February,1,2015
20150218,2015-02-18,3,18,Wednesday,2,February,1,2015
20150219,2015-02-19,4,19,Thursday,2,February,1,2015
20150220,2015-02-20,5,20,Friday,2,February,1,2015
20150221,2015-02-21,6,21,Saturday,2,February,1,2015
20150222,2015-02-22,7,22,Sunday,2,February,1,2015
20150223,2015-02-23,1,23,Monday,2,February,1,2015
20150224,2015-02-24,2,24,Tuesday,2,February,1,2015
20150225,2015-02-25,3,25,Wednesday,2,February,1,2015
20150226,2015-02-26,4,26,Thursday,2,February,1,2015
20150227,2015-02-27,5,27,Friday,2,February,1,2015
20150228,2015-02-28,6,28,Saturday,2,February,1,2015
20150301,2015-03-01,7,1,Sunday,3,March,1,2015
20150302,2015-03-02,1,2,Monday,3,March,1,2015
20150303,2015-03-03,2,3,Tuesday,3,March,1,2015
20150304,2015-03-04,3,4,Wednesday,3,March,1,2015
20150305,2015-03-05,4,5,Thursday,3,March,1,2015
20150306,2015-03-06,5,6,Friday,3,March,1,2015
20150307,2015-03-07,6,7,Saturday,3,March,1,2015
20150308,2015-03-08,7,8,Sunday,3,March,1,2015
20150309,2015-03-09,1,9,Monday,3,March,1,2015
20150310,2015-03-10,2,10,Tuesday,3,March,1,2015
20150311,2015-03-11,3,11,Wednesday,3,March,1,2015
20150312,2015-03-12,4,12,Thursday,3,March,1,2015
20150313,2015-03-13,5,13,Friday,3,March,1,2015
20150314,2015-03-14,6,14,Saturday,3,March,1,2015
20150315,2015-03-15,7,15,Sunday,3,March,1,2015
20150316,2015-03-16,1,16,Monday,3,March,1,2015
20150317,2015-03-17,2,17,Tuesday,3,March,1,2015
20150318,2015-03-18,3,18,Wednesday,3,March,1,2015
20150319,2015-03-19,4,19,Thursday,3,March,1,2015
20150320,2015-03-20,5,20,Friday,3,March,1,2015
20150321,2015-03-21,6,21,Saturday,3,March,1,2015
20150322,2015-03-22,7,22,Sunday,3,March,1,2015
20150323,2015-03-23,1,23,Monday,3,March,1,2015
20150324,2015-03-24,2,24,Tuesday,3,March,1,2015
20150325,2015-03-25,3,25,Wednesday,3,March,1,2015
20150326,2015-03-26,4,26,Thursday,3,March,1,2015
20150327,2015-03-27,5,27,Friday,3,March,1,2015
20150328,2015-03-28,6,28,Saturday,3,March,1,2015
20150329,2015-03-29,7,29,Sunday,3,March,1,2015
20150330,2015-03-30,1,30,Monday,3,March,1,2015
20150331,2015-03-31,2,31,Tuesday,3,March,1,2015
20150401,2015-04-01,3,1,Wednesday,4,April,2,2015
20150402,2015-04-02,4,2,Thursday,4,April,2,2015
20150403,2015-04-03,5,3,Friday,4,April,2,2015
20150404,2015-04-04,6,4,Saturday,4,April,2,2015
20150405,2015-04-05,7,5,Sunday,4,April,2,2015
20150406,2015-04-06,1,6,Monday,4,April,2,2015
20150407,2015-04-07,2,7,Tuesday,4,April,2,2015
20150408,2015-04-08,3,8,Wednesday,4,April,2,2015
20150409,2015-04-09,4,9,Thursday,4,April,2,2015
20150410,2015-04-10,5,10,Friday,4,April,2,2015
20150411,2015-04-11,6,11,Saturday,4,April,2,2015
20150412,2015-04-12,7,12,Sunday,4,April,2,2015
20150413,2015-04-13,1,13,Monday,4,April,2,2015
20150414,2015-04-14,2,14,Tuesday,4,April,2,2015
20150415,2015-04-15,3,15,Wednesday,4,April,2,2015
20150416,2015-04-16,4,16,Thursday,4,April,2,2015
20150417,2015-04-17,5,17,Friday,4,April,2,2015
20150418,2015-04-18,6,18,Saturday,4,April,2,2015
20150419,2015-04-19,7,19,Sunday,4,April,2,2015
20150420,2015-04-20,1,20,Monday,4,April,2,2015
20150421,2015-04-21,2,21,Tuesday,4,April,2,2015
20150422,2015-04-22,3,22,Wednesday,4,April,2,2015
20150423,2015-04-23,4,23,Thursday,4,April,2,2015
20150424,2015-04-24,5,24,Friday,4,April,2,2015
20150425,2015-04-25,6,25,Saturday,4,April,2,2015
20150426,2015-04-26,7,26,Sunday,4,April,2,2015
20150427,2015-04-27,1,27,Monday,4,April,2,2015
20150428,2015-04-28,2,28,Tuesday,4,April,2,2015
20150429,2015-04-29,3,29,Wednesday,4,April,2,2015
20150430,2015-04-30,4,30,Thursday,4,April,2,2015
20150501,2015-05-01,5,1,Friday,5,May,2,2015
20150502,2015-05-02,6,2,Saturday,5,May,2,2015
20150503,2015-05-03,7,3,Sunday,5,May,2,2015
20150504,2015-05-04,1,4,Monday,5,May,2,2015
20150505,2015-05-05,2,5,Tuesday,5,May,2,2015
20150506,2015-05-06,3,6,Wednesday,5,May,2,2015
20150507,2015-05-07,4,7,Thursday,5,May,2,2015
20150508,2015-05-08,5,8,Friday,5,May,2,2015
20150509,2015-05-09,6,9,Saturday,5,May,2,2015
20150510,2015-05-10,7,10,Sunday,5,May,2,2015
20150511,2015-05-11,1,11,Monday,5,May,2,2015
20150512,2015-05-12,2,12,Tuesday,5,May,2,2015
20150513,2015-05-13,3,13,Wednesday,5,May,2,2015
20150514,2015-05-14,4,14,Thursday,5,May,2,2015
20150515,2015-05-15,5,15,Friday,5,May,2,2015
20150516,2015-05-16,6,16,Saturday,5,May,2,2015
20150517,2015-05-17,7,17,Sunday,5,May,2,2015
20150518,2015-05-18,1,18,Monday,5,May,2,2015
20150519,2015-05-19,2,19,Tuesday,5,May,2,2015
20150520,2015-05-20,3,20,Wednesday,5,May,2,2015
20150521,2015-05-21,4,21,Thursday,5,May,2,2015
20150522,2015-05-22,5,22,Friday,5,May,2,2015
20150523,2015-05-23,6,23,Saturday,5,May,2,2015
20150524,2015-05-24,7,24,Sunday,5,May,2,2015
20150525,2015-05-25,1,25,Monday,5,May,2,2015
20150526,2015-05-26,2,26,Tuesday,5,May,2,2015
20150527,2015-05-27,3,27,Wednesday,5,May,2,2015
20150528,2015-05-28,4,28,Thursday,5,May,2,2015
20150529,2015-05-29,5,29,Friday,5,May,2,2015
20150530,2015-05-30,6,30,Saturday,5,May,2,2015
20150531,2015-05-31,7,31,Sunday,5,May,2,2015
20150601,2015-06-01,1,1,Monday,6,June,2,2015
20150602,2015-06-02,2,2,Tuesday,6,June,2,2015
20150603,2015-06-03,3,3,Wednesday,6,June,2,2015
20150604,2015-06-04,4,4,Thursday,6,June,2,2015
20150605,2015-06-05,5,5,Friday,6,June,2,2015
20150606,2015-06-06,6,6,Saturday,6,June,2,2015
20150607,2015-06-07,7,7,Sunday,6,June,2,2015
20150608,2015-06-08,1,8,Monday,6,June,2,2015
20150609,2015-06-09,2,9,Tuesday,6,June,2,2015
20150610,2015-06-10,3,10,Wednesday,6,June,2,2015
20150611,2015-06-11,4,11,Thursday,6,June,2,2015
20150612,2015-06-12,5,12,Friday,6,June,2,2015
20150613,2015-06-13,6,13,Saturday,6,June,2,2015
20150614,2015-06-14,7,14,Sunday,6,June,2,2015
20150615,2015-06-15,1,15,Monday,6,June,2,2015
20150616,2015-06-16,2,16,Tuesday,6,June,2,2015
20150617,2015-06-17,3,17,Wednesday,6,June,2,2015
20150618,2015-06-18,4,18,Thursday,6,June,2,2015
20150619,2015-06-19,5,19,Friday,6,June,2,2015
20150620,2015-06-20,6,20,Saturday,6,June,2,2015
20150621,2015-06-21,7,21,Sunday,6,June,2,2015
20150622,2015-06-22,1,22,Monday,6,June,2,2015
20150623,2015-06-23,2,23,Tuesday,6,June,2,2015
20150624,2015-06-24,3,24,Wednesday,6,June,2,2015
20150625,2015-06-25,4,25,Thursday,6,June,2,2015
20150626,2015-06-26,5,26,Friday,6,June,2,2015
20150627,2015-06-27,6,27,Saturday,6,June,2,2015
20150628,2015-06-28,7,28,Sunday,6,June,2,2015
20150629,2015-06-29,1,29,Monday,6,June,2,2015
20150630,2015-06-30,2,30,Tuesday,6,June,2,2015
20150701,2015-07-01,3,1,Wednesday,7,July,3,2015
20150702,2015-07-02,4,2,Thursday,7,July,3,2015
20150703,2015-07-03,5,3,Friday,7,July,3,2015
20150704,2015-07-04,6,4,Saturday,7,July,3,2015
20150705,2015-07-05,7,5,Sunday,7,July,3,2015
20150706,2015-07-06,1,6,Monday,7,July,3,2015
20150707,2015-07-07,2,7,Tuesday,7,July,3,2015
20150708,2015-07-08,3,8,Wednesday,7,July,3,2015
20150709,2015-07-09,4,9,Thursday,7,July,3,2015
20150710,2015-07-10,5,10,Friday,7,July,3,2015
20150711,2015-07-11,6,11,Saturday,7,July,3,2015
20150712,2015-07-12,7,12,Sunday,7,July,3,2015
20150713,2015-07-13,1,13,Monday,7,July,3,2015
20150714,2015-07-14,2,14,Tuesday,7,July,3,2015
20150715,2015-07-15,3,15,Wednesday,7,July,3,2015
20150716,2015-07-16,4,16,Thursday,7,July,3,2015
20150717,2015-07-17,5,17,Friday,7,July,3,2015
20150718,2015-07-18,6,18,Saturday,7,July,3,2015
20150719,2015-07-19,7,19,Sunday,7,July,3,2015
20150720,2015-07-20,1,20,Monday,7,July,3,2015
20150721,2015-07-21,2,21,Tuesday,7,July,3,2015
20150722,2015-07-22,3,22,Wednesday,7,July,3,2015
20150723,2015-07-23,4,23,Thursday,7,July,3,2015
20150724,2015-07-24,5,24,Friday,7,July,3,2015
20150725,2015-07-25,6,25,Saturday,7,July,3,2015
20150726,2015-07-26,7,26,Sunday,7,July,3,2015
20150727,2015-07-27,1,27,Monday,7,July,3,2015
20150728,2015-07-28,2,28,Tuesday,7,July,3,2015
20150729,2015-07-29,3,29,Wednesday,7,July,3,2015
20150730,2015-07-30,4,30,Thursday,7,July,3,2015
20150731,2015-07-31,5,31,Friday,7,July,3,2015
20150801,2015-08-01,6,1,Saturday,8,August,3,2015
20150802,2015-08-02,7,2,Sunday,8,August,3,2015
20150803,2015-08-03,1,3,Monday,8,August,3,2015
20150804,2015-08-04,2,4,Tuesday,8,August,3,2015
20150805,2015-08-05,3,5,Wednesday,8,August,3,2015
20150806,2015-08-06,4,6,Thursday,8,August,3,2015
20150807,2015-08-07,5,7,Friday,8,August,3,2015
20150808,2015-08-08,6,8,Saturday,8,August,3,2015
20150809,2015-08-09,7,9,Sunday,8,August,3,2015
20150810,2015-08-10,1,10,Monday,8,August,3,2015
20150811,2015-08-11,2,11,Tuesday,8,August,3,2015
20150812,2015-08-12,3,12,Wednesday,8,August,3,2015
20150813,2015-08-13,4,13,Thursday,8,August,3,2015
20150814,2015-08-14,5,14,Friday,8,August,3,2015
20150815,2015-08-15,6,15,Saturday,8,August,3,2015
20150816,2015-08-16,7,16,Sunday,8,August,3,2015
20150817,2015-08-17,1,17,Monday,8,August,3,2015
20150818,2015-08-18,2,18,Tuesday,8,August,3,2015
20150819,2015-08-19,3,19,Wednesday,8,August,3,2015
20150820,2015-08-20,4,20,Thursday,8,August,3,2015
20150821,2015-08-21,5,21,Friday,8,August,3,2015
20150822,2015-08-22,6,22,Saturday,8,August,3,2015
20150823,2015-08-23,7,23,Sunday,8,August,3,2015
20150824,2015-08-24,1,24,Monday,8,August,3,2015
20150825,2015-08-25,2,25,Tuesday,8,August,3,2015
20150826,2015-08-26,3,26,Wednesday,8,August,3,2015
20150827,2015-08-27,4,27,Thursday,8,August,3,2015
20150828,2015-08-28,5,28,Friday,8,August,3,2015
20150829,2015-08-29,6,29,Saturday,8,August,3,2015
20150830,2015-08-30,7,30,Sunday,8,August,3,2015
20150831,2015-08-31,1,31,Monday,8,August,3,2015
20150901,2015-09-01,2,1,Tuesday,9,September,3,2015
20150902,2015-09-02,3,2,Wednesday,9,September,3,2015
20150903,2015-09-03,4,3,Thursday,9,September,3,2015
20150904,2015-09-04,5,4,Friday,9,September,3,2015
20150905,2015-09-05,6,5,Saturday,9,September,3,2015
20150906,2015-09-06,7,6,Sunday,9,September,3,2015
20150907,2015-09-07,1,7,Monday,9,September,3,2015
20150908,2015-09-08,2,8,Tuesday,9,September,3,2015
20150909,2015-09-09,3,9,Wednesday,9,September,3,2015
20150910,2015-09-10,4,10,Thursday,9,September,3,2015
20150911,2015-09-11,5,11,Friday,9,September,3,2015
20150912,2015-09-12,6,12,Saturday,9,September,3,2015
20150913,2015-09-13,7,13,Sunday,9,September,3,2015
20150914,2015-09-14,1,14,Monday,9,September,3,2015
20150915,2015-09-15,2,15,Tuesday,9,September,3,2015
20150916,2015-09-16,3,16,Wednesday,9,September,3,2015
20150917,2015-09-17,4,17,Thursday,9,September,3,2015
20150918,2015-09-18,5,18,Friday,9,September,3,2015
20150919,2015-09-19,6,19,Saturday,9,September,3,2015
20150920,2015-09-20,7,20,Sunday,9,September,3,2015
20150921,2015-09-21,1,21,Monday,9,September,3,2015
20150922,2015-09-22,2,22,Tuesday,9,September,3,2015
20150923,2015-09-23,3,23,Wednesday,9,September,3,2015
20150924,2015-09-24,4,24,Thursday,9,September,3,2015
20150925,2015-09-25,5,25,Friday,9,September,3,2015
20150926,2015-09-26,6,26,Saturday,9,September,3,2015
20150927,2015-09-27,7,27,Sunday,9,September,3,2015
20150928,2015-09-28,1,28,Monday,9,September,3,2015
20150929,2015-09-29,2,29,Tuesday,9,September,3,2015
20150930,2015-09-30,3,30,Wednesday,9,September,3,2015
20151001,2015-10-01,4,1,Thursday,10,October,4,2015
20151002,2015-10-02,5,2,Friday,10,October,4,2015
20151003,2015-10-03,6,3,Saturday,10,October,4,2015
20151004,2015-10-04,7,4,Sunday,10,October,4,2015
20151005,2015-10-05,1,5,Monday,10,October,4,2015
20151006,2015-10-06,2,6,Tuesday,10,October,4,2015
20151007,2015-10-07,3,7,Wednesday,10,October,4,2015
20151008,2015-10-08,4,8,Thursday,10,October,4,2015
20151009,2015-10-09,5,9,Friday,10,October,4,2015
20151010,2015-10-10,6,10,Saturday,10,October,4,2015
20151011,2015-10-11,7,11,Sunday,10,October,4,2015
20151012,2015-10-12,1,12,Monday,10,October,4,2015
20151013,2015-10-13,2,13,Tuesday,10,October,4,2015
20151014,2015-10-14,3,14,Wednesday,10,October,4,2015
20151015,2015-10-15,4,15,Thursday,10,October,4,2015
20151016,2015-10-16,5,16,Friday,10,October,4,2015
20151017,2015-10-17,6,17,Saturday,10,October,4,2015
20151018,2015-10-18,7,18,Sunday,10,October,4,2015
20151019,2015-10-19,1,19,Monday,10,October,4,2015
20151020,2015-10-20,2,20,Tuesday,10,October,4,2015
20151021,2015-10-21,3,21,Wednesday,10,October,4,2015
20151022,2015-10-22,4,22,Thursday,10,October,4,2015
20151023,2015-10-23,5,23,Friday,10,October,4,2015
20151024,2015-10-24,6,24,Saturday,10,October,4,2015
20151025,2015-10-25,7,25,Sunday,10,October,4,2015
20151026,2015-10-26,1,26,Monday,10,October,4,2015
20151027,2015-10-27,2,27,Tuesday,10,October,4,2015
20151028,2015-10-28,3,28,Wednesday,10,October,4,2015
20151029,2015-10-29,4,29,Thursday,10,October,4,2015
20151030,2015-10-30,5,30,Friday,10,October,4,2015
20151031,2015-10-31,6,31,Saturday,10,October,4,2015
20151101,2015-11-01,7,1,Sunday,11,November,4,2015
20151102,2015-11-02,1,2,Monday,11,November,4,2015
20151103,2015-11-03,2,3,Tuesday,11,November,4,2015
20151104,2015-11-04,3,4,Wednesday,11,November,4,2015
20151105,2015-11-05,4,5,Thursday,11,November,4,2015
20151106,2015-11-06,5,6,Friday,11,November,4,2015
20151107,2015-11-07,6,7,Saturday,11,November,4,2015
20151108,2015-11-08,7,8,Sunday,11,November,4,2015
20151109,2015-11-09,1,9,Monday,11,November,4,2015
20151110,2015-11-10,2,10,Tuesday,11,November,4,2015
20151111,2015-11-11,3,11,Wednesday,11,November,4,2015
20151112,2015-11-12,4,12,Thursday,11,November,4,2015
20151113,2015-11-13,5,13,Friday,11,November,4,2015
20151114,2015-11-14,6,14,Saturday,11,November,4,2015
20151115,2015-11-15,7,15,Sunday,11,November,4,2015
20151116,2015-11-16,1,16,Monday,11,November,4,2015
20151117,2015-11-17,2,17,Tuesday,11,November,4,2015
20151118,2015-11-18,3,18,Wednesday,11,November,4,2015
20151119,2015-11-19,4,19,Thursday,11,November,4,2015
20151120,2015-11-20,5,20,Friday,11,November,4,2015
20151121,2015-11-21,6,21,Saturday,11,November,4,2015
20151122,2015-11-22,7,22,Sunday,11,November,4,2015
20151123,2015-11-23,1,23,Monday,11,November,4,2015
20151124,2015-11-24,2,24,Tuesday,11,November,4,2015
20151125,2015-11-25,3,25,Wednesday,11,November,4,2015
20151126,2015-11-26,4,26,Thursday,11,November,4,2015
20151127,2015-11-27,5,27,Friday,11,November,4,2015
20151128,2015-11-28,6,28,Saturday,11,November,4,2015
20151129,2015-11-29,7,29,Sunday,11,November,4,2015
20151130,2015-11-30,1,30,Monday,11,November,4,2015
20151201,2015-12-01,2,1,Tuesday,12,December,4,2015
20151202,2015-12-02,3,2,Wednesday,12,December,4,2015
20151203,2015-12-03,4,3,Thursday,12,December,4,2015
20151204,2015-12-04,5,4,Friday,12,December,4,2015
20151205,2015-12-05,6,5,Saturday,12,December,4,2015
20151206,2015-12-06,7,6,Sunday,12,December,4,2015
20151207,2015-12-07,1,7,Monday,12,December,4,2015
20151208,2015-12-08,2,8,Tuesday,12,December,4,2015
20151209,2015-12-09,3,9,Wednesday,12,December,4,2015
20151210,2015-12-10,4,10,Thursday,12,December,4,2015
20151211,2015-12-11,5,11,Friday,12,December,4,2015
20151212,2015-12-12,6,12,Saturday,12,December,4,2015
20151213,2015-12-13,7,13,Sunday,12,December,4,2015
20151214,2015-12-14,1,14,Monday,12,December,4,2015
20151215,2015-12-15,2,15,Tuesday,12,December,4,2015
20151216,2015-12-16,3,16,Wednesday,12,December,4,2015
20151217,2015-12-17,4,17,Thursday,12,December,4,2015
20151218,2015-12-18,5,18,Friday,12,December,4,2015
20151219,2015-12-19,6,19,Saturday,12,December,4,2015
20151220,2015-12-20,7,20,Sunday,12,December,4,2015
20151221,2015-12-21,1,21,Monday,12,December,4,2015
20151222,2015-12-22,2,22,Tuesday,12,December,4,2015
20151223,2015-12-23,3,23,Wednesday,12,December,4,2015
20151224,2015-12-24,4,24,Thursday,12,December,4,2015
20151225,2015-12-25,5,25,Friday,12,December,4,2015
20151226,2015-12-26,6,26,Saturday,12,December,4,2015
20151227,2015-12-27,7,27,Sunday,12,December,4,2015
20151228,2015-12-28,1,28,Monday,12,December,4,2015
20151229,2015-12-29,2,29,Tuesday,12,December,4,2015
20151230,2015-12-30,3,30,Wednesday,12,December,4,2015
20151231,2015-12-31,4,31,Thursday,12,December,4,2015
20160101,2016-01-01,5,1,Friday,1,January,1,2016
20160102,2016-01-02,6,2,Saturday,1,January,1,2016
20160103,2016-01-03,7,3,Sunday,1,January,1,2016
20160104,2016-01-04,1,4,Monday,1,January,1,2016
20160105,2016-01-05,2,5,Tuesday,1,January,1,2016
20160106,2016-01-06,3,6,Wednesday,1,January,1,2016
20160107,2016-01-07,4,7,Thursday,1,January,1,2016
20160108,2016-01-08,5,8,Friday,1,January,1,2016
20160109,2016-01-09,6,9,Saturday,1,January,1,2016
20160110,2016-01-10,7,10,Sunday,1,January,1,2016
20160111,2016-01-11,1,11,Monday,1,January,1,2016
20160112,2016-01-12,2,12,Tuesday,1,January,1,2016
20160113,2016-01-13,3,13,Wednesday,1,January,1,2016
20160114,2016-01-14,4,14,Thursday,1,January,1,2016
20160115,2016-01-15,5,15,Friday,1,January,1,2016
20160116,2016-01-16,6,16,Saturday,1,January,1,2016
20160117,2016-01-17,7,17,Sunday,1,January,1,2016
20160118,2016-01-18,1,18,Monday,1,January,1,2016
20160119,2016-01-19,2,19,Tuesday,1,January,1,2016
20160120,2016-01-20,3,20,Wednesday,1,January,1,2016
20160121,2016-01-21,4,21,Thursday,1,January,1,2016
20160122,2016-01-22,5,22,Friday,1,January,1,2016
20160123,2016-01-23,6,23,Saturday,1,January,1,2016
20160124,2016-01-24,7,24,Sunday,1,January,1,2016
20160125,2016-01-25,1,25,Monday,1,January,1,2016
20160126,2016-01-26,2,26,Tuesday,1,January,1,2016
20160127,2016-01-27,3,27,Wednesday,1,January,1,2016
20160128,2016-01-28,4,28,Thursday,1,January,1,2016
20160129,2016-01-29,5,29,Friday,1,January,1,2016
20160130,2016-01-30,6,30,Saturday,1,January,1,2016
20160131,2016-01-31,7,31,Sunday,1,January,1,2016
20160201,2016-02-01,1,1,Monday,2,February,1,2016
20160202,2016-02-02,2,2,Tuesday,2,February,1,2016
20160203,2016-02-03,3,3,Wednesday,2,February,1,2016
20160204,2016-02-04,4,4,Thursday,2,February,1,2016
20160205,2016-02-05,5,5,Friday,2,February,1,2016
20160206,2016-02-06,6,6,Saturday,2,February,1,2016
20160207,2016-02-07,7,7,Sunday,2,February,1,2016
20160208,2016-02-08,1,8,Monday,2,February,1,2016
20160209,2016-02-09,2,9,Tuesday,2,February,1,2016
20160210,2016-02-10,3,10,Wednesday,2,February,1,2016
20160211,2016-02-11,4,11,Thursday,2,February,1,2016
20160212,2016-02-12,5,12,Friday,2,February,1,2016
20160213,2016-02-13,6,13,Saturday,2,February,1,2016
20160214,2016-02-14,7,14,Sunday,2,February,1,2016
20160215,2016-02-15,1,15,Monday,2,February,1,2016
20160216,2016-02-16,2,16,Tuesday,2,February,1,2016
20160217,2016-02-17,3,17,Wednesday,2,February,1,2016
20160218,2016-02-18,4,18,Thursday,2,February,1,2016
20160219,2016-02-19,5,19,Friday,2,February,1,2016
20160220,2016-02-20,6,20,Saturday,2,February,1,2016
20160221,2016-02-21,7,21,Sunday,2,February,1,2016
20160222,2016-02-22,1,22,Monday,2,February,1,2016
20160223,2016-02-23,2,23,Tuesday,2,February,1,2016
20160224,2016-02-24,3,24,Wednesday,2,February,1,2016
20160225,2016-02-25,4,25,Thursday,2,February,1,2016
20160226,2016-02-26,5,26,Friday,2,February,1,2016
20160227,2016-02-27,6,27,Saturday,2,February,1,2016
20160228,2016-02-28,7,28,Sunday,2,February,1,2016
20160229,2016-02-29,1,29,Monday,2,February,1,2016
20160301,2016-03-01,2,1,Tuesday,3,March,1,2016
20160302,2016-03-02,3,2,Wednesday,3,March,1,2016
20160303,2016-03-03,4,3,Thursday,3,March,1,2016
20160304,2016-03-04,5,4,Friday,3,March,1,2016
20160305,2016-03-05,6,5,Saturday,3,March,1,2016
20160306,2016-03-06,7,6,Sunday,3,March,1,2016
20160307,2016-03-07,1,7,Monday,3,March,1,2016
20160308,2016-03-08,2,8,Tuesday,3,March,1,2016
20160309,2016-03-09,3,9,Wednesday,3,March,1,2016
20160310,2016-03-10,4,10,Thursday,3,March,1,2016
20160311,2016-03-11,5,11,Friday,3,March,1,2016
20160312,2016-03-12,6,12,Saturday,3,March,1,2016
20160313,2016-03-13,7,13,Sunday,3,March,1,2016
20160314,2016-03-14,1,14,Monday,3,March,1,2016
20160315,2016-03-15,2,15,Tuesday,3,March,1,2016
20160316,2016-03-16,3,16,Wednesday,3,March,1,2016
20160317,2016-03-17,4,17,Thursday,3,March,1,2016
20160318,2016-03-18,5,18,Friday,3,March,1,2016
20160319,2016-03-19,6,19,Saturday,3,March,1,2016
20160320,2016-03-20,7,20,Sunday,3,March,1,2016
20160321,2016-03-21,1,21,Monday,3,March,1,2016
20160322,2016-03-22,2,22,Tuesday,3,March,1,2016
20160323,2016-03-23,3,23,Wednesday,3,March,1,2016
20160324,2016-03-24,4,24,Thursday,3,March,1,2016
20160325,2016-03-25,5,25,Friday,3,March,1,2016
20160326,2016-03-26,6,26,Saturday,3,March,1,2016
20160327,2016-03-27,7,27,Sunday,3,March,1,2016
20160328,2016-03-28,1,28,Monday,3,March,1,2016
20160329,2016-03-29,2,29,Tuesday,3,March,1,2016
20160330,2016-03-30,3,30,Wednesday,3,March,1,2016
20160331,2016-03-31,4,31,Thursday,3,March,1,2016
20160401,2016-04-01,5,1,Friday,4,April,2,2016
20160402,2016-04-02,6,2,Saturday,4,April,2,2016
20160403,2016-04-03,7,3,Sunday,4,April,2,2016
20160404,2016-04-04,1,4,Monday,4,April,2,2016
20160405,2016-04-05,2,5,Tuesday,4,April,2,2016
20160406,2016-04-06,3,6,Wednesday,4,April,2,2016
20160407,2016-04-07,4,7,Thursday,4,April,2,2016
20160408,2016-04-08,5,8,Friday,4,April,2,2016
20160409,2016-04-09,6,9,Saturday,4,April,2,2016
20160410,2016-04-10,7,10,Sunday,4,April,2,2016
20160411,2016-04-11,1,11,Monday,4,April,2,2016
20160412,2016-04-12,2,12,Tuesday,4,April,2,2016
20160413,2016-04-13,3,13,Wednesday,4,April,2,2016
20160414,2016-04-14,4,14,Thursday,4,April,2,2016
20160415,2016-04-15,5,15,Friday,4,April,2,2016
20160416,2016-04-16,6,16,Saturday,4,April,2,2016
20160417,2016-04-17,7,17,Sunday,4,April,2,2016
20160418,2016-04-18,1,18,Monday,4,April,2,2016
20160419,2016-04-19,2,19,Tuesday,4,April,2,2016
20160420,2016-04-20,3,20,Wednesday,4,April,2,2016
20160421,2016-04-21,4,21,Thursday,4,April,2,2016
20160422,2016-04-22,5,22,Friday,4,April,2,2016
20160423,2016-04-23,6,23,Saturday,4,April,2,2016
20160424,2016-04-24,7,24,Sunday,4,April,2,2016
20160425,2016-04-25,1,25,Monday,4,April,2,2016
20160426,2016-04-26,2,26,Tuesday,4,April,2,2016
20160427,2016-04-27,3,27,Wednesday,4,April,2,2016
20160428,2016-04-28,4,28,Thursday,4,April,2,2016
20160429,2016-04-29,5,29,Friday,4,April,2,2016
20160430,2016-04-30,6,30,Saturday,4,April,2,2016
20160501,2016-05-01,7,1,Sunday,5,May,2,2016
20160502,2016-05-02,1,2,Monday,5,May,2,2016
20160503,2016-05-03,2,3,Tuesday,5,May,2,2016
20160504,2016-05-04,3,4,Wednesday,5,May,2,2016
20160505,2016-05-05,4,5,Thursday,5,May,2,2016
20160506,2016-05-06,5,6,Friday,5,May,2,2016
20160507,2016-05-07,6,7,Saturday,5,May,2,2016
20160508,2016-05-08,7,8,Sunday,5,May,2,2016
20160509,2016-05-09,1,9,Monday,5,May,2,2016
20160510,2016-05-10,2,10,Tuesday,5,May,2,2016
20160511,2016-05-11,3,11,Wednesday,5,May,2,2016
20160512,2016-05-12,4,12,Thursday,5,May,2,2016
20160513,2016-05-13,5,13,Friday,5,May,2,2016
20160514,2016-05-14,6,14,Saturday,5,May,2,2016
20160515,2016-05-15,7,15,Sunday,5,May,2,2016
20160516,2016-05-16,1,16,Monday,5,May,2,2016
20160517,2016-05-17,2,17,Tuesday,5,May,2,2016
20160518,2016-05-18,3,18,Wednesday,5,May,2,2016
20160519,2016-05-19,4,19,Thursday,5,May,2,2016
20160520,2016-05-20,5,20,Friday,5,May,2,2016
20160521,2016-05-21,6,21,Saturday,5,May,2,2016
20160522,2016-05-22,7,22,Sunday,5,May,2,2016
20160523,2016-05-23,1,23,Monday,5,May,2,2016
20160524,2016-05-24,2,24,Tuesday,5,May,2,2016
20160525,2016-05-25,3,25,Wednesday,5,May,2,2016
20160526,2016-05-26,4,26,Thursday,5,May,2,2016
20160527,2016-05-27,5,27,Friday,5,May,2,2016
20160528,2016-05-28,6,28,Saturday,5,May,2,2016
20160529,2016-05-29,7,29,Sunday,5,May,2,2016
20160530,2016-05-30,1,30,Monday,5,May,2,2016
20160531,2016-05-31,2,31,Tuesday,5,May,2,2016
20160601,2016-06-01,3,1,Wednesday,6,June,2,2016
20160602,2016-06-02,4,2,Thursday,6,June,2,2016
20160603,2016-06-03,5,3,Friday,6,June,2,2016
20160604,2016-06-04,6,4,Saturday,6,June,2,2016
20160605,2016-06-05,7,5,Sunday,6,June,2,2016
20160606,2016-06-06,1,6,Monday,6,June,2,2016
20160607,2016-06-07,2,7,Tuesday,6,June,2,2016
20160608,2016-06-08,3,8,Wednesday,6,June,2,2016
20160609,2016-06-09,4,9,Thursday,6,June,2,2016
20160610,2016-06-10,5,10,Friday,6,June,2,2016
20160611,2016-06-11,6,11,Saturday,6,June,2,2016
20160612,2016-06-12,7,12,Sunday,6,June,2,2016
20160613,2016-06-13,1,13,Monday,6,June,2,2016
20160614,2016-06-14,2,14,Tuesday,6,June,2,2016
20160615,2016-06-15,3,15,Wednesday,6,June,2,2016
20160616,2016-06-16,4,16,Thursday,6,June,2,2016
20160617,2016-06-17,5,17,Friday,6,June,2,2016
20160618,2016-06-18,6,18,Saturday,6,June,2,2016
20160619,2016-06-19,7,19,Sunday,6,June,2,2016
20160620,2016-06-20,1,20,Monday,6,June,2,2016
20160621,2016-06-21,2,21,Tuesday,6,June,2,2016
20160622,2016-06-22,3,22,Wednesday,6,June,2,2016
20160623,2016-06-23,4,23,Thursday,6,June,2,2016
20160624,2016-06-24,5,24,Friday,6,June,2,2016
20160625,2016-06-25,6,25,Saturday,6,June,2,2016
20160626,2016-06-26,7,26,Sunday,6,June,2,2016
20160627,2016-06-27,1,27,Monday,6,June,2,2016
20160628,2016-06-28,2,28,Tuesday,6,June,2,2016
20160629,2016-06-29,3,29,Wednesday,6,June,2,2016
20160630,2016-06-30,4,30,Thursday,6,June,2,2016
20160701,2016-07-01,5,1,Friday,7,July,3,2016
20160702,2016-07-02,6,2,Saturday,7,July,3,2016
20160703,2016-07-03,7,3,Sunday,7,July,3,2016
20160704,2016-07-04,1,4,Monday,7,July,3,2016
20160705,2016-07-05,2,5,Tuesday,7,July,3,2016
20160706,2016-07-06,3,6,Wednesday,7,July,3,2016
20160707,2016-07-07,4,7,Thursday,7,July,3,2016
20160708,2016-07-08,5,8,Friday,7,July,3,2016
20160709,2016-07-09,6,9,Saturday,7,July,3,2016
20160710,2016-07-10,7,10,Sunday,7,July,3,2016
20160711,2016-07-11,1,11,Monday,7,July,3,2016
20160712,2016-07-12,2,12,Tuesday,7,July,3,2016
20160713,2016-07-13,3,13,Wednesday,7,July,3,2016
20160714,2016-07-14,4,14,Thursday,7,July,3,2016
20160715,2016-07-15,5,15,Friday,7,July,3,2016
20160716,2016-07-16,6,16,Saturday,7,July,3,2016
20160717,2016-07-17,7,17,Sunday,7,July,3,2016
20160718,2016-07-18,1,18,Monday,7,July,3,2016
20160719,2016-07-19,2,19,Tuesday,7,July,3,2016
20160720,2016-07-20,3,20,Wednesday,7,July,3,2016
20160721,2016-07-21,4,21,Thursday,7,July,3,2016
20160722,2016-07-22,5,22,Friday,7,July,3,2016
20160723,2016-07-23,6,23,Saturday,7,July,3,2016
20160724,2016-07-24,7,24,Sunday,7,July,3,2016
20160725,2016-07-25,1,25,Monday,7,July,3,2016
20160726,2016-07-26,2,26,Tuesday,7,July,3,2016
20160727,2016-07-27,3,27,Wednesday,7,July,3,2016
20160728,2016-07-28,4,28,Thursday,7,July,3,2016
20160729,2016-07-29,5,29,Friday,7,July,3,2016
20160730,2016-07-30,6,30,Saturday,7,July,3,2016
20160731,2016-07-31,7,31,Sunday,7,July,3,2016
20160801,2016-08-01,1,1,Monday,8,August,3,2016
20160802,2016-08-02,2,2,Tuesday,8,August,3,2016
20160803,2016-08-03,3,3,Wednesday,8,August,3,2016
20160804,2016-08-04,4,4,Thursday,8,August,3,2016
20160805,2016-08-05,5,5,Friday,8,August,3,2016
20160806,2016-08-06,6,6,Saturday,8,August,3,2016
20160807,2016-08-07,7,7,Sunday,8,August,3,2016
20160808,2016-08-08,1,8,Monday,8,August,3,2016
20160809,2016-08-09,2,9,Tuesday,8,August,3,2016
20160810,2016-08-10,3,10,Wednesday,8,August,3,2016
20160811,2016-08-11,4,11,Thursday,8,August,3,2016
20160812,2016-08-12,5,12,Friday,8,August,3,2016
20160813,2016-08-13,6,13,Saturday,8,August,3,2016
20160814,2016-08-14,7,14,Sunday,8,August,3,2016
20160815,2016-08-15,1,15,Monday,8,August,3,2016
20160816,2016-08-16,2,16,Tuesday,8,August,3,2016
20160817,2016-08-17,3,17,Wednesday,8,August,3,2016
20160818,2016-08-18,4,18,Thursday,8,August,3,2016
20160819,2016-08-19,5,19,Friday,8,August,3,2016
20160820,2016-08-20,6,20,Saturday,8,August,3,2016
20160821,2016-08-21,7,21,Sunday,8,August,3,2016
20160822,2016-08-22,1,22,Monday,8,August,3,2016
20160823,2016-08-23,2,23,Tuesday,8,August,3,2016
20160824,2016-08-24,3,24,Wednesday,8,August,3,2016
20160825,2016-08-25,4,25,Thursday,8,August,3,2016
20160826,2016-08-26,5,26,Friday,8,August,3,2016
20160827,2016-08-27,6,27,Saturday,8,August,3,2016
20160828,2016-08-28,7,28,Sunday,8,August,3,2016
20160829,2016-08-29,1,29,Monday,8,August,3,2016
20160830,2016-08-30,2,30,Tuesday,8,August,3,2016
20160831,2016-08-31,3,31,Wednesday,8,August,3,2016
20160901,2016-09-01,4,1,Thursday,9,September,3,2016
20160902,2016-09-02,5,2,Friday,9,September,3,2016
20160903,2016-09-03,6,3,Saturday,9,September,3,2016
20160904,2016-09-04,7,4,Sunday,9,September,3,2016
20160905,2016-09-05,1,5,Monday,9,September,3,2016
20160906,2016-09-06,2,6,Tuesday,9,September,3,2016
20160907,2016-09-07,3,7,Wednesday,9,September,3,2016
20160908,2016-09-08,4,8,Thursday,9,September,3,2016
20160909,2016-09-09,5,9,Friday,9,September,3,2016
20160910,2016-09-10,6,10,Saturday,9,September,3,2016
20160911,2016-09-11,7,11,Sunday,9,September,3,2016
20160912,2016-09-12,1,12,Monday,9,September,3,2016
20160913,2016-09-13,2,13,Tuesday,9,September,3,2016
20160914,2016-09-14,3,14,Wednesday,9,September,3,2016
20160915,2016-09-15,4,15,Thursday,9,September,3,2016
20160916,2016-09-16,5,16,Friday,9,September,3,2016
20160917,2016-09-17,6,17,Saturday,9,September,3,2016
20160918,2016-09-18,7,18,Sunday,9,September,3,2016
20160919,2016-09-19,1,19,Monday,9,September,3,2016
20160920,2016-09-20,2,20,Tuesday,9,September,3,2016
20160921,2016-09-21,3,21,Wednesday,9,September,3,2016
20160922,2016-09-22,4,22,Thursday,9,September,3,2016
20160923,2016-09-23,5,23,Friday,9,September,3,2016
20160924,2016-09-24,6,24,Saturday,9,September,3,2016
20160925,2016-09-25,7,25,Sunday,9,September,3,2016
20160926,2016-09-26,1,26,Monday,9,September,3,2016
20160927,2016-09-27,2,27,Tuesday,9,September,3,2016
20160928,2016-09-28,3,28,Wednesday,9,September,3,2016
20160929,2016-09-29,4,29,Thursday,9,September,3,2016
20160930,2016-09-30,5,30,Friday,9,September,3,2016
20161001,2016-10-01,6,1,Saturday,10,October,4,2016
20161002,2016-10-02,7,2,Sunday,10,October,4,2016
20161003,2016-10-03,1,3,Monday,10,October,4,2016
20161004,2016-10-04,2,4,Tuesday,10,October,4,2016
20161005,2016-10-05,3,5,Wednesday,10,October,4,2016
20161006,2016-10-06,4,6,Thursday,10,October,4,2016
20161007,2016-10-07,5,7,Friday,10,October,4,2016
20161008,2016-10-08,6,8,Saturday,10,October,4,2016
20161009,2016-10-09,7,9,Sunday,10,October,4,2016
20161010,2016-10-10,1,10,Monday,10,October,4,2016
20161011,2016-10-11,2,11,Tuesday,10,October,4,2016
20161012,2016-10-12,3,12,Wednesday,10,October,4,2016
20161013,2016-10-13,4,13,Thursday,10,October,4,2016
20161014,2016-10-14,5,14,Friday,10,October,4,2016
20161015,2016-10-15,6,15,Saturday,10,October,4,2016
20161016,2016-10-16,7,16,Sunday,10,October,4,2016
20161017,2016-10-17,1,17,Monday,10,October,4,2016
20161018,2016-10-18,2,18,Tuesday,10,October,4,2016
20161019,2016-10-19,3,19,Wednesday,10,October,4,2016
20161020,2016-10-20,4,20,Thursday,10,October,4,2016
20161021,2016-10-21,5,21,Friday,10,October,4,2016
20161022,2016-10-22,6,22,Saturday,10,October,4,2016
20161023,2016-10-23,7,23,Sunday,10,October,4,2016
20161024,2016-10-24,1,24,Monday,10,October,4,2016
20161025,2016-10-25,2,25,Tuesday,10,October,4,2016
20161026,2016-10-26,3,26,Wednesday,10,October,4,2016
20161027,2016-10-27,4,27,Thursday,10,October,4,2016
20161028,2016-10-28,5,28,Friday,10,October,4,2016
20161029,2016-10-29,6,29,Saturday,10,October,4,2016
20161030,2016-10-30,7,30,Sunday,10,October,4,2016
20161031,2016-10-31,1,31,Monday,10,October,4,2016
20161101,2016-11-01,2,1,Tuesday,11,November,4,2016
20161102,2016-11-02,3,2,Wednesday,11,November,4,2016
20161103,2016-11-03,4,3,Thursday,11,November,4,2016
20161104,2016-11-04,5,4,Friday,11,November,4,2016
20161105,2016-11-05,6,5,Saturday,11,November,4,2016
20161106,2016-11-06,7,6,Sunday,11,November,4,2016
20161107,2016-11-07,1,7,Monday,11,November,4,2016
20161108,2016-11-08,2,8,Tuesday,11,November,4,2016
20161109,2016-11-09,3,9,Wednesday,11,November,4,2016
20161110,2016-11-10,4,10,Thursday,11,November,4,2016
20161111,2016-11-11,5,11,Friday,11,November,4,2016
20161112,2016-11-12,6,12,Saturday,11,November,4,2016
20161113,2016-11-13,7,13,Sunday,11,November,4,2016
20161114,2016-11-14,1,14,Monday,11,November,4,2016
20161115,2016-11-15,2,15,Tuesday,11,November,4,2016
20161116,2016-11-16,3,16,Wednesday,11,November,4,2016
20161117,2016-11-17,4,17,Thursday,11,November,4,2016
20161118,2016-11-18,5,18,Friday,11,November,4,2016
20161119,2016-11-19,6,19,Saturday,11,November,4,2016
20161120,2016-11-20,7,20,Sunday,11,November,4,2016
20161121,2016-11-21,1,21,Monday,11,November,4,2016
20161122,2016-11-22,2,22,Tuesday,11,November,4,2016
20161123,2016-11-23,3,23,Wednesday,11,November,4,2016
20161124,2016-11-24,4,24,Thursday,11,November,4,2016
20161125,2016-11-25,5,25,Friday,11,November,4,2016
20161126,2016-11-26,6,26,Saturday,11,November,4,2016
20161127,2016-11-27,7,27,Sunday,11,November,4,2016
20161128,2016-11-28,1,28,Monday,11,November,4,2016
20161129,2016-11-29,2,29,Tuesday,11,November,4,2016
20161130,2016-11-30,3,30,Wednesday,11,November,4,2016
20161201,2016-12-01,4,1,Thursday,12,December,4,2016
20161202,2016-12-02,5,2,Friday,12,December,4,2016
20161203,2016-12-03,6,3,Saturday,12,December,4,2016
20161204,2016-12-04,7,4,Sunday,12,December,4,2016
20161205,2016-12-05,1,5,Monday,12,December,4,2016
20161206,2016-12-06,2,6,Tuesday,12,December,4,2016
20161207,2016-12-07,3,7,Wednesday,12,December,4,2016
20161208,2016-12-08,4,8,Thursday,12,December,4,2016
20161209,2016-12-09,5,9,Friday,12,December,4,2016
20161210,2016-12-10,6,10,Saturday,12,December,4,2016
20161211,2016-12-11,7,11,Sunday,12,December,4,2016
20161212,2016-12-12,1,12,Monday,12,December,4,2016
20161213,2016-12-13,2,13,Tuesday,12,December,4,2016
20161214,2016-12-14,3,14,Wednesday,12,December,4,2016
20161215,2016-12-15,4,15,Thursday,12,December,4,2016
20161216,2016-12-16,5,16,Friday,12,December,4,2016
20161217,2016-12-17,6,17,Saturday,12,December,4,2016
20161218,2016-12-18,7,18,Sunday,12,December,4,2016
20161219,2016-12-19,1,19,Monday,12,December,4,2016
20161220,2016-12-20,2,20,Tuesday,12,December,4,2016
20161221,2016-12-21,3,21,Wednesday,12,December,4,2016
20161222,2016-12-22,4,22,Thursday,12,December,4,2016
20161223,2016-12-23,5,23,Friday,12,December,4,2016
20161224,2016-12-24,6,24,Saturday,12,December,4,2016
20161225,2016-12-25,7,25,Sunday,12,December,4,2016
20161226,2016-12-26,1,26,Monday,12,December,4,2016
20161227,2016-12-27,2,27,Tuesday,12,December,4,2016
20161228,2016-12-28,3,28,Wednesday,12,December,4,2016
20161229,2016-12-29,4,29,Thursday,12,December,4,2016
20161230,2016-12-30,5,30,Friday,12,December,4,2016
20161231,2016-12-31,6,31,Saturday,12,December,4,2016
20170101,2017-01-01,7,1,Sunday,1,January,1,2017
20170102,2017-01-02,1,2,Monday,1,January,1,2017
20170103,2017-01-03,2,3,Tuesday,1,January,1,2017
20170104,2017-01-04,3,4,Wednesday,1,January,1,2017
20170105,2017-01-05,4,5,Thursday,1,January,1,2017
20170106,2017-01-06,5,6,Friday,1,January,1,2017
20170107,2017-01-07,6,7,Saturday,1,January,1,2017
20170108,2017-01-08,7,8,Sunday,1,January,1,2017
20170109,2017-01-09,1,9,Monday,1,January,1,2017
20170110,2017-01-10,2,10,Tuesday,1,January,1,2017
20170111,2017-01-11,3,11,Wednesday,1,January,1,2017
20170112,2017-01-12,4,12,Thursday,1,January,1,2017
20170113,2017-01-13,5,13,Friday,1,January,1,2017
20170114,2017-01-14,6,14,Saturday,1,January,1,2017
20170115,2017-01-15,7,15,Sunday,1,January,1,2017
20170116,2017-01-16,1,16,Monday,1,January,1,2017
20170117,2017-01-17,2,17,Tuesday,1,January,1,2017
20170118,2017-01-18,3,18,Wednesday,1,January,1,2017
20170119,2017-01-19,4,19,Thursday,1,January,1,2017
20170120,2017-01-20,5,20,Friday,1,January,1,2017
20170121,2017-01-21,6,21,Saturday,1,January,1,2017
20170122,2017-01-22,7,22,Sunday,1,January,1,2017
20170123,2017-01-23,1,23,Monday,1,January,1,2017
20170124,2017-01-24,2,24,Tuesday,1,January,1,2017
20170125,2017-01-25,3,25,Wednesday,1,January,1,2017
20170126,2017-01-26,4,26,Thursday,1,January,1,2017
20170127,2017-01-27,5,27,Friday,1,January,1,2017
20170128,2017-01-28,6,28,Saturday,1,January,1,2017
20170129,2017-01-29,7,29,Sunday,1,January,1,2017
20170130,2017-01-30,1,30,Monday,1,January,1,2017
20170131,2017-01-31,2,31,Tuesday,1,January,1,2017
20170201,2017-02-01,3,1,Wednesday,2,February,1,2017
20170202,2017-02-02,4,2,Thursday,2,February,1,2017
20170203,2017-02-03,5,3,Friday,2,February,1,2017
20170204,2017-02-04,6,4,Saturday,2,February,1,2017
20170205,2017-02-05,7,5,Sunday,2,February,1,2017
20170206,2017-02-06,1,6,Monday,2,February,1,2017
20170207,2017-02-07,2,7,Tuesday,2,February,1,2017
20170208,2017-02-08,3,8,Wednesday,2,February,1,2017
20170209,2017-02-09,4,9,Thursday,2,February,1,2017
20170210,2017-02-10,5,10,Friday,2,February,1,2017
20170211,2017-02-11,6,11,Saturday,2,February,1,2017
20170212,2017-02-12,7,12,Sunday,2,February,1,2017
20170213,2017-02-13,1,13,Monday,2,February,1,2017
20170214,2017-02-14,2,14,Tuesday,2,February,1,2017
20170215,2017-02-15,3,15,Wednesday,2,February,1,2017
20170216,2017-02-16,4,16,Thursday,2,February,1,2017
20170217,2017-02-17,5,17,Friday,2,February,1,2017
20170218,2017-02-18,6,18,Saturday,2,February,1,2017
20170219,2017-02-19,7,19,Sunday,2,February,1,2017
20170220,2017-02-20,1,20,Monday,2,February,1,2017
20170221,2017-02-21,2,21,Tuesday,2,February,1,2017
20170222,2017-02-22,3,22,Wednesday,2,February,1,2017
20170223,2017-02-23,4,23,Thursday,2,February,1,2017
20170224,2017-02-24,5,24,Friday,2,February,1,2017
20170225,2017-02-25,6,25,Saturday,2,February,1,2017
20170226,2017-02-26,7,26,Sunday,2,February,1,2017
20170227,2017-02-27,1,27,Monday,2,February,1,2017
20170228,2017-02-28,2,28,Tuesday,2,February,1,2017
20170301,2017-03-01,3,1,Wednesday,3,March,1,2017
20170302,2017-03-02,4,2,Thursday,3,March,1,2017
20170303,2017-03-03,5,3,Friday,3,March,1,2017
20170304,2017-03-04,6,4,Saturday,3,March,1,2017
20170305,2017-03-05,7,5,Sunday,3,March,1,2017
20170306,2017-03-06,1,6,Monday,3,March,1,2017
20170307,2017-03-07,2,7,Tuesday,3,March,1,2017
20170308,2017-03-08,3,8,Wednesday,3,March,1,2017
20170309,2017-03-09,4,9,Thursday,3,March,1,2017
20170310,2017-03-10,5,10,Friday,3,March,1,2017
20170311,2017-03-11,6,11,Saturday,3,March,1,2017
20170312,2017-03-12,7,12,Sunday,3,March,1,2017
20170313,2017-03-13,1,13,Monday,3,March,1,2017
20170314,2017-03-14,2,14,Tuesday,3,March,1,2017
20170315,2017-03-15,3,15,Wednesday,3,March,1,2017
20170316,2017-03-16,4,16,Thursday,3,March,1,2017
20170317,2017-03-17,5,17,Friday,3,March,1,2017
20170318,2017-03-18,6,18,Saturday,3,March,1,2017
20170319,2017-03-19,7,19,Sunday,3,March,1,2017
20170320,2017-03-20,1,20,Monday,3,March,1,2017
20170321,2017-03-21,2,21,Tuesday,3,March,1,2017
20170322,2017-03-22,3,22,Wednesday,3,March,1,2017
20170323,2017-03-23,4,23,Thursday,3,March,1,2017
20170324,2017-03-24,5,24,Friday,3,March,1,2017
20170325,2017-03-25,6,25,Saturday,3,March,1,2017
20170326,2017-03-26,7,26,Sunday,3,March,1,2017
20170327,2017-03-27,1,27,Monday,3,March,1,2017
20170328,2017-03-28,2,28,Tuesday,3,March,1,2017
20170329,2017-03-29,3,29,Wednesday,3,March,1,2017
20170330,2017-03-30,4,30,Thursday,3,March,1,2017
20170331,2017-03-31,5,31,Friday,3,March,1,2017
20170401,2017-04-01,6,1,Saturday,4,April,2,2017
20170402,2017-04-02,7,2,Sunday,4,April,2,2017
20170403,2017-04-03,1,3,Monday,4,April,2,2017
20170404,2017-04-04,2,4,Tuesday,4,April,2,2017
20170405,2017-04-05,3,5,Wednesday,4,April,2,2017
20170406,2017-04-06,4,6,Thursday,4,April,2,2017
20170407,2017-04-07,5,7,Friday,4,April,2,2017
20170408,2017-04-08,6,8,Saturday,4,April,2,2017
20170409,2017-04-09,7,9,Sunday,4,April,2,2017
20170410,2017-04-10,1,10,Monday,4,April,2,2017
20170411,2017-04-11,2,11,Tuesday,4,April,2,2017
20170412,2017-04-12,3,12,Wednesday,4,April,2,2017
20170413,2017-04-13,4,13,Thursday,4,April,2,2017
20170414,2017-04-14,5,14,Friday,4,April,2,2017
20170415,2017-04-15,6,15,Saturday,4,April,2,2017
20170416,2017-04-16,7,16,Sunday,4,April,2,2017
20170417,2017-04-17,1,17,Monday,4,April,2,2017
20170418,2017-04-18,2,18,Tuesday,4,April,2,2017
20170419,2017-04-19,3,19,Wednesday,4,April,2,2017
20170420,2017-04-20,4,20,Thursday,4,April,2,2017
20170421,2017-04-21,5,21,Friday,4,April,2,2017
20170422,2017-04-22,6,22,Saturday,4,April,2,2017
20170423,2017-04-23,7,23,Sunday,4,April,2,2017
20170424,2017-04-24,1,24,Monday,4,April,2,2017
20170425,2017-04-25,2,25,Tuesday,4,April,2,2017
20170426,2017-04-26,3,26,Wednesday,4,April,2,2017
20170427,2017-04-27,4,27,Thursday,4,April,2,2017
20170428,2017-04-28,5,28,Friday,4,April,2,2017
20170429,2017-04-29,6,29,Saturday,4,April,2,2017
20170430,2017-04-30,7,30,Sunday,4,April,2,2017
20170501,2017-05-01,1,1,Monday,5,May,2,2017
20170502,2017-05-02,2,2,Tuesday,5,May,2,2017
20170503,2017-05-03,3,3,Wednesday,5,May,2,2017
20170504,2017-05-04,4,4,Thursday,5,May,2,2017
20170505,2017-05-05,5,5,Friday,5,May,2,2017
20170506,2017-05-06,6,6,Saturday,5,May,2,2017
20170507,2017-05-07,7,7,Sunday,5,May,2,2017
20170508,2017-05-08,1,8,Monday,5,May,2,2017
20170509,2017-05-09,2,9,Tuesday,5,May,2,2017
20170510,2017-05-10,3,10,Wednesday,5,May,2,2017
20170511,2017-05-11,4,11,Thursday,5,May,2,2017
20170512,2017-05-12,5,12,Friday,5,May,2,2017
20170513,2017-05-13,6,13,Saturday,5,May,2,2017
20170514,2017-05-14,7,14,Sunday,5,May,2,2017
20170515,2017-05-15,1,15,Monday,5,May,2,2017
20170516,2017-05-16,2,16,Tuesday,5,May,2,2017
20170517,2017-05-17,3,17,Wednesday,5,May,2,2017
20170518,2017-05-18,4,18,Thursday,5,May,2,2017
20170519,2017-05-19,5,19,Friday,5,May,2,2017
20170520,2017-05-20,6,20,Saturday,5,May,2,2017
20170521,2017-05-21,7,21,Sunday,5,May,2,2017
20170522,2017-05-22,1,22,Monday,5,May,2,2017
20170523,2017-05-23,2,23,Tuesday,5,May,2,2017
20170524,2017-05-24,3,24,Wednesday,5,May,2,2017
20170525,2017-05-25,4,25,Thursday,5,May,2,2017
20170526,2017-05-26,5,26,Friday,5,May,2,2017
20170527,2017-05-27,6,27,Saturday,5,May,2,2017
20170528,2017-05-28,7,28,Sunday,5,May,2,2017
20170529,2017-05-29,1,29,Monday,5,May,2,2017
20170530,2017-05-30,2,30,Tuesday,5,May,2,2017
20170531,2017-05-31,3,31,Wednesday,5,May,2,2017
20170601,2017-06-01,4,1,Thursday,6,June,2,2017
20170602,2017-06-02,5,2,Friday,6,June,2,2017
20170603,2017-06-03,6,3,Saturday,6,June,2,2017
20170604,2017-06-04,7,4,Sunday,6,June,2,2017
20170605,2017-06-05,1,5,Monday,6,June,2,2017
20170606,2017-06-06,2,6,Tuesday,6,June,2,2017
20170607,2017-06-07,3,7,Wednesday,6,June,2,2017
20170608,2017-06-08,4,8,Thursday,6,June,2,2017
20170609,2017-06-09,5,9,Friday,6,June,2,2017
20170610,2017-06-10,6,10,Saturday,6,June,2,2017
20170611,2017-06-11,7,11,Sunday,6,June,2,2017
20170612,2017-06-12,1,12,Monday,6,June,2,2017
20170613,2017-06-13,2,13,Tuesday,6,June,2,2017
20170614,2017-06-14,3,14,Wednesday,6,June,2,2017
20170615,2017-06-15,4,15,Thursday,6,June,2,2017
20170616,2017-06-16,5,16,Friday,6,June,2,2017
20170617,2017-06-17,6,17,Saturday,6,June,2,2017
20170618,2017-06-18,7,18,Sunday,6,June,2,2017
20170619,2017-06-19,1,19,Monday,6,June,2,2017
20170620,2017-06-20,2,20,Tuesday,6,June,2,2017
20170621,2017-06-21,3,21,Wednesday,6,June,2,2017
20170622,2017-06-22,4,22,Thursday,6,June,2,2017
20170623,2017-06-23,5,23,Friday,6,June,2,2017
20170624,2017-06-24,6,24,Saturday,6,June,2,2017
20170625,2017-06-25,7,25,Sunday,6,June,2,2017
20170626,2017-06-26,1,26,Monday,6,June,2,2017
20170627,2017-06-27,2,27,Tuesday,6,June,2,2017
20170628,2017-06-28,3,28,Wednesday,6,June,2,2017
20170629,2017-06-29,4,29,Thursday,6,June,2,2017
20170630,2017-06-30,5,30,Friday,6,June,2,2017
20170701,2017-07-01,6,1,Saturday,7,July,3,2017
20170702,2017-07-02,7,2,Sunday,7,July,3,2017
20170703,2017-07-03,1,3,Monday,7,July,3,2017
20170704,2017-07-04,2,4,Tuesday,7,July,3,2017
20170705,2017-07-05,3,5,Wednesday,7,July,3,2017
20170706,2017-07-06,4,6,Thursday,7,July,3,2017
20170707,2017-07-07,5,7,Friday,7,July,3,2017
20170708,2017-07-08,6,8,Saturday,7,July,3,2017
20170709,2017-07-09,7,9,Sunday,7,July,3,2017
20170710,2017-07-10,1,10,Monday,7,July,3,2017
20170711,2017-07-11,2,11,Tuesday,7,July,3,2017
20170712,2017-07-12,3,12,Wednesday,7,July,3,2017
20170713,2017-07-13,4,13,Thursday,7,July,3,2017
20170714,2017-07-14,5,14,Friday,7,July,3,2017
20170715,2017-07-15,6,15,Saturday,7,July,3,2017
20170716,2017-07-16,7,16,Sunday,7,July,3,2017
20170717,2017-07-17,1,17,Monday,7,July,3,2017
20170718,2017-07-18,2,18,Tuesday,7,July,3,2017
20170719,2017-07-19,3,19,Wednesday,7,July,3,2017
20170720,2017-07-20,4,20,Thursday,7,July,3,2017
20170721,2017-07-21,5,21,Friday,7,July,3,2017
20170722,2017-07-22,6,22,Saturday,7,July,3,2017
20170723,2017-07-23,7,23,Sunday,7,July,3,2017
20170724,2017-07-24,1,24,Monday,7,July,3,2017
20170725,2017-07-25,2,25,Tuesday,7,July,3,2017
20170726,2017-07-26,3,26,Wednesday,7,July,3,2017
20170727,2017-07-27,4,27,Thursday,7,July,3,2017
20170728,2017-07-28,5,28,Friday,7,July,3,2017
20170729,2017-07-29,6,29,Saturday,7,July,3,2017
20170730,2017-07-30,7,30,Sunday,7,July,3,2017
20170731,2017-07-31,1,31,Monday,7,July,3,2017
20170801,2017-08-01,2,1,Tuesday,8,August,3,2017
20170802,2017-08-02,3,2,Wednesday,8,August,3,2017
20170803,2017-08-03,4,3,Thursday,8,August,3,2017
20170804,2017-08-04,5,4,Friday,8,August,3,2017
20170805,2017-08-05,6,5,Saturday,8,August,3,2017
20170806,2017-08-06,7,6,Sunday,8,August,3,2017
20170807,2017-08-07,1,7,Monday,8,August,3,2017
20170808,2017-08-08,2,8,Tuesday,8,August,3,2017
20170809,2017-08-09,3,9,Wednesday,8,August,3,2017
20170810,2017-08-10,4,10,Thursday,8,August,3,2017
20170811,2017-08-11,5,11,Friday,8,August,3,2017
20170812,2017-08-12,6,12,Saturday,8,August,3,2017
20170813,2017-08-13,7,13,Sunday,8,August,3,2017
20170814,2017-08-14,1,14,Monday,8,August,3,2017
20170815,2017-08-15,2,15,Tuesday,8,August,3,2017
20170816,2017-08-16,3,16,Wednesday,8,August,3,2017
20170817,2017-08-17,4,17,Thursday,8,August,3,2017
20170818,2017-08-18,5,18,Friday,8,August,3,2017
20170819,2017-08-19,6,19,Saturday,8,August,3,2017
20170820,2017-08-20,7,20,Sunday,8,August,3,2017
20170821,2017-08-21,1,21,Monday,8,August,3,2017
20170822,2017-08-22,2,22,Tuesday,8,August,3,2017
20170823,2017-08-23,3,23,Wednesday,8,August,3,2017
20170824,2017-08-24,4,24,Thursday,8,August,3,2017
20170825,2017-08-25,5,25,Friday,8,August,3,2017
20170826,2017-08-26,6,26,Saturday,8,August,3,2017
20170827,2017-08-27,7,27,Sunday,8,August,3,2017
20170828,2017-08-28,1,28,Monday,8,August,3,2017
20170829,2017-08-29,2,29,Tuesday,8,August,3,2017
20170830,2017-08-30,3,30,Wednesday,8,August,3,2017
20170831,2017-08-31,4,31,Thursday,8,August,3,2017
20170901,2017-09-01,5,1,Friday,9,September,3,2017
20170902,2017-09-02,6,2,Saturday,9,September,3,2017
20170903,2017-09-03,7,3,Sunday,9,September,3,2017
20170904,2017-09-04,1,4,Monday,9,September,3,2017
20170905,2017-09-05,2,5,Tuesday,9,September,3,2017
20170906,2017-09-06,3,6,Wednesday,9,September,3,2017
20170907,2017-09-07,4,7,Thursday,9,September,3,2017
20170908,2017-09-08,5,8,Friday,9,September,3,2017
20170909,2017-09-09,6,9,Saturday,9,September,3,2017
20170910,2017-09-10,7,10,Sunday,9,September,3,2017
20170911,2017-09-11,1,11,Monday,9,September,3,2017
20170912,2017-09-12,2,12,Tuesday,9,September,3,2017
20170913,2017-09-13,3,13,Wednesday,9,September,3,2017
20170914,2017-09-14,4,14,Thursday,9,September,3,2017
20170915,2017-09-15,5,15,Friday,9,September,3,2017
20170916,2017-09-16,6,16,Saturday,9,September,3,2017
20170917,2017-09-17,7,17,Sunday,9,September,3,2017
20170918,2017-09-18,1,18,Monday,9,September,3,2017
20170919,2017-09-19,2,19,Tuesday,9,September,3,2017
20170920,2017-09-20,3,20,Wednesday,9,September,3,2017
20170921,2017-09-21,4,21,Thursday,9,September,3,2017
20170922,2017-09-22,5,22,Friday,9,September,3,2017
20170923,2017-09-23,6,23,Saturday,9,September,3,2017
20170924,2017-09-24,7,24,Sunday,9,September,3,2017
20170925,2017-09-25,1,25,Monday,9,September,3,2017
20170926,2017-09-26,2,26,Tuesday,9,September,3,2017
20170927,2017-09-27,3,27,Wednesday,9,September,3,2017
20170928,2017-09-28,4,28,Thursday,9,September,3,2017
20170929,2017-09-29,5,29,Friday,9,September,3,2017
20170930,2017-09-30,6,30,Saturday,9,September,3,2017
20171001,2017-10-01,7,1,Sunday,10,October,4,2017
20171002,2017-10-02,1,2,Monday,10,October,4,2017
20171003,2017-10-03,2,3,Tuesday,10,October,4,2017
20171004,2017-10-04,3,4,Wednesday,10,October,4,2017
20171005,2017-10-05,4,5,Thursday,10,October,4,2017
20171006,2017-10-06,5,6,Friday,10,October,4,2017
20171007,2017-10-07,6,7,Saturday,10,October,4,2017
20171008,2017-10-08,7,8,Sunday,10,October,4,2017
20171009,2017-10-09,1,9,Monday,10,October,4,2017
20171010,2017-10-10,2,10,Tuesday,10,October,4,2017
20171011,2017-10-11,3,11,Wednesday,10,October,4,2017
20171012,2017-10-12,4,12,Thursday,10,October,4,2017
20171013,2017-10-13,5,13,Friday,10,October,4,2017
20171014,2017-10-14,6,14,Saturday,10,October,4,2017
20171015,2017-10-15,7,15,Sunday,10,October,4,2017
20171016,2017-10-16,1,16,Monday,10,October,4,2017
20171017,2017-10-17,2,17,Tuesday,10,October,4,2017
20171018,2017-10-18,3,18,Wednesday,10,October,4,2017
20171019,2017-10-19,4,19,Thursday,10,October,4,2017
20171020,2017-10-20,5,20,Friday,10,October,4,2017
20171021,2017-10-21,6,21,Saturday,10,October,4,2017
20171022,2017-10-22,7,22,Sunday,10,October,4,2017
20171023,2017-10-23,1,23,Monday,10,October,4,2017
20171024,2017-10-24,2,24,Tuesday,10,October,4,2017
20171025,2017-10-25,3,25,Wednesday,10,October,4,2017
20171026,2017-10-26,4,26,Thursday,10,October,4,2017
20171027,2017-10-27,5,27,Friday,10,October,4,2017
20171028,2017-10-28,6,28,Saturday,10,October,4,2017
20171029,2017-10-29,7,29,Sunday,10,October,4,2017
20171030,2017-10-30,1,30,Monday,10,October,4,2017
20171031,2017-10-31,2,31,Tuesday,10,October,4,2017
20171101,2017-11-01,3,1,Wednesday,11,November,4,2017
20171102,2017-11-02,4,2,Thursday,11,November,4,2017
20171103,2017-11-03,5,3,Friday,11,November,4,2017
20171104,2017-11-04,6,4,Saturday,11,November,4,2017
20171105,2017-11-05,7,5,Sunday,11,November,4,2017
20171106,2017-11-06,1,6,Monday,11,November,4,2017
20171107,2017-11-07,2,7,Tuesday,11,November,4,2017
20171108,2017-11-08,3,8,Wednesday,11,November,4,2017
20171109,2017-11-09,4,9,Thursday,11,November,4,2017
20171110,2017-11-10,5,10,Friday,11,November,4,2017
20171111,2017-11-11,6,11,Saturday,11,November,4,2017
20171112,2017-11-12,7,12,Sunday,11,November,4,2017
20171113,2017-11-13,1,13,Monday,11,November,4,2017
20171114,2017-11-14,2,14,Tuesday,11,November,4,2017
20171115,2017-11-15,3,15,Wednesday,11,November,4,2017
20171116,2017-11-16,4,16,Thursday,11,November,4,2017
20171117,2017-11-17,5,17,Friday,11,November,4,2017
20171118,2017-11-18,6,18,Saturday,11,November,4,2017
20171119,2017-11-19,7,19,Sunday,11,November,4,2017
20171120,2017-11-20,1,20,Monday,11,November,4,2017
20171121,2017-11-21,2,21,Tuesday,11,November,4,2017
20171122,2017-11-22,3,22,Wednesday,11,November,4,2017
20171123,2017-11-23,4,23,Thursday,11,November,4,2017
20171124,2017-11-24,5,24,Friday,11,November,4,2017
20171125,2017-11-25,6,25,Saturday,11,November,4,2017
20171126,2017-11-26,7,26,Sunday,11,November,4,2017
20171127,2017-11-27,1,27,Monday,11,November,4,2017
20171128,2017-11-28,2,28,Tuesday,11,November,4,2017
20171129,2017-11-29,3,29,Wednesday,11,November,4,2017
20171130,2017-11-30,4,30,Thursday,11,November,4,2017
20171201,2017-12-01,5,1,Friday,12,December,4,2017
20171202,2017-12-02,6,2,Saturday,12,December,4,2017
20171203,2017-12-03,7,3,Sunday,12,December,4,2017
20171204,2017-12-04,1,4,Monday,12,December,4,2017
20171205,2017-12-05,2,5,Tuesday,12,December,4,2017
20171206,2017-12-06,3,6,Wednesday,12,December,4,2017
20171207,2017-12-07,4,7,Thursday,12,December,4,2017
20171208,2017-12-08,5,8,Friday,12,December,4,2017
20171209,2017-12-09,6,9,Saturday,12,December,4,2017
20171210,2017-12-10,7,10,Sunday,12,December,4,2017
20171211,2017-12-11,1,11,Monday,12,December,4,2017
20171212,2017-12-12,2,12,Tuesday,12,December,4,2017
20171213,2017-12-13,3,13,Wednesday,12,December,4,2017
20171214,2017-12-14,4,14,Thursday,12,December,4,2017
20171215,2017-12-15,5,15,Friday,12,December,4,2017
20171216,2017-12-16,6,16,Saturday,12,December,4,2017
20171217,2017-12-17,7,17,Sunday,12,December,4,2017
20171218,2017-12-18,1,18,Monday,12,December,4,2017
20171219,2017-12-19,2,19,Tuesday,12,December,4,2017
20171220,2017-12-20,3,20,Wednesday,12,December,4,2017
20171221,2017-12-21,4,21,Thursday,12,December,4,2017
20171222,2017-12-22,5,22,Friday,12,December,4,2017
20171223,2017-12-23,6,23,Saturday,12,December,4,2017
20171224,2017-12-24,7,24,Sunday,12,December,4,2017
20171225,2017-12-25,1,25,Monday,12,December,4,2017
20171226,2017-12-26,2,26,Tuesday,12,December,4,2017
20171227,2017-12-27,3,27,Wednesday,12,December,4,2017
20171228,2017-12-28,4,28,Thursday,12,December,4,2017
20171229,2017-12-29,5,29,Friday,12,December,4,2017
20171230,2017-12-30,6,30,Saturday,12,December,4,2017
20171231,2017-12-31,7,31,Sunday,12,December,4,2017
20180101,2018-01-01,1,1,Monday,1,January,1,2018
20180102,2018-01-02,2,2,Tuesday,1,January,1,2018
20180103,2018-01-03,3,3,Wednesday,1,January,1,2018
20180104,2018-01-04,4,4,Thursday,1,January,1,2018
20180105,2018-01-05,5,5,Friday,1,January,1,2018
20180106,2018-01-06,6,6,Saturday,1,January,1,2018
20180107,2018-01-07,7,7,Sunday,1,January,1,2018
20180108,2018-01-08,1,8,Monday,1,January,1,2018
20180109,2018-01-09,2,9,Tuesday,1,January,1,2018
20180110,2018-01-10,3,10,Wednesday,1,January,1,2018
20180111,2018-01-11,4,11,Thursday,1,January,1,2018
20180112,2018-01-12,5,12,Friday,1,January,1,2018
20180113,2018-01-13,6,13,Saturday,1,January,1,2018
20180114,2018-01-14,7,14,Sunday,1,January,1,2018
20180115,2018-01-15,1,15,Monday,1,January,1,2018
20180116,2018-01-16,2,16,Tuesday,1,January,1,2018
20180117,2018-01-17,3,17,Wednesday,1,January,1,2018
20180118,2018-01-18,4,18,Thursday,1,January,1,2018
20180119,2018-01-19,5,19,Friday,1,January,1,2018
20180120,2018-01-20,6,20,Saturday,1,January,1,2018
20180121,2018-01-21,7,21,Sunday,1,January,1,2018
20180122,2018-01-22,1,22,Monday,1,January,1,2018
20180123,2018-01-23,2,23,Tuesday,1,January,1,2018
20180124,2018-01-24,3,24,Wednesday,1,January,1,2018
20180125,2018-01-25,4,25,Thursday,1,January,1,2018
20180126,2018-01-26,5,26,Friday,1,January,1,2018
20180127,2018-01-27,6,27,Saturday,1,January,1,2018
20180128,2018-01-28,7,28,Sunday,1,January,1,2018
20180129,2018-01-29,1,29,Monday,1,January,1,2018
20180130,2018-01-30,2,30,Tuesday,1,January,1,2018
20180131,2018-01-31,3,31,Wednesday,1,January,1,2018
20180201,2018-02-01,4,1,Thursday,2,February,1,2018
20180202,2018-02-02,5,2,Friday,2,February,1,2018
20180203,2018-02-03,6,3,Saturday,2,February,1,2018
20180204,2018-02-04,7,4,Sunday,2,February,1,2018
20180205,2018-02-05,1,5,Monday,2,February,1,2018
20180206,2018-02-06,2,6,Tuesday,2,February,1,2018
20180207,2018-02-07,3,7,Wednesday,2,February,1,2018
20180208,2018-02-08,4,8,Thursday,2,February,1,2018
20180209,2018-02-09,5,9,Friday,2,February,1,2018
20180210,2018-02-10,6,10,Saturday,2,February,1,2018
20180211,2018-02-11,7,11,Sunday,2,February,1,2018
20180212,2018-02-12,1,12,Monday,2,February,1,2018
20180213,2018-02-13,2,13,Tuesday,2,February,1,2018
20180214,2018-02-14,3,14,Wednesday,2,February,1,2018
20180215,2018-02-15,4,15,Thursday,2,February,1,2018
20180216,2018-02-16,5,16,Friday,2,February,1,2018
20180217,2018-02-17,6,17,Saturday,2,February,1,2018
20180218,2018-02-18,7,18,Sunday,2,February,1,2018
20180219,2018-02-19,1,19,Monday,2,February,1,2018
20180220,2018-02-20,2,20,Tuesday,2,February,1,2018
20180221,2018-02-21,3,21,Wednesday,2,February,1,2018
20180222,2018-02-22,4,22,Thursday,2,February,1,2018
20180223,2018-02-23,5,23,Friday,2,February,1,2018
20180224,2018-02-24,6,24,Saturday,2,February,1,2018
20180225,2018-02-25,7,25,Sunday,2,February,1,2018
20180226,2018-02-26,1,26,Monday,2,February,1,2018
20180227,2018-02-27,2,27,Tuesday,2,February,1,2018
20180228,2018-02-28,3,28,Wednesday,2,February,1,2018
20180301,2018-03-01,4,1,Thursday,3,March,1,2018
20180302,2018-03-02,5,2,Friday,3,March,1,2018
20180303,2018-03-03,6,3,Saturday,3,March,1,2018
20180304,2018-03-04,7,4,Sunday,3,March,1,2018
20180305,2018-03-05,1,5,Monday,3,March,1,2018
20180306,2018-03-06,2,6,Tuesday,3,March,1,2018
20180307,2018-03-07,3,7,Wednesday,3,March,1,2018
20180308,2018-03-08,4,8,Thursday,3,March,1,2018
20180309,2018-03-09,5,9,Friday,3,March,1,2018
20180310,2018-03-10,6,10,Saturday,3,March,1,2018
20180311,2018-03-11,7,11,Sunday,3,March,1,2018
20180312,2018-03-12,1,12,Monday,3,March,1,2018
20180313,2018-03-13,2,13,Tuesday,3,March,1,2018
20180314,2018-03-14,3,14,Wednesday,3,March,1,2018
20180315,2018-03-15,4,15,Thursday,3,March,1,2018
20180316,2018-03-16,5,16,Friday,3,March,1,2018
20180317,2018-03-17,6,17,Saturday,3,March,1,2018
20180318,2018-03-18,7,18,Sunday,3,March,1,2018
20180319,2018-03-19,1,19,Monday,3,March,1,2018
20180320,2018-03-20,2,20,Tuesday,3,March,1,2018
20180321,2018-03-21,3,21,Wednesday,3,March,1,2018
20180322,2018-03-22,4,22,Thursday,3,March,1,2018
20180323,2018-03-23,5,23,Friday,3,March,1,2018
20180324,2018-03-24,6,24,Saturday,3,March,1,2018
20180325,2018-03-25,7,25,Sunday,3,March,1,2018
20180326,2018-03-26,1,26,Monday,3,March,1,2018
20180327,2018-03-27,2,27,Tuesday,3,March,1,2018
20180328,2018-03-28,3,28,Wednesday,3,March,1,2018
20180329,2018-03-29,4,29,Thursday,3,March,1,2018
20180330,2018-03-30,5,30,Friday,3,March,1,2018
20180331,2018-03-31,6,31,Saturday,3,March,1,2018
20180401,2018-04-01,7,1,Sunday,4,April,2,2018
20180402,2018-04-02,1,2,Monday,4,April,2,2018
20180403,2018-04-03,2,3,Tuesday,4,April,2,2018
20180404,2018-04-04,3,4,Wednesday,4,April,2,2018
20180405,2018-04-05,4,5,Thursday,4,April,2,2018
20180406,2018-04-06,5,6,Friday,4,April,2,2018
20180407,2018-04-07,6,7,Saturday,4,April,2,2018
20180408,2018-04-08,7,8,Sunday,4,April,2,2018
20180409,2018-04-09,1,9,Monday,4,April,2,2018
20180410,2018-04-10,2,10,Tuesday,4,April,2,2018
20180411,2018-04-11,3,11,Wednesday,4,April,2,2018
20180412,2018-04-12,4,12,Thursday,4,April,2,2018
20180413,2018-04-13,5,13,Friday,4,April,2,2018
20180414,2018-04-14,6,14,Saturday,4,April,2,2018
20180415,2018-04-15,7,15,Sunday,4,April,2,2018
20180416,2018-04-16,1,16,Monday,4,April,2,2018
20180417,2018-04-17,2,17,Tuesday,4,April,2,2018
20180418,2018-04-18,3,18,Wednesday,4,April,2,2018
20180419,2018-04-19,4,19,Thursday,4,April,2,2018
20180420,2018-04-20,5,20,Friday,4,April,2,2018
20180421,2018-04-21,6,21,Saturday,4,April,2,2018
20180422,2018-04-22,7,22,Sunday,4,April,2,2018
20180423,2018-04-23,1,23,Monday,4,April,2,2018
20180424,2018-04-24,2,24,Tuesday,4,April,2,2018
20180425,2018-04-25,3,25,Wednesday,4,April,2,2018
20180426,2018-04-26,4,26,Thursday,4,April,2,2018
20180427,2018-04-27,5,27,Friday,4,April,2,2018
20180428,2018-04-28,6,28,Saturday,4,April,2,2018
20180429,2018-04-29,7,29,Sunday,4,April,2,2018
20180430,2018-04-30,1,30,Monday,4,April,2,2018
20180501,2018-05-01,2,1,Tuesday,5,May,2,2018
20180502,2018-05-02,3,2,Wednesday,5,May,2,2018
20180503,2018-05-03,4,3,Thursday,5,May,2,2018
20180504,2018-05-04,5,4,Friday,5,May,2,2018
20180505,2018-05-05,6,5,Saturday,5,May,2,2018
20180506,2018-05-06,7,6,Sunday,5,May,2,2018
20180507,2018-05-07,1,7,Monday,5,May,2,2018
20180508,2018-05-08,2,8,Tuesday,5,May,2,2018
20180509,2018-05-09,3,9,Wednesday,5,May,2,2018
20180510,2018-05-10,4,10,Thursday,5,May,2,2018
20180511,2018-05-11,5,11,Friday,5,May,2,2018
20180512,2018-05-12,6,12,Saturday,5,May,2,2018
20180513,2018-05-13,7,13,Sunday,5,May,2,2018
20180514,2018-05-14,1,14,Monday,5,May,2,2018
20180515,2018-05-15,2,15,Tuesday,5,May,2,2018
20180516,2018-05-16,3,16,Wednesday,5,May,2,2018
20180517,2018-05-17,4,17,Thursday,5,May,2,2018
20180518,2018-05-18,5,18,Friday,5,May,2,2018
20180519,2018-05-19,6,19,Saturday,5,May,2,2018
20180520,2018-05-20,7,20,Sunday,5,May,2,2018
20180521,2018-05-21,1,21,Monday,5,May,2,2018
20180522,2018-05-22,2,22,Tuesday,5,May,2,2018
20180523,2018-05-23,3,23,Wednesday,5,May,2,2018
20180524,2018-05-24,4,24,Thursday,5,May,2,2018
20180525,2018-05-25,5,25,Friday,5,May,2,2018
20180526,2018-05-26,6,26,Saturday,5,May,2,2018
20180527,2018-05-27,7,27,Sunday,5,May,2,2018
20180528,2018-05-28,1,28,Monday,5,May,2,2018
20180529,2018-05-29,2,29,Tuesday,5,May,2,2018
20180530,2018-05-30,3,30,Wednesday,5,May,2,2018
20180531,2018-05-31,4,31,Thursday,5,May,2,2018
20180601,2018-06-01,5,1,Friday,6,June,2,2018
20180602,2018-06-02,6,2,Saturday,6,June,2,2018
20180603,2018-06-03,7,3,Sunday,6,June,2,2018
20180604,2018-06-04,1,4,Monday,6,June,2,2018
20180605,2018-06-05,2,5,Tuesday,6,June,2,2018
20180606,2018-06-06,3,6,Wednesday,6,June,2,2018
20180607,2018-06-07,4,7,Thursday,6,June,2,2018
20180608,2018-06-08,5,8,Friday,6,June,2,2018
20180609,2018-06-09,6,9,Saturday,6,June,2,2018
20180610,2018-06-10,7,10,Sunday,6,June,2,2018
20180611,2018-06-11,1,11,Monday,6,June,2,2018
20180612,2018-06-12,2,12,Tuesday,6,June,2,2018
20180613,2018-06-13,3,13,Wednesday,6,June,2,2018
20180614,2018-06-14,4,14,Thursday,6,June,2,2018
20180615,2018-06-15,5,15,Friday,6,June,2,2018
20180616,2018-06-16,6,16,Saturday,6,June,2,2018
20180617,2018-06-17,7,17,Sunday,6,June,2,2018
20180618,2018-06-18,1,18,Monday,6,June,2,2018
20180619,2018-06-19,2,19,Tuesday,6,June,2,2018
20180620,2018-06-20,3,20,Wednesday,6,June,2,2018
20180621,2018-06-21,4,21,Thursday,6,June,2,2018
20180622,2018-06-22,5,22,Friday,6,June,2,2018
20180623,2018-06-23,6,23,Saturday,6,June,2,2018
20180624,2018-06-24,7,24,Sunday,6,June,2,2018
20180625,2018-06-25,1,25,Monday,6,June,2,2018
20180626,2018-06-26,2,26,Tuesday,6,June,2,2018
20180627,2018-06-27,3,27,Wednesday,6,June,2,2018
20180628,2018-06-28,4,28,Thursday,6,June,2,2018
20180629,2018-06-29,5,29,Friday,6,June,2,2018
20180630,2018-06-30,6,30,Saturday,6,June,2,2018
20180701,2018-07-01,7,1,Sunday,7,July,3,2018
20180702,2018-07-02,1,2,Monday,7,July,3,2018
20180703,2018-07-03,2,3,Tuesday,7,July,3,2018
20180704,2018-07-04,3,4,Wednesday,7,July,3,2018
20180705,2018-07-05,4,5,Thursday,7,July,3,2018
20180706,2018-07-06,5,6,Friday,7,July,3,2018
20180707,2018-07-07,6,7,Saturday,7,July,3,2018
20180708,2018-07-08,7,8,Sunday,7,July,3,2018
20180709,2018-07-09,1,9,Monday,7,July,3,2018
20180710,2018-07-10,2,10,Tuesday,7,July,3,2018
20180711,2018-07-11,3,11,Wednesday,7,July,3,2018
20180712,2018-07-12,4,12,Thursday,7,July,3,2018
20180713,2018-07-13,5,13,Friday,7,July,3,2018
20180714,2018-07-14,6,14,Saturday,7,July,3,2018
20180715,2018-07-15,7,15,Sunday,7,July,3,2018
20180716,2018-07-16,1,16,Monday,7,July,3,2018
20180717,2018-07-17,2,17,Tuesday,7,July,3,2018
20180718,2018-07-18,3,18,Wednesday,7,July,3,2018
20180719,2018-07-19,4,19,Thursday,7,July,3,2018
20180720,2018-07-20,5,20,Friday,7,July,3,2018
20180721,2018-07-21,6,21,Saturday,7,July,3,2018
20180722,2018-07-22,7,22,Sunday,7,July,3,2018
20180723,2018-07-23,1,23,Monday,7,July,3,2018
20180724,2018-07-24,2,24,Tuesday,7,July,3,2018
20180725,2018-07-25,3,25,Wednesday,7,July,3,2018
20180726,2018-07-26,4,26,Thursday,7,July,3,2018
20180727,2018-07-27,5,27,Friday,7,July,3,2018
20180728,2018-07-28,6,28,Saturday,7,July,3,2018
20180729,2018-07-29,7,29,Sunday,7,July,3,2018
20180730,2018-07-30,1,30,Monday,7,July,3,2018
20180731,2018-07-31,2,31,Tuesday,7,July,3,2018
20180801,2018-08-01,3,1,Wednesday,8,August,3,2018
20180802,2018-08-02,4,2,Thursday,8,August,3,2018
20180803,2018-08-03,5,3,Friday,8,August,3,2018
20180804,2018-08-04,6,4,Saturday,8,August,3,2018
20180805,2018-08-05,7,5,Sunday,8,August,3,2018
20180806,2018-08-06,1,6,Monday,8,August,3,2018
20180807,2018-08-07,2,7,Tuesday,8,August,3,2018
20180808,2018-08-08,3,8,Wednesday,8,August,3,2018
20180809,2018-08-09,4,9,Thursday,8,August,3,2018
20180810,2018-08-10,5,10,Friday,8,August,3,2018
20180811,2018-08-11,6,11,Saturday,8,August,3,2018
20180812,2018-08-12,7,12,Sunday,8,August,3,2018
20180813,2018-08-13,1,13,Monday,8,August,3,2018
20180814,2018-08-14,2,14,Tuesday,8,August,3,2018
20180815,2018-08-15,3,15,Wednesday,8,August,3,2018
20180816,2018-08-16,4,16,Thursday,8,August,3,2018
20180817,2018-08-17,5,17,Friday,8,August,3,2018
20180818,2018-08-18,6,18,Saturday,8,August,3,2018
20180819,2018-08-19,7,19,Sunday,8,August,3,2018
20180820,2018-08-20,1,20,Monday,8,August,3,2018
20180821,2018-08-21,2,21,Tuesday,8,August,3,2018
20180822,2018-08-22,3,22,Wednesday,8,August,3,2018
20180823,2018-08-23,4,23,Thursday,8,August,3,2018
20180824,2018-08-24,5,24,Friday,8,August,3,2018
20180825,2018-08-25,6,25,Saturday,8,August,3,2018
20180826,2018-08-26,7,26,Sunday,8,August,3,2018
20180827,2018-08-27,1,27,Monday,8,August,3,2018
20180828,2018-08-28,2,28,Tuesday,8,August,3,2018
20180829,2018-08-29,3,29,Wednesday,8,August,3,2018
20180830,2018-08-30,4,30,Thursday,8,August,3,2018
20180831,2018-08-31,5,31,Friday,8,August,3,2018
20180901,2018-09-01,6,1,Saturday,9,September,3,2018
20180902,2018-09-02,7,2,Sunday,9,September,3,2018
20180903,2018-09-03,1,3,Monday,9,September,3,2018
20180904,2018-09-04,2,4,Tuesday,9,September,3,2018
20180905,2018-09-05,3,5,Wednesday,9,September,3,2018
20180906,2018-09-06,4,6,Thursday,9,September,3,2018
20180907,2018-09-07,5,7,Friday,9,September,3,2018
20180908,2018-09-08,6,8,Saturday,9,September,3,2018
20180909,2018-09-09,7,9,Sunday,9,September,3,2018
20180910,2018-09-10,1,10,Monday,9,September,3,2018
20180911,2018-09-11,2,11,Tuesday,9,September,3,2018
20180912,2018-09-12,3,12,Wednesday,9,September,3,2018
20180913,2018-09-13,4,13,Thursday,9,September,3,2018
20180914,2018-09-14,5,14,Friday,9,September,3,2018
20180915,2018-09-15,6,15,Saturday,9,September,3,2018
20180916,2018-09-16,7,16,Sunday,9,September,3,2018
20180917,2018-09-17,1,17,Monday,9,September,3,2018
20180918,2018-09-18,2,18,Tuesday,9,September,3,2018
20180919,2018-09-19,3,19,Wednesday,9,September,3,2018
20180920,2018-09-20,4,20,Thursday,9,September,3,2018
20180921,2018-09-21,5,21,Friday,9,September,3,2018
20180922,2018-09-22,6,22,Saturday,9,September,3,2018
20180923,2018-09-23,7,23,Sunday,9,September,3,2018
20180924,2018-09-24,1,24,Monday,9,September,3,2018
20180925,2018-09-25,2,25,Tuesday,9,September,3,2018
20180926,2018-09-26,3,26,Wednesday,9,September,3,2018
20180927,2018-09-27,4,27,Thursday,9,September,3,2018
20180928,2018-09-28,5,28,Friday,9,September,3,2018
20180929,2018-09-29,6,29,Saturday,9,September,3,2018
20180930,2018-09-30,7,30,Sunday,9,September,3,2018
20181001,2018-10-01,1,1,Monday,10,October,4,2018
20181002,2018-10-02,2,2,Tuesday,10,October,4,2018
20181003,2018-10-03,3,3,Wednesday,10,October,4,2018
20181004,2018-10-04,4,4,Thursday,10,October,4,2018
20181005,2018-10-05,5,5,Friday,10,October,4,2018
20181006,2018-10-06,6,6,Saturday,10,October,4,2018
20181007,2018-10-07,7,7,Sunday,10,October,4,2018
20181008,2018-10-08,1,8,Monday,10,October,4,2018
20181009,2018-10-09,2,9,Tuesday,10,October,4,2018
20181010,2018-10-10,3,10,Wednesday,10,October,4,2018
20181011,2018-10-11,4,11,Thursday,10,October,4,2018
20181012,2018-10-12,5,12,Friday,10,October,4,2018
20181013,2018-10-13,6,13,Saturday,10,October,4,2018
20181014,2018-10-14,7,14,Sunday,10,October,4,2018
20181015,2018-10-15,1,15,Monday,10,October,4,2018
20181016,2018-10-16,2,16,Tuesday,10,October,4,2018
20181017,2018-10-17,3,17,Wednesday,10,October,4,2018
20181018,2018-10-18,4,18,Thursday,10,October,4,2018
20181019,2018-10-19,5,19,Friday,10,October,4,2018
20181020,2018-10-20,6,20,Saturday,10,October,4,2018
20181021,2018-10-21,7,21,Sunday,10,October,4,2018
20181022,2018-10-22,1,22,Monday,10,October,4,2018
20181023,2018-10-23,2,23,Tuesday,10,October,4,2018
20181024,2018-10-24,3,24,Wednesday,10,October,4,2018
20181025,2018-10-25,4,25,Thursday,10,October,4,2018
20181026,2018-10-26,5,26,Friday,10,October,4,2018
20181027,2018-10-27,6,27,Saturday,10,October,4,2018
20181028,2018-10-28,7,28,Sunday,10,October,4,2018
20181029,2018-10-29,1,29,Monday,10,October,4,2018
20181030,2018-10-30,2,30,Tuesday,10,October,4,2018
20181031,2018-10-31,3,31,Wednesday,10,October,4,2018
20181101,2018-11-01,4,1,Thursday,11,November,4,2018
20181102,2018-11-02,5,2,Friday,11,November,4,2018
20181103,2018-11-03,6,3,Saturday,11,November,4,2018
20181104,2018-11-04,7,4,Sunday,11,November,4,2018
20181105,2018-11-05,1,5,Monday,11,November,4,2018
20181106,2018-11-06,2,6,Tuesday,11,November,4,2018
20181107,2018-11-07,3,7,Wednesday,11,November,4,2018
20181108,2018-11-08,4,8,Thursday,11,November,4,2018
20181109,2018-11-09,5,9,Friday,11,November,4,2018
20181110,2018-11-10,6,10,Saturday,11,November,4,2018
20181111,2018-11-11,7,11,Sunday,11,November,4,2018
20181112,2018-11-12,1,12,Monday,11,November,4,2018
20181113,2018-11-13,2,13,Tuesday,11,November,4,2018
20181114,2018-11-14,3,14,Wednesday,11,November,4,2018
20181115,2018-11-15,4,15,Thursday,11,November,4,2018
20181116,2018-11-16,5,16,Friday,11,November,4,2018
20181117,2018-11-17,6,17,Saturday,11,November,4,2018
20181118,2018-11-18,7,18,Sunday,11,November,4,2018
20181119,2018-11-19,1,19,Monday,11,November,4,2018
20181120,2018-11-20,2,20,Tuesday,11,November,4,2018
20181121,2018-11-21,3,21,Wednesday,11,November,4,2018
20181122,2018-11-22,4,22,Thursday,11,November,4,2018
20181123,2018-11-23,5,23,Friday,11,November,4,2018
20181124,2018-11-24,6,24,Saturday,11,November,4,2018
20181125,2018-11-25,7,25,Sunday,11,November,4,2018
20181126,2018-11-26,1,26,Monday,11,November,4,2018
20181127,2018-11-27,2,27,Tuesday,11,November,4,2018
20181128,2018-11-28,3,28,Wednesday,11,November,4,2018
20181129,2018-11-29,4,29,Thursday,11,November,4,2018
20181130,2018-11-30,5,30,Friday,11,November,4,2018
20181201,2018-12-01,6,1,Saturday,12,December,4,2018
20181202,2018-12-02,7,2,Sunday,12,December,4,2018
20181203,2018-12-03,1,3,Monday,12,December,4,2018
20181204,2018-12-04,2,4,Tuesday,12,December,4,2018
20181205,2018-12-05,3,5,Wednesday,12,December,4,2018
20181206,2018-12-06,4,6,Thursday,12,December,4,2018
20181207,2018-12-07,5,7,Friday,12,December,4,2018
20181208,2018-12-08,6,8,Saturday,12,December,4,2018
20181209,2018-12-09,7,9,Sunday,12,December,4,2018
20181210,2018-12-10,1,10,Monday,12,December,4,2018
20181211,2018-12-11,2,11,Tuesday,12,December,4,2018
20181212,2018-12-12,3,12,Wednesday,12,December,4,2018
20181213,2018-12-13,4,13,Thursday,12,December,4,2018
20181214,2018-12-14,5,14,Friday,12,December,4,2018
20181215,2018-12-15,6,15,Saturday,12,December,4,2018
20181216,2018-12-16,7,16,Sunday,12,December,4,2018
20181217,2018-12-17,1,17,Monday,12,December,4,2018
20181218,2018-12-18,2,18,Tuesday,12,December,4,2018
20181219,2018-12-19,3,19,Wednesday,12,December,4,2018
20181220,2018-12-20,4,20,Thursday,12,December,4,2018
20181221,2018-12-21,5,21,Friday,12,December,4,2018
20181222,2018-12-22,6,22,Saturday,12,December,4,2018
20181223,2018-12-23,7,23,Sunday,12,December,4,2018
20181224,2018-12-24,1,24,Monday,12,December,4,2018
20181225,2018-12-25,2,25,Tuesday,12,December,4,2018
20181226,2018-12-26,3,26,Wednesday,12,December,4,2018
20181227,2018-12-27,4,27,Thursday,12,December,4,2018
20181228,2018-12-28,5,28,Friday,12,December,4,2018
20181229,2018-12-29,6,29,Saturday,12,December,4,2018
20181230,2018-12-30,7,30,Sunday,12,December,4,2018
20181231,2018-12-31,1,31,Monday,12,December,4,2018
20190101,2019-01-01,2,1,Tuesday,1,January,1,2019
20190102,2019-01-02,3,2,Wednesday,1,January,1,2019
20190103,2019-01-03,4,3,Thursday,1,January,1,2019
20190104,2019-01-04,5,4,Friday,1,January,1,2019
20190105,2019-01-05,6,5,Saturday,1,January,1,2019
20190106,2019-01-06,7,6,Sunday,1,January,1,2019
20190107,2019-01-07,1,7,Monday,1,January,1,2019
20190108,2019-01-08,2,8,Tuesday,1,January,1,2019
20190109,2019-01-09,3,9,Wednesday,1,January,1,2019
20190110,2019-01-10,4,10,Thursday,1,January,1,2019
20190111,2019-01-11,5,11,Friday,1,January,1,2019
20190112,2019-01-12,6,12,Saturday,1,January,1,2019
20190113,2019-01-13,7,13,Sunday,1,January,1,2019
20190114,2019-01-14,1,14,Monday,1,January,1,2019
20190115,2019-01-15,2,15,Tuesday,1,January,1,2019
20190116,2019-01-16,3,16,Wednesday,1,January,1,2019
20190117,2019-01-17,4,17,Thursday,1,January,1,2019
20190118,2019-01-18,5,18,Friday,1,January,1,2019
20190119,2019-01-19,6,19,Saturday,1,January,1,2019
20190120,2019-01-20,7,20,Sunday,1,January,1,2019
20190121,2019-01-21,1,21,Monday,1,January,1,2019
20190122,2019-01-22,2,22,Tuesday,1,January,1,2019
20190123,2019-01-23,3,23,Wednesday,1,January,1,2019
20190124,2019-01-24,4,24,Thursday,1,January,1,2019
20190125,2019-01-25,5,25,Friday,1,January,1,2019
20190126,2019-01-26,6,26,Saturday,1,January,1,2019
20190127,2019-01-27,7,27,Sunday,1,January,1,2019
20190128,2019-01-28,1,28,Monday,1,January,1,2019
20190129,2019-01-29,2,29,Tuesday,1,January,1,2019
20190130,2019-01-30,3,30,Wednesday,1,January,1,2019
20190131,2019-01-31,4,31,Thursday,1,January,1,2019
20190201,2019-02-01,5,1,Friday,2,February,1,2019
20190202,2019-02-02,6,2,Saturday,2,February,1,2019
20190203,2019-02-03,7,3,Sunday,2,February,1,2019
20190204,2019-02-04,1,4,Monday,2,February,1,2019
20190205,2019-02-05,2,5,Tuesday,2,February,1,2019
20190206,2019-02-06,3,6,Wednesday,2,February,1,2019
20190207,2019-02-07,4,7,Thursday,2,February,1,2019
20190208,2019-02-08,5,8,Friday,2,February,1,2019
20190209,2019-02-09,6,9,Saturday,2,February,1,2019
20190210,2019-02-10,7,10,Sunday,2,February,1,2019
20190211,2019-02-11,1,11,Monday,2,February,1,2019
20190212,2019-02-12,2,12,Tuesday,2,February,1,2019
20190213,2019-02-13,3,13,Wednesday,2,February,1,2019
20190214,2019-02-14,4,14,Thursday,2,February,1,2019
20190215,2019-02-15,5,15,Friday,2,February,1,2019
20190216,2019-02-16,6,16,Saturday,2,February,1,2019
20190217,2019-02-17,7,17,Sunday,2,February,1,2019
20190218,2019-02-18,1,18,Monday,2,February,1,2019
20190219,2019-02-19,2,19,Tuesday,2,February,1,2019
20190220,2019-02-20,3,20,Wednesday,2,February,1,2019
20190221,2019-02-21,4,21,Thursday,2,February,1,2019
20190222,2019-02-22,5,22,Friday,2,February,1,2019
20190223,2019-02-23,6,23,Saturday,2,February,1,2019
20190224,2019-02-24,7,24,Sunday,2,February,1,2019
20190225,2019-02-25,1,25,Monday,2,February,1,2019
20190226,2019-02-26,2,26,Tuesday,2,February,1,2019
20190227,2019-02-27,3,27,Wednesday,2,February,1,2019
20190228,2019-02-28,4,28,Thursday,2,February,1,2019
20190301,2019-03-01,5,1,Friday,3,March,1,2019
20190302,2019-03-02,6,2,Saturday,3,March,1,2019
20190303,2019-03-03,7,3,Sunday,3,March,1,2019
20190304,2019-03-04,1,4,Monday,3,March,1,2019
20190305,2019-03-05,2,5,Tuesday,3,March,1,2019
20190306,2019-03-06,3,6,Wednesday,3,March,1,2019
20190307,2019-03-07,4,7,Thursday,3,March,1,2019
20190308,2019-03-08,5,8,Friday,3,March,1,2019
20190309,2019-03-09,6,9,Saturday,3,March,1,2019
20190310,2019-03-10,7,10,Sunday,3,March,1,2019
20190311,2019-03-11,1,11,Monday,3,March,1,2019
20190312,2019-03-12,2,12,Tuesday,3,March,1,2019
20190313,2019-03-13,3,13,Wednesday,3,March,1,2019
20190314,2019-03-14,4,14,Thursday,3,March,1,2019
20190315,2019-03-15,5,15,Friday,3,March,1,2019
20190316,2019-03-16,6,16,Saturday,3,March,1,2019
20190317,2019-03-17,7,17,Sunday,3,March,1,2019
20190318,2019-03-18,1,18,Monday,3,March,1,2019
20190319,2019-03-19,2,19,Tuesday,3,March,1,2019
20190320,2019-03-20,3,20,Wednesday,3,March,1,2019
20190321,2019-03-21,4,21,Thursday,3,March,1,2019
20190322,2019-03-22,5,22,Friday,3,March,1,2019
20190323,2019-03-23,6,23,Saturday,3,March,1,2019
20190324,2019-03-24,7,24,Sunday,3,March,1,2019
20190325,2019-03-25,1,25,Monday,3,March,1,2019
20190326,2019-03-26,2,26,Tuesday,3,March,1,2019
20190327,2019-03-27,3,27,Wednesday,3,March,1,2019
20190328,2019-03-28,4,28,Thursday,3,March,1,2019
20190329,2019-03-29,5,29,Friday,3,March,1,2019
20190330,2019-03-30,6,30,Saturday,3,March,1,2019
20190331,2019-03-31,7,31,Sunday,3,March,1,2019
20190401,2019-04-01,1,1,Monday,4,April,2,2019
20190402,2019-04-02,2,2,Tuesday,4,April,2,2019
20190403,2019-04-03,3,3,Wednesday,4,April,2,2019
20190404,2019-04-04,4,4,Thursday,4,April,2,2019
20190405,2019-04-05,5,5,Friday,4,April,2,2019
20190406,2019-04-06,6,6,Saturday,4,April,2,2019
20190407,2019-04-07,7,7,Sunday,4,April,2,2019
20190408,2019-04-08,1,8,Monday,4,April,2,2019
20190409,2019-04-09,2,9,Tuesday,4,April,2,2019
20190410,2019-04-10,3,10,Wednesday,4,April,2,2019
20190411,2019-04-11,4,11,Thursday,4,April,2,2019
20190412,2019-04-12,5,12,Friday,4,April,2,2019
20190413,2019-04-13,6,13,Saturday,4,April,2,2019
20190414,2019-04-14,7,14,Sunday,4,April,2,2019
20190415,2019-04-15,1,15,Monday,4,April,2,2019
20190416,2019-04-16,2,16,Tuesday,4,April,2,2019
20190417,2019-04-17,3,17,Wednesday,4,April,2,2019
20190418,2019-04-18,4,18,Thursday,4,April,2,2019
20190419,2019-04-19,5,19,Friday,4,April,2,2019
20190420,2019-04-20,6,20,Saturday,4,April,2,2019
20190421,2019-04-21,7,21,Sunday,4,April,2,2019
20190422,2019-04-22,1,22,Monday,4,April,2,2019
20190423,2019-04-23,2,23,Tuesday,4,April,2,2019
20190424,2019-04-24,3,24,Wednesday,4,April,2,2019
20190425,2019-04-25,4,25,Thursday,4,April,2,2019
20190426,2019-04-26,5,26,Friday,4,April,2,2019
20190427,2019-04-27,6,27,Saturday,4,April,2,2019
20190428,2019-04-28,7,28,Sunday,4,April,2,2019
20190429,2019-04-29,1,29,Monday,4,April,2,2019
20190430,2019-04-30,2,30,Tuesday,4,April,2,2019
20190501,2019-05-01,3,1,Wednesday,5,May,2,2019
20190502,2019-05-02,4,2,Thursday,5,May,2,2019
20190503,2019-05-03,5,3,Friday,5,May,2,2019
20190504,2019-05-04,6,4,Saturday,5,May,2,2019
20190505,2019-05-05,7,5,Sunday,5,May,2,2019
20190506,2019-05-06,1,6,Monday,5,May,2,2019
20190507,2019-05-07,2,7,Tuesday,5,May,2,2019
20190508,2019-05-08,3,8,Wednesday,5,May,2,2019
20190509,2019-05-09,4,9,Thursday,5,May,2,2019
20190510,2019-05-10,5,10,Friday,5,May,2,2019
20190511,2019-05-11,6,11,Saturday,5,May,2,2019
20190512,2019-05-12,7,12,Sunday,5,May,2,2019
20190513,2019-05-13,1,13,Monday,5,May,2,2019
20190514,2019-05-14,2,14,Tuesday,5,May,2,2019
20190515,2019-05-15,3,15,Wednesday,5,May,2,2019
20190516,2019-05-16,4,16,Thursday,5,May,2,2019
20190517,2019-05-17,5,17,Friday,5,May,2,2019
20190518,2019-05-18,6,18,Saturday,5,May,2,2019
20190519,2019-05-19,7,19,Sunday,5,May,2,2019
20190520,2019-05-20,1,20,Monday,5,May,2,2019
20190521,2019-05-21,2,21,Tuesday,5,May,2,2019
20190522,2019-05-22,3,22,Wednesday,5,May,2,2019
20190523,2019-05-23,4,23,Thursday,5,May,2,2019
20190524,2019-05-24,5,24,Friday,5,May,2,2019
20190525,2019-05-25,6,25,Saturday,5,May,2,2019
20190526,2019-05-26,7,26,Sunday,5,May,2,2019
20190527,2019-05-27,1,27,Monday,5,May,2,2019
20190528,2019-05-28,2,28,Tuesday,5,May,2,2019
20190529,2019-05-29,3,29,Wednesday,5,May,2,2019
20190530,2019-05-30,4,30,Thursday,5,May,2,2019
20190531,2019-05-31,5,31,Friday,5,May,2,2019
20190601,2019-06-01,6,1,Saturday,6,June,2,2019
20190602,2019-06-02,7,2,Sunday,6,June,2,2019
20190603,2019-06-03,1,3,Monday,6,June,2,2019
20190604,2019-06-04,2,4,Tuesday,6,June,2,2019
20190605,2019-06-05,3,5,Wednesday,6,June,2,2019
20190606,2019-06-06,4,6,Thursday,6,June,2,2019
20190607,2019-06-07,5,7,Friday,6,June,2,2019
20190608,2019-06-08,6,8,Saturday,6,June,2,2019
20190609,2019-06-09,7,9,Sunday,6,June,2,2019
20190610,2019-06-10,1,10,Monday,6,June,2,2019
20190611,2019-06-11,2,11,Tuesday,6,June,2,2019
20190612,2019-06-12,3,12,Wednesday,6,June,2,2019
20190613,2019-06-13,4,13,Thursday,6,June,2,2019
20190614,2019-06-14,5,14,Friday,6,June,2,2019
20190615,2019-06-15,6,15,Saturday,6,June,2,2019
20190616,2019-06-16,7,16,Sunday,6,June,2,2019
20190617,2019-06-17,1,17,Monday,6,June,2,2019
20190618,2019-06-18,2,18,Tuesday,6,June,2,2019
20190619,2019-06-19,3,19,Wednesday,6,June,2,2019
20190620,2019-06-20,4,20,Thursday,6,June,2,2019
20190621,2019-06-21,5,21,Friday,6,June,2,2019
20190622,2019-06-22,6,22,Saturday,6,June,2,2019
20190623,2019-06-23,7,23,Sunday,6,June,2,2019
20190624,2019-06-24,1,24,Monday,6,June,2,2019
20190625,2019-06-25,2,25,Tuesday,6,June,2,2019
20190626,2019-06-26,3,26,Wednesday,6,June,2,2019
20190627,2019-06-27,4,27,Thursday,6,June,2,2019
20190628,2019-06-28,5,28,Friday,6,June,2,2019
20190629,2019-06-29,6,29,Saturday,6,June,2,2019
20190630,2019-06-30,7,30,Sunday,6,June,2,2019
20190701,2019-07-01,1,1,Monday,7,July,3,2019
20190702,2019-07-02,2,2,Tuesday,7,July,3,2019
20190703,2019-07-03,3,3,Wednesday,7,July,3,2019
20190704,2019-07-04,4,4,Thursday,7,July,3,2019
20190705,2019-07-05,5,5,Friday,7,July,3,2019
20190706,2019-07-06,6,6,Saturday,7,July,3,2019
20190707,2019-07-07,7,7,Sunday,7,July,3,2019
20190708,2019-07-08,1,8,Monday,7,July,3,2019
20190709,2019-07-09,2,9,Tuesday,7,July,3,2019
20190710,2019-07-10,3,10,Wednesday,7,July,3,2019
20190711,2019-07-11,4,11,Thursday,7,July,3,2019
20190712,2019-07-12,5,12,Friday,7,July,3,2019
20190713,2019-07-13,6,13,Saturday,7,July,3,2019
20190714,2019-07-14,7,14,Sunday,7,July,3,2019
20190715,2019-07-15,1,15,Monday,7,July,3,2019
20190716,2019-07-16,2,16,Tuesday,7,July,3,2019
20190717,2019-07-17,3,17,Wednesday,7,July,3,2019
20190718,2019-07-18,4,18,Thursday,7,July,3,2019
20190719,2019-07-19,5,19,Friday,7,July,3,2019
20190720,2019-07-20,6,20,Saturday,7,July,3,2019
20190721,2019-07-21,7,21,Sunday,7,July,3,2019
20190722,2019-07-22,1,22,Monday,7,July,3,2019
20190723,2019-07-23,2,23,Tuesday,7,July,3,2019
20190724,2019-07-24,3,24,Wednesday,7,July,3,2019
20190725,2019-07-25,4,25,Thursday,7,July,3,2019
20190726,2019-07-26,5,26,Friday,7,July,3,2019
20190727,2019-07-27,6,27,Saturday,7,July,3,2019
20190728,2019-07-28,7,28,Sunday,7,July,3,2019
20190729,2019-07-29,1,29,Monday,7,July,3,2019
20190730,2019-07-30,2,30,Tuesday,7,July,3,2019
20190731,2019-07-31,3,31,Wednesday,7,July,3,2019
20190801,2019-08-01,4,1,Thursday,8,August,3,2019
20190802,2019-08-02,5,2,Friday,8,August,3,2019
20190803,2019-08-03,6,3,Saturday,8,August,3,2019
20190804,2019-08-04,7,4,Sunday,8,August,3,2019
20190805,2019-08-05,1,5,Monday,8,August,3,2019
20190806,2019-08-06,2,6,Tuesday,8,August,3,2019
20190807,2019-08-07,3,7,Wednesday,8,August,3,2019
20190808,2019-08-08,4,8,Thursday,8,August,3,2019
20190809,2019-08-09,5,9,Friday,8,August,3,2019
20190810,2019-08-10,6,10,Saturday,8,August,3,2019
20190811,2019-08-11,7,11,Sunday,8,August,3,2019
20190812,2019-08-12,1,12,Monday,8,August,3,2019
20190813,2019-08-13,2,13,Tuesday,8,August,3,2019
20190814,2019-08-14,3,14,Wednesday,8,August,3,2019
20190815,2019-08-15,4,15,Thursday,8,August,3,2019
20190816,2019-08-16,5,16,Friday,8,August,3,2019
20190817,2019-08-17,6,17,Saturday,8,August,3,2019
20190818,2019-08-18,7,18,Sunday,8,August,3,2019
20190819,2019-08-19,1,19,Monday,8,August,3,2019
20190820,2019-08-20,2,20,Tuesday,8,August,3,2019
20190821,2019-08-21,3,21,Wednesday,8,August,3,2019
20190822,2019-08-22,4,22,Thursday,8,August,3,2019
20190823,2019-08-23,5,23,Friday,8,August,3,2019
20190824,2019-08-24,6,24,Saturday,8,August,3,2019
20190825,2019-08-25,7,25,Sunday,8,August,3,2019
20190826,2019-08-26,1,26,Monday,8,August,3,2019
20190827,2019-08-27,2,27,Tuesday,8,August,3,2019
20190828,2019-08-28,3,28,Wednesday,8,August,3,2019
20190829,2019-08-29,4,29,Thursday,8,August,3,2019
20190830,2019-08-30,5,30,Friday,8,August,3,2019
20190831,2019-08-31,6,31,Saturday,8,August,3,2019
20190901,2019-09-01,7,1,Sunday,9,September,3,2019
20190902,2019-09-02,1,2,Monday,9,September,3,2019
20190903,2019-09-03,2,3,Tuesday,9,September,3,2019
20190904,2019-09-04,3,4,Wednesday,9,September,3,2019
20190905,2019-09-05,4,5,Thursday,9,September,3,2019
20190906,2019-09-06,5,6,Friday,9,September,3,2019
20190907,2019-09-07,6,7,Saturday,9,September,3,2019
20190908,2019-09-08,7,8,Sunday,9,September,3,2019
20190909,2019-09-09,1,9,Monday,9,September,3,2019
20190910,2019-09-10,2,10,Tuesday,9,September,3,2019
20190911,2019-09-11,3,11,Wednesday,9,September,3,2019
20190912,2019-09-12,4,12,Thursday,9,September,3,2019
20190913,2019-09-13,5,13,Friday,9,September,3,2019
20190914,2019-09-14,6,14,Saturday,9,September,3,2019
20190915,2019-09-15,7,15,Sunday,9,September,3,2019
20190916,2019-09-16,1,16,Monday,9,September,3,2019
20190917,2019-09-17,2,17,Tuesday,9,September,3,2019
20190918,2019-09-18,3,18,Wednesday,9,September,3,2019
20190919,2019-09-19,4,19,Thursday,9,September,3,2019
20190920,2019-09-20,5,20,Friday,9,September,3,2019
20190921,2019-09-21,6,21,Saturday,9,September,3,2019
20190922,2019-09-22,7,22,Sunday,9,September,3,2019
20190923,2019-09-23,1,23,Monday,9,September,3,2019
20190924,2019-09-24,2,24,Tuesday,9,September,3,2019
20190925,2019-09-25,3,25,Wednesday,9,September,3,2019
20190926,2019-09-26,4,26,Thursday,9,September,3,2019
20190927,2019-09-27,5,27,Friday,9,September,3,2019
20190928,2019-09-28,6,28,Saturday,9,September,3,2019
20190929,2019-09-29,7,29,Sunday,9,September,3,2019
20190930,2019-09-30,1,30,Monday,9,September,3,2019
20191001,2019-10-01,2,1,Tuesday,10,October,4,2019
20191002,2019-10-02,3,2,Wednesday,10,October,4,2019
20191003,2019-10-03,4,3,Thursday,10,October,4,2019
20191004,2019-10-04,5,4,Friday,10,October,4,2019
20191005,2019-10-05,6,5,Saturday,10,October,4,2019
20191006,2019-10-06,7,6,Sunday,10,October,4,2019
20191007,2019-10-07,1,7,Monday,10,October,4,2019
20191008,2019-10-08,2,8,Tuesday,10,October,4,2019
20191009,2019-10-09,3,9,Wednesday,10,October,4,2019
20191010,2019-10-10,4,10,Thursday,10,October,4,2019
20191011,2019-10-11,5,11,Friday,10,October,4,2019
20191012,2019-10-12,6,12,Saturday,10,October,4,2019
20191013,2019-10-13,7,13,Sunday,10,October,4,2019
20191014,2019-10-14,1,14,Monday,10,October,4,2019
20191015,2019-10-15,2,15,Tuesday,10,October,4,2019
20191016,2019-10-16,3,16,Wednesday,10,October,4,2019
20191017,2019-10-17,4,17,Thursday,10,October,4,2019
20191018,2019-10-18,5,18,Friday,10,October,4,2019
20191019,2019-10-19,6,19,Saturday,10,October,4,2019
20191020,2019-10-20,7,20,Sunday,10,October,4,2019
20191021,2019-10-21,1,21,Monday,10,October,4,2019
20191022,2019-10-22,2,22,Tuesday,10,October,4,2019
20191023,2019-10-23,3,23,Wednesday,10,October,4,2019
20191024,2019-10-24,4,24,Thursday,10,October,4,2019
20191025,2019-10-25,5,25,Friday,10,October,4,2019
20191026,2019-10-26,6,26,Saturday,10,October,4,2019
20191027,2019-10-27,7,27,Sunday,10,October,4,2019
20191028,2019-10-28,1,28,Monday,10,October,4,2019
20191029,2019-10-29,2,29,Tuesday,10,October,4,2019
20191030,2019-10-30,3,30,Wednesday,10,October,4,2019
20191031,2019-10-31,4,31,Thursday,10,October,4,2019
20191101,2019-11-01,5,1,Friday,11,November,4,2019
20191102,2019-11-02,6,2,Saturday,11,November,4,2019
20191103,2019-11-03,7,3,Sunday,11,November,4,2019
20191104,2019-11-04,1,4,Monday,11,November,4,2019
20191105,2019-11-05,2,5,Tuesday,11,November,4,2019
20191106,2019-11-06,3,6,Wednesday,11,November,4,2019
20191107,2019-11-07,4,7,Thursday,11,November,4,2019
20191108,2019-11-08,5,8,Friday,11,November,4,2019
20191109,2019-11-09,6,9,Saturday,11,November,4,2019
20191110,2019-11-10,7,10,Sunday,11,November,4,2019
20191111,2019-11-11,1,11,Monday,11,November,4,2019
20191112,2019-11-12,2,12,Tuesday,11,November,4,2019
20191113,2019-11-13,3,13,Wednesday,11,November,4,2019
20191114,2019-11-14,4,14,Thursday,11,November,4,2019
20191115,2019-11-15,5,15,Friday,11,November,4,2019
20191116,2019-11-16,6,16,Saturday,11,November,4,2019
20191117,2019-11-17,7,17,Sunday,11,November,4,2019
20191118,2019-11-18,1,18,Monday,11,November,4,2019
20191119,2019-11-19,2,19,Tuesday,11,November,4,2019
20191120,2019-11-20,3,20,Wednesday,11,November,4,2019
20191121,2019-11-21,4,21,Thursday,11,November,4,2019
20191122,2019-11-22,5,22,Friday,11,November,4,2019
20191123,2019-11-23,6,23,Saturday,11,November,4,2019
20191124,2019-11-24,7,24,Sunday,11,November,4,2019
20191125,2019-11-25,1,25,Monday,11,November,4,2019
20191126,2019-11-26,2,26,Tuesday,11,November,4,2019
20191127,2019-11-27,3,27,Wednesday,11,November,4,2019
20191128,2019-11-28,4,28,Thursday,11,November,4,2019
20191129,2019-11-29,5,29,Friday,11,November,4,2019
20191130,2019-11-30,6,30,Saturday,11,November,4,2019
20191201,2019-12-01,7,1,Sunday,12,December,4,2019
20191202,2019-12-02,1,2,Monday,12,December,4,2019
20191203,2019-12-03,2,3,Tuesday,12,December,4,2019
20191204,2019-12-04,3,4,Wednesday,12,December,4,2019
20191205,2019-12-05,4,5,Thursday,12,December,4,2019
20191206,2019-12-06,5,6,Friday,12,December,4,2019
20191207,2019-12-07,6,7,Saturday,12,December,4,2019
20191208,2019-12-08,7,8,Sunday,12,December,4,2019
20191209,2019-12-09,1,9,Monday,12,December,4,2019
20191210,2019-12-10,2,10,Tuesday,12,December,4,2019
20191211,2019-12-11,3,11,Wednesday,12,December,4,2019
20191212,2019-12-12,4,12,Thursday,12,December,4,2019
20191213,2019-12-13,5,13,Friday,12,December,4,2019
20191214,2019-12-14,6,14,Saturday,12,December,4,2019
20191215,2019-12-15,7,15,Sunday,12,December,4,2019
20191216,2019-12-16,1,16,Monday,12,December,4,2019
20191217,2019-12-17,2,17,Tuesday,12,December,4,2019
20191218,2019-12-18,3,18,Wednesday,12,December,4,2019
20191219,2019-12-19,4,19,Thursday,12,December,4,2019
20191220,2019-12-20,5,20,Friday,12,December,4,2019
20191221,2019-12-21,6,21,Saturday,12,December,4,2019
20191222,2019-12-22,7,22,Sunday,12,December,4,2019
20191223,2019-12-23,1,23,Monday,12,December,4,2019
20191224,2019-12-24,2,24,Tuesday,12,December,4,2019
20191225,2019-12-25,3,25,Wednesday,12,December,4,2019
20191226,2019-12-26,4,26,Thursday,12,December,4,2019
20191227,2019-12-27,5,27,Friday,12,December,4,2019
20191228,2019-12-28,6,28,Saturday,12,December,4,2019
20191229,2019-12-29,7,29,Sunday,12,December,4,2019
20191230,2019-12-30,1,30,Monday,12,December,4,2019
20191231,2019-12-31,2,31,Tuesday,12,December,4,2019
20200101,2020-01-01,3,1,Wednesday,1,January,1,2020
20200102,2020-01-02,4,2,Thursday,1,January,1,2020
20200103,2020-01-03,5,3,Friday,1,January,1,2020
20200104,2020-01-04,6,4,Saturday,1,January,1,2020
20200105,2020-01-05,7,5,Sunday,1,January,1,2020
20200106,2020-01-06,1,6,Monday,1,January,1,2020
20200107,2020-01-07,2,7,Tuesday,1,January,1,2020
20200108,2020-01-08,3,8,Wednesday,1,January,1,2020
20200109,2020-01-09,4,9,Thursday,1,January,1,2020
20200110,2020-01-10,5,10,Friday,1,January,1,2020
20200111,2020-01-11,6,11,Saturday,1,January,1,2020
20200112,2020-01-12,7,12,Sunday,1,January,1,2020
20200113,2020-01-13,1,13,Monday,1,January,1,2020
20200114,2020-01-14,2,14,Tuesday,1,January,1,2020
20200115,2020-01-15,3,15,Wednesday,1,January,1,2020
20200116,2020-01-16,4,16,Thursday,1,January,1,2020
20200117,2020-01-17,5,17,Friday,1,January,1,2020
20200118,2020-01-18,6,18,Saturday,1,January,1,2020
20200119,2020-01-19,7,19,Sunday,1,January,1,2020
20200120,2020-01-20,1,20,Monday,1,January,1,2020
20200121,2020-01-21,2,21,Tuesday,1,January,1,2020
20200122,2020-01-22,3,22,Wednesday,1,January,1,2020
20200123,2020-01-23,4,23,Thursday,1,January,1,2020
20200124,2020-01-24,5,24,Friday,1,January,1,2020
20200125,2020-01-25,6,25,Saturday,1,January,1,2020
20200126,2020-01-26,7,26,Sunday,1,January,1,2020
20200127,2020-01-27,1,27,Monday,1,January,1,2020
20200128,2020-01-28,2,28,Tuesday,1,January,1,2020
20200129,2020-01-29,3,29,Wednesday,1,January,1,2020
20200130,2020-01-30,4,30,Thursday,1,January,1,2020
20200131,2020-01-31,5,31,Friday,1,January,1,2020
20200201,2020-02-01,6,1,Saturday,2,February,1,2020
20200202,2020-02-02,7,2,Sunday,2,February,1,2020
20200203,2020-02-03,1,3,Monday,2,February,1,2020
20200204,2020-02-04,2,4,Tuesday,2,February,1,2020
20200205,2020-02-05,3,5,Wednesday,2,February,1,2020
20200206,2020-02-06,4,6,Thursday,2,February,1,2020
20200207,2020-02-07,5,7,Friday,2,February,1,2020
20200208,2020-02-08,6,8,Saturday,2,February,1,2020
20200209,2020-02-09,7,9,Sunday,2,February,1,2020
20200210,2020-02-10,1,10,Monday,2,February,1,2020
20200211,2020-02-11,2,11,Tuesday,2,February,1,2020
20200212,2020-02-12,3,12,Wednesday,2,February,1,2020
20200213,2020-02-13,4,13,Thursday,2,February,1,2020
20200214,2020-02-14,5,14,Friday,2,February,1,2020
20200215,2020-02-15,6,15,Saturday,2,February,1,2020
20200216,2020-02-16,7,16,Sunday,2,February,1,2020
20200217,2020-02-17,1,17,Monday,2,February,1,2020
20200218,2020-02-18,2,18,Tuesday,2,February,1,2020
20200219,2020-02-19,3,19,Wednesday,2,February,1,2020
20200220,2020-02-20,4,20,Thursday,2,February,1,2020
20200221,2020-02-21,5,21,Friday,2,February,1,2020
20200222,2020-02-22,6,22,Saturday,2,February,1,2020
20200223,2020-02-23,7,23,Sunday,2,February,1,2020
20200224,2020-02-24,1,24,Monday,2,February,1,2020
20200225,2020-02-25,2,25,Tuesday,2,February,1,2020
20200226,2020-02-26,3,26,Wednesday,2,February,1,2020
20200227,2020-02-27,4,27,Thursday,2,February,1,2020
20200228,2020-02-28,5,28,Friday,2,February,1,2020
20200229,2020-02-29,6,29,Saturday,2,February,1,2020
20200301,2020-03-01,7,1,Sunday,3,March,1,2020
20200302,2020-03-02,1,2,Monday,3,March,1,2020
20200303,2020-03-03,2,3,Tuesday,3,March,1,2020
20200304,2020-03-04,3,4,Wednesday,3,March,1,2020
20200305,2020-03-05,4,5,Thursday,3,March,1,2020
20200306,2020-03-06,5,6,Friday,3,March,1,2020
20200307,2020-03-07,6,7,Saturday,3,March,1,2020
20200308,2020-03-08,7,8,Sunday,3,March,1,2020
20200309,2020-03-09,1,9,Monday,3,March,1,2020
20200310,2020-03-10,2,10,Tuesday,3,March,1,2020
20200311,2020-03-11,3,11,Wednesday,3,March,1,2020
20200312,2020-03-12,4,12,Thursday,3,March,1,2020
20200313,2020-03-13,5,13,Friday,3,March,1,2020
20200314,2020-03-14,6,14,Saturday,3,March,1,2020
20200315,2020-03-15,7,15,Sunday,3,March,1,2020
20200316,2020-03-16,1,16,Monday,3,March,1,2020
20200317,2020-03-17,2,17,Tuesday,3,March,1,2020
20200318,2020-03-18,3,18,Wednesday,3,March,1,2020
20200319,2020-03-19,4,19,Thursday,3,March,1,2020
20200320,2020-03-20,5,20,Friday,3,March,1,2020
20200321,2020-03-21,6,21,Saturday,3,March,1,2020
20200322,2020-03-22,7,22,Sunday,3,March,1,2020
20200323,2020-03-23,1,23,Monday,3,March,1,2020
20200324,2020-03-24,2,24,Tuesday,3,March,1,2020
20200325,2020-03-25,3,25,Wednesday,3,March,1,2020
20200326,2020-03-26,4,26,Thursday,3,March,1,2020
20200327,2020-03-27,5,27,Friday,3,March,1,2020
20200328,2020-03-28,6,28,Saturday,3,March,1,2020
20200329,2020-03-29,7,29,Sunday,3,March,1,2020
20200330,2020-03-30,1,30,Monday,3,March,1,2020
20200331,2020-03-31,2,31,Tuesday,3,March,1,2020
20200401,2020-04-01,3,1,Wednesday,4,April,2,2020
20200402,2020-04-02,4,2,Thursday,4,April,2,2020
20200403,2020-04-03,5,3,Friday,4,April,2,2020
20200404,2020-04-04,6,4,Saturday,4,April,2,2020
20200405,2020-04-05,7,5,Sunday,4,April,2,2020
20200406,2020-04-06,1,6,Monday,4,April,2,2020
20200407,2020-04-07,2,7,Tuesday,4,April,2,2020
20200408,2020-04-08,3,8,Wednesday,4,April,2,2020
20200409,2020-04-09,4,9,Thursday,4,April,2,2020
20200410,2020-04-10,5,10,Friday,4,April,2,2020
20200411,2020-04-11,6,11,Saturday,4,April,2,2020
20200412,2020-04-12,7,12,Sunday,4,April,2,2020
20200413,2020-04-13,1,13,Monday,4,April,2,2020
20200414,2020-04-14,2,14,Tuesday,4,April,2,2020
20200415,2020-04-15,3,15,Wednesday,4,April,2,2020
20200416,2020-04-16,4,16,Thursday,4,April,2,2020
20200417,2020-04-17,5,17,Friday,4,April,2,2020
20200418,2020-04-18,6,18,Saturday,4,April,2,2020
20200419,2020-04-19,7,19,Sunday,4,April,2,2020
20200420,2020-04-20,1,20,Monday,4,April,2,2020
20200421,2020-04-21,2,21,Tuesday,4,April,2,2020
20200422,2020-04-22,3,22,Wednesday,4,April,2,2020
20200423,2020-04-23,4,23,Thursday,4,April,2,2020
20200424,2020-04-24,5,24,Friday,4,April,2,2020
20200425,2020-04-25,6,25,Saturday,4,April,2,2020
20200426,2020-04-26,7,26,Sunday,4,April,2,2020
20200427,2020-04-27,1,27,Monday,4,April,2,2020
20200428,2020-04-28,2,28,Tuesday,4,April,2,2020
20200429,2020-04-29,3,29,Wednesday,4,April,2,2020
20200430,2020-04-30,4,30,Thursday,4,April,2,2020
20200501,2020-05-01,5,1,Friday,5,May,2,2020
20200502,2020-05-02,6,2,Saturday,5,May,2,2020
20200503,2020-05-03,7,3,Sunday,5,May,2,2020
20200504,2020-05-04,1,4,Monday,5,May,2,2020
20200505,2020-05-05,2,5,Tuesday,5,May,2,2020
20200506,2020-05-06,3,6,Wednesday,5,May,2,2020
20200507,2020-05-07,4,7,Thursday,5,May,2,2020
20200508,2020-05-08,5,8,Friday,5,May,2,2020
20200509,2020-05-09,6,9,Saturday,5,May,2,2020
20200510,2020-05-10,7,10,Sunday,5,May,2,2020
20200511,2020-05-11,1,11,Monday,5,May,2,2020
20200512,2020-05-12,2,12,Tuesday,5,May,2,2020
20200513,2020-05-13,3,13,Wednesday,5,May,2,2020
20200514,2020-05-14,4,14,Thursday,5,May,2,2020
20200515,2020-05-15,5,15,Friday,5,May,2,2020
20200516,2020-05-16,6,16,Saturday,5,May,2,2020
20200517,2020-05-17,7,17,Sunday,5,May,2,2020
20200518,2020-05-18,1,18,Monday,5,May,2,2020
20200519,2020-05-19,2,19,Tuesday,5,May,2,2020
20200520,2020-05-20,3,20,Wednesday,5,May,2,2020
20200521,2020-05-21,4,21,Thursday,5,May,2,2020
20200522,2020-05-22,5,22,Friday,5,May,2,2020
20200523,2020-05-23,6,23,Saturday,5,May,2,2020
20200524,2020-05-24,7,24,Sunday,5,May,2,2020
20200525,2020-05-25,1,25,Monday,5,May,2,2020
20200526,2020-05-26,2,26,Tuesday,5,May,2,2020
20200527,2020-05-27,3,27,Wednesday,5,May,2,2020
20200528,2020-05-28,4,28,Thursday,5,May,2,2020
20200529,2020-05-29,5,29,Friday,5,May,2,2020
20200530,2020-05-30,6,30,Saturday,5,May,2,2020
20200531,2020-05-31,7,31,Sunday,5,May,2,2020
20200601,2020-06-01,1,1,Monday,6,June,2,2020
20200602,2020-06-02,2,2,Tuesday,6,June,2,2020
20200603,2020-06-03,3,3,Wednesday,6,June,2,2020
20200604,2020-06-04,4,4,Thursday,6,June,2,2020
20200605,2020-06-05,5,5,Friday,6,June,2,2020
20200606,2020-06-06,6,6,Saturday,6,June,2,2020
20200607,2020-06-07,7,7,Sunday,6,June,2,2020
20200608,2020-06-08,1,8,Monday,6,June,2,2020
20200609,2020-06-09,2,9,Tuesday,6,June,2,2020
20200610,2020-06-10,3,10,Wednesday,6,June,2,2020
20200611,2020-06-11,4,11,Thursday,6,June,2,2020
20200612,2020-06-12,5,12,Friday,6,June,2,2020
20200613,2020-06-13,6,13,Saturday,6,June,2,2020
20200614,2020-06-14,7,14,Sunday,6,June,2,2020
20200615,2020-06-15,1,15,Monday,6,June,2,2020
20200616,2020-06-16,2,16,Tuesday,6,June,2,2020
20200617,2020-06-17,3,17,Wednesday,6,June,2,2020
20200618,2020-06-18,4,18,Thursday,6,June,2,2020
20200619,2020-06-19,5,19,Friday,6,June,2,2020
20200620,2020-06-20,6,20,Saturday,6,June,2,2020
20200621,2020-06-21,7,21,Sunday,6,June,2,2020
20200622,2020-06-22,1,22,Monday,6,June,2,2020
20200623,2020-06-23,2,23,Tuesday,6,June,2,2020
20200624,2020-06-24,3,24,Wednesday,6,June,2,2020
20200625,2020-06-25,4,25,Thursday,6,June,2,2020
20200626,2020-06-26,5,26,Friday,6,June,2,2020
20200627,2020-06-27,6,27,Saturday,6,June,2,2020
20200628,2020-06-28,7,28,Sunday,6,June,2,2020
20200629,2020-06-29,1,29,Monday,6,June,2,2020
20200630,2020-06-30,2,30,Tuesday,6,June,2,2020
20200701,2020-07-01,3,1,Wednesday,7,July,3,2020
20200702,2020-07-02,4,2,Thursday,7,July,3,2020
20200703,2020-07-03,5,3,Friday,7,July,3,2020
20200704,2020-07-04,6,4,Saturday,7,July,3,2020
20200705,2020-07-05,7,5,Sunday,7,July,3,2020
20200706,2020-07-06,1,6,Monday,7,July,3,2020
20200707,2020-07-07,2,7,Tuesday,7,July,3,2020
20200708,2020-07-08,3,8,Wednesday,7,July,3,2020
20200709,2020-07-09,4,9,Thursday,7,July,3,2020
20200710,2020-07-10,5,10,Friday,7,July,3,2020
20200711,2020-07-11,6,11,Saturday,7,July,3,2020
20200712,2020-07-12,7,12,Sunday,7,July,3,2020
20200713,2020-07-13,1,13,Monday,7,July,3,2020
20200714,2020-07-14,2,14,Tuesday,7,July,3,2020
20200715,2020-07-15,3,15,Wednesday,7,July,3,2020
20200716,2020-07-16,4,16,Thursday,7,July,3,2020
20200717,2020-07-17,5,17,Friday,7,July,3,2020
20200718,2020-07-18,6,18,Saturday,7,July,3,2020
20200719,2020-07-19,7,19,Sunday,7,July,3,2020
20200720,2020-07-20,1,20,Monday,7,July,3,2020
20200721,2020-07-21,2,21,Tuesday,7,July,3,2020
20200722,2020-07-22,3,22,Wednesday,7,July,3,2020
20200723,2020-07-23,4,23,Thursday,7,July,3,2020
20200724,2020-07-24,5,24,Friday,7,July,3,2020
20200725,2020-07-25,6,25,Saturday,7,July,3,2020
20200726,2020-07-26,7,26,Sunday,7,July,3,2020
20200727,2020-07-27,1,27,Monday,7,July,3,2020
20200728,2020-07-28,2,28,Tuesday,7,July,3,2020
20200729,2020-07-29,3,29,Wednesday,7,July,3,2020
20200730,2020-07-30,4,30,Thursday,7,July,3,2020
20200731,2020-07-31,5,31,Friday,7,July,3,2020
20200801,2020-08-01,6,1,Saturday,8,August,3,2020
20200802,2020-08-02,7,2,Sunday,8,August,3,2020
20200803,2020-08-03,1,3,Monday,8,August,3,2020
20200804,2020-08-04,2,4,Tuesday,8,August,3,2020
20200805,2020-08-05,3,5,Wednesday,8,August,3,2020
20200806,2020-08-06,4,6,Thursday,8,August,3,2020
20200807,2020-08-07,5,7,Friday,8,August,3,2020
20200808,2020-08-08,6,8,Saturday,8,August,3,2020
20200809,2020-08-09,7,9,Sunday,8,August,3,2020
20200810,2020-08-10,1,10,Monday,8,August,3,2020
20200811,2020-08-11,2,11,Tuesday,8,August,3,2020
20200812,2020-08-12,3,12,Wednesday,8,August,3,2020
20200813,2020-08-13,4,13,Thursday,8,August,3,2020
20200814,2020-08-14,5,14,Friday,8,August,3,2020
20200815,2020-08-15,6,15,Saturday,8,August,3,2020
20200816,2020-08-16,7,16,Sunday,8,August,3,2020
20200817,2020-08-17,1,17,Monday,8,August,3,2020
20200818,2020-08-18,2,18,Tuesday,8,August,3,2020
20200819,2020-08-19,3,19,Wednesday,8,August,3,2020
20200820,2020-08-20,4,20,Thursday,8,August,3,2020
20200821,2020-08-21,5,21,Friday,8,August,3,2020
20200822,2020-08-22,6,22,Saturday,8,August,3,2020
20200823,2020-08-23,7,23,Sunday,8,August,3,2020
20200824,2020-08-24,1,24,Monday,8,August,3,2020
20200825,2020-08-25,2,25,Tuesday,8,August,3,2020
20200826,2020-08-26,3,26,Wednesday,8,August,3,2020
20200827,2020-08-27,4,27,Thursday,8,August,3,2020
20200828,2020-08-28,5,28,Friday,8,August,3,2020
20200829,2020-08-29,6,29,Saturday,8,August,3,2020
20200830,2020-08-30,7,30,Sunday,8,August,3,2020
20200831,2020-08-31,1,31,Monday,8,August,3,2020
20200901,2020-09-01,2,1,Tuesday,9,September,3,2020
20200902,2020-09-02,3,2,Wednesday,9,September,3,2020
20200903,2020-09-03,4,3,Thursday,9,September,3,2020
20200904,2020-09-04,5,4,Friday,9,September,3,2020
20200905,2020-09-05,6,5,Saturday,9,September,3,2020
20200906,2020-09-06,7,6,Sunday,9,September,3,2020
20200907,2020-09-07,1,7,Monday,9,September,3,2020
20200908,2020-09-08,2,8,Tuesday,9,September,3,2020
20200909,2020-09-09,3,9,Wednesday,9,September,3,2020
20200910,2020-09-10,4,10,Thursday,9,September,3,2020
20200911,2020-09-11,5,11,Friday,9,September,3,2020
20200912,2020-09-12,6,12,Saturday,9,September,3,2020
20200913,2020-09-13,7,13,Sunday,9,September,3,2020
20200914,2020-09-14,1,14,Monday,9,September,3,2020
20200915,2020-09-15,2,15,Tuesday,9,September,3,2020
20200916,2020-09-16,3,16,Wednesday,9,September,3,2020
20200917,2020-09-17,4,17,Thursday,9,September,3,2020
20200918,2020-09-18,5,18,Friday,9,September,3,2020
20200919,2020-09-19,6,19,Saturday,9,September,3,2020
20200920,2020-09-20,7,20,Sunday,9,September,3,2020
20200921,2020-09-21,1,21,Monday,9,September,3,2020
20200922,2020-09-22,2,22,Tuesday,9,September,3,2020
20200923,2020-09-23,3,23,Wednesday,9,September,3,2020
20200924,2020-09-24,4,24,Thursday,9,September,3,2020
20200925,2020-09-25,5,25,Friday,9,September,3,2020
20200926,2020-09-26,6,26,Saturday,9,September,3,2020
20200927,2020-09-27,7,27,Sunday,9,September,3,2020
20200928,2020-09-28,1,28,Monday,9,September,3,2020
20200929,2020-09-29,2,29,Tuesday,9,September,3,2020
20200930,2020-09-30,3,30,Wednesday,9,September,3,2020
20201001,2020-10-01,4,1,Thursday,10,October,4,2020
20201002,2020-10-02,5,2,Friday,10,October,4,2020
20201003,2020-10-03,6,3,Saturday,10,October,4,2020
20201004,2020-10-04,7,4,Sunday,10,October,4,2020
20201005,2020-10-05,1,5,Monday,10,October,4,2020
20201006,2020-10-06,2,6,Tuesday,10,October,4,2020
20201007,2020-10-07,3,7,Wednesday,10,October,4,2020
20201008,2020-10-08,4,8,Thursday,10,October,4,2020
20201009,2020-10-09,5,9,Friday,10,October,4,2020
20201010,2020-10-10,6,10,Saturday,10,October,4,2020
20201011,2020-10-11,7,11,Sunday,10,October,4,2020
20201012,2020-10-12,1,12,Monday,10,October,4,2020
20201013,2020-10-13,2,13,Tuesday,10,October,4,2020
20201014,2020-10-14,3,14,Wednesday,10,October,4,2020
20201015,2020-10-15,4,15,Thursday,10,October,4,2020
20201016,2020-10-16,5,16,Friday,10,October,4,2020
20201017,2020-10-17,6,17,Saturday,10,October,4,2020
20201018,2020-10-18,7,18,Sunday,10,October,4,2020
20201019,2020-10-19,1,19,Monday,10,October,4,2020
20201020,2020-10-20,2,20,Tuesday,10,October,4,2020
20201021,2020-10-21,3,21,Wednesday,10,October,4,2020
20201022,2020-10-22,4,22,Thursday,10,October,4,2020
20201023,2020-10-23,5,23,Friday,10,October,4,2020
20201024,2020-10-24,6,24,Saturday,10,October,4,2020
20201025,2020-10-25,7,25,Sunday,10,October,4,2020
20201026,2020-10-26,1,26,Monday,10,October,4,2020
20201027,2020-10-27,2,27,Tuesday,10,October,4,2020
20201028,2020-10-28,3,28,Wednesday,10,October,4,2020
20201029,2020-10-29,4,29,Thursday,10,October,4,2020
20201030,2020-10-30,5,30,Friday,10,October,4,2020
20201031,2020-10-31,6,31,Saturday,10,October,4,2020
20201101,2020-11-01,7,1,Sunday,11,November,4,2020
20201102,2020-11-02,1,2,Monday,11,November,4,2020
20201103,2020-11-03,2,3,Tuesday,11,November,4,2020
20201104,2020-11-04,3,4,Wednesday,11,November,4,2020
20201105,2020-11-05,4,5,Thursday,11,November,4,2020
20201106,2020-11-06,5,6,Friday,11,November,4,2020
20201107,2020-11-07,6,7,Saturday,11,November,4,2020
20201108,2020-11-08,7,8,Sunday,11,November,4,2020
20201109,2020-11-09,1,9,Monday,11,November,4,2020
20201110,2020-11-10,2,10,Tuesday,11,November,4,2020
20201111,2020-11-11,3,11,Wednesday,11,November,4,2020
20201112,2020-11-12,4,12,Thursday,11,November,4,2020
20201113,2020-11-13,5,13,Friday,11,November,4,2020
20201114,2020-11-14,6,14,Saturday,11,November,4,2020
20201115,2020-11-15,7,15,Sunday,11,November,4,2020
20201116,2020-11-16,1,16,Monday,11,November,4,2020
20201117,2020-11-17,2,17,Tuesday,11,November,4,2020
20201118,2020-11-18,3,18,Wednesday,11,November,4,2020
20201119,2020-11-19,4,19,Thursday,11,November,4,2020
20201120,2020-11-20,5,20,Friday,11,November,4,2020
20201121,2020-11-21,6,21,Saturday,11,November,4,2020
20201122,2020-11-22,7,22,Sunday,11,November,4,2020
20201123,2020-11-23,1,23,Monday,11,November,4,2020
20201124,2020-11-24,2,24,Tuesday,11,November,4,2020
20201125,2020-11-25,3,25,Wednesday,11,November,4,2020
20201126,2020-11-26,4,26,Thursday,11,November,4,2020
20201127,2020-11-27,5,27,Friday,11,November,4,2020
20201128,2020-11-28,6,28,Saturday,11,November,4,2020
20201129,2020-11-29,7,29,Sunday,11,November,4,2020
20201130,2020-11-30,1,30,Monday,11,November,4,2020
20201201,2020-12-01,2,1,Tuesday,12,December,4,2020
20201202,2020-12-02,3,2,Wednesday,12,December,4,2020
20201203,2020-12-03,4,3,Thursday,12,December,4,2020
20201204,2020-12-04,5,4,Friday,12,December,4,2020
20201205,2020-12-05,6,5,Saturday,12,December,4,2020
20201206,2020-12-06,7,6,Sunday,12,December,4,2020
20201207,2020-12-07,1,7,Monday,12,December,4,2020
20201208,2020-12-08,2,8,Tuesday,12,December,4,2020
20201209,2020-12-09,3,9,Wednesday,12,December,4,2020
20201210,2020-12-10,4,10,Thursday,12,December,4,2020
20201211,2020-12-11,5,11,Friday,12,December,4,2020
20201212,2020-12-12,6,12,Saturday,12,December,4,2020
20201213,2020-12-13,7,13,Sunday,12,December,4,2020
20201214,2020-12-14,1,14,Monday,12,December,4,2020
20201215,2020-12-15,2,15,Tuesday,12,December,4,2020
20201216,2020-12-16,3,16,Wednesday,12,December,4,2020
20201217,2020-12-17,4,17,Thursday,12,December,4,2020
20201218,2020-12-18,5,18,Friday,12,December,4,2020
20201219,2020-12-19,6,19,Saturday,12,December,4,2020
20201220,2020-12-20,7,20,Sunday,12,December,4,2020
20201221,2020-12-21,1,21,Monday,12,December,4,2020
20201222,2020-12-22,2,22,Tuesday,12,December,4,2020
20201223,2020-12-23,3,23,Wednesday,12,December,4,2020
20201224,2020-12-24,4,24,Thursday,12,December,4,2020
20201225,2020-12-25,5,25,Friday,12,December,4,2020
20201226,2020-12-26,6,26,Saturday,12,December,4,2020
20201227,2020-12-27,7,27,Sunday,12,December,4,2020
20201228,2020-12-28,1,28,Monday,12,December,4,2020
20201229,2020-12-29,2,29,Tuesday,12,December,4,2020
20201230,2020-12-30,3,30,Wednesday,12,December,4,2020
20201231,2020-12-31,4,31,Thursday,12,December,4,2020
20210101,2021-01-01,5,1,Friday,1,January,1,2021
20210102,2021-01-02,6,2,Saturday,1,January,1,2021
20210103,2021-01-03,7,3,Sunday,1,January,1,2021
20210104,2021-01-04,1,4,Monday,1,January,1,2021
20210105,2021-01-05,2,5,Tuesday,1,January,1,2021
20210106,2021-01-06,3,6,Wednesday,1,January,1,2021
20210107,2021-01-07,4,7,Thursday,1,January,1,2021
20210108,2021-01-08,5,8,Friday,1,January,1,2021
20210109,2021-01-09,6,9,Saturday,1,January,1,2021
20210110,2021-01-10,7,10,Sunday,1,January,1,2021
20210111,2021-01-11,1,11,Monday,1,January,1,2021
20210112,2021-01-12,2,12,Tuesday,1,January,1,2021
20210113,2021-01-13,3,13,Wednesday,1,January,1,2021
20210114,2021-01-14,4,14,Thursday,1,January,1,2021
20210115,2021-01-15,5,15,Friday,1,January,1,2021
20210116,2021-01-16,6,16,Saturday,1,January,1,2021
20210117,2021-01-17,7,17,Sunday,1,January,1,2021
20210118,2021-01-18,1,18,Monday,1,January,1,2021
20210119,2021-01-19,2,19,Tuesday,1,January,1,2021
20210120,2021-01-20,3,20,Wednesday,1,January,1,2021
20210121,2021-01-21,4,21,Thursday,1,January,1,2021
20210122,2021-01-22,5,22,Friday,1,January,1,2021
20210123,2021-01-23,6,23,Saturday,1,January,1,2021
20210124,2021-01-24,7,24,Sunday,1,January,1,2021
20210125,2021-01-25,1,25,Monday,1,January,1,2021
20210126,2021-01-26,2,26,Tuesday,1,January,1,2021
20210127,2021-01-27,3,27,Wednesday,1,January,1,2021
20210128,2021-01-28,4,28,Thursday,1,January,1,2021
20210129,2021-01-29,5,29,Friday,1,January,1,2021
20210130,2021-01-30,6,30,Saturday,1,January,1,2021
20210131,2021-01-31,7,31,Sunday,1,January,1,2021
20210201,2021-02-01,1,1,Monday,2,February,1,2021
20210202,2021-02-02,2,2,Tuesday,2,February,1,2021
20210203,2021-02-03,3,3,Wednesday,2,February,1,2021
20210204,2021-02-04,4,4,Thursday,2,February,1,2021
20210205,2021-02-05,5,5,Friday,2,February,1,2021
20210206,2021-02-06,6,6,Saturday,2,February,1,2021
20210207,2021-02-07,7,7,Sunday,2,February,1,2021
20210208,2021-02-08,1,8,Monday,2,February,1,2021
20210209,2021-02-09,2,9,Tuesday,2,February,1,2021
20210210,2021-02-10,3,10,Wednesday,2,February,1,2021
20210211,2021-02-11,4,11,Thursday,2,February,1,2021
20210212,2021-02-12,5,12,Friday,2,February,1,2021
20210213,2021-02-13,6,13,Saturday,2,February,1,2021
20210214,2021-02-14,7,14,Sunday,2,February,1,2021
20210215,2021-02-15,1,15,Monday,2,February,1,2021
20210216,2021-02-16,2,16,Tuesday,2,February,1,2021
20210217,2021-02-17,3,17,Wednesday,2,February,1,2021
20210218,2021-02-18,4,18,Thursday,2,February,1,2021
20210219,2021-02-19,5,19,Friday,2,February,1,2021
20210220,2021-02-20,6,20,Saturday,2,February,1,2021
20210221,2021-02-21,7,21,Sunday,2,February,1,2021
20210222,2021-02-22,1,22,Monday,2,February,1,2021
20210223,2021-02-23,2,23,Tuesday,2,February,1,2021
20210224,2021-02-24,3,24,Wednesday,2,February,1,2021
20210225,2021-02-25,4,25,Thursday,2,February,1,2021
20210226,2021-02-26,5,26,Friday,2,February,1,2021
20210227,2021-02-27,6,27,Saturday,2,February,1,2021
20210228,2021-02-28,7,28,Sunday,2,February,1,2021
20210301,2021-03-01,1,1,Monday,3,March,1,2021
20210302,2021-03-02,2,2,Tuesday,3,March,1,2021
20210303,2021-03-03,3,3,Wednesday,3,March,1,2021
20210304,2021-03-04,4,4,Thursday,3,March,1,2021
20210305,2021-03-05,5,5,Friday,3,March,1,2021
20210306,2021-03-06,6,6,Saturday,3,March,1,2021
20210307,2021-03-07,7,7,Sunday,3,March,1,2021
20210308,2021-03-08,1,8,Monday,3,March,1,2021
20210309,2021-03-09,2,9,Tuesday,3,March,1,2021
20210310,2021-03-10,3,10,Wednesday,3,March,1,2021
20210311,2021-03-11,4,11,Thursday,3,March,1,2021
20210312,2021-03-12,5,12,Friday,3,March,1,2021
20210313,2021-03-13,6,13,Saturday,3,March,1,2021
20210314,2021-03-14,7,14,Sunday,3,March,1,2021
20210315,2021-03-15,1,15,Monday,3,March,1,2021
20210316,2021-03-16,2,16,Tuesday,3,March,1,2021
20210317,2021-03-17,3,17,Wednesday,3,March,1,2021
20210318,2021-03-18,4,18,Thursday,3,March,1,2021
20210319,2021-03-19,5,19,Friday,3,March,1,2021
20210320,2021-03-20,6,20,Saturday,3,March,1,2021
20210321,2021-03-21,7,21,Sunday,3,March,1,2021
20210322,2021-03-22,1,22,Monday,3,March,1,2021
20210323,2021-03-23,2,23,Tuesday,3,March,1,2021
20210324,2021-03-24,3,24,Wednesday,3,March,1,2021
20210325,2021-03-25,4,25,Thursday,3,March,1,2021
20210326,2021-03-26,5,26,Friday,3,March,1,2021
20210327,2021-03-27,6,27,Saturday,3,March,1,2021
20210328,2021-03-28,7,28,Sunday,3,March,1,2021
20210329,2021-03-29,1,29,Monday,3,March,1,2021
20210330,2021-03-30,2,30,Tuesday,3,March,1,2021
20210331,2021-03-31,3,31,Wednesday,3,March,1,2021
20210401,2021-04-01,4,1,Thursday,4,April,2,2021
20210402,2021-04-02,5,2,Friday,4,April,2,2021
20210403,2021-04-03,6,3,Saturday,4,April,2,2021
20210404,2021-04-04,7,4,Sunday,4,April,2,2021
20210405,2021-04-05,1,5,Monday,4,April,2,2021
20210406,2021-04-06,2,6,Tuesday,4,April,2,2021
20210407,2021-04-07,3,7,Wednesday,4,April,2,2021
20210408,2021-04-08,4,8,Thursday,4,April,2,2021
20210409,2021-04-09,5,9,Friday,4,April,2,2021
20210410,2021-04-10,6,10,Saturday,4,April,2,2021
20210411,2021-04-11,7,11,Sunday,4,April,2,2021
20210412,2021-04-12,1,12,Monday,4,April,2,2021
20210413,2021-04-13,2,13,Tuesday,4,April,2,2021
20210414,2021-04-14,3,14,Wednesday,4,April,2,2021
20210415,2021-04-15,4,15,Thursday,4,April,2,2021
20210416,2021-04-16,5,16,Friday,4,April,2,2021
20210417,2021-04-17,6,17,Saturday,4,April,2,2021
20210418,2021-04-18,7,18,Sunday,4,April,2,2021
20210419,2021-04-19,1,19,Monday,4,April,2,2021
20210420,2021-04-20,2,20,Tuesday,4,April,2,2021
20210421,2021-04-21,3,21,Wednesday,4,April,2,2021
20210422,2021-04-22,4,22,Thursday,4,April,2,2021
20210423,2021-04-23,5,23,Friday,4,April,2,2021
20210424,2021-04-24,6,24,Saturday,4,April,2,2021
20210425,2021-04-25,7,25,Sunday,4,April,2,2021
20210426,2021-04-26,1,26,Monday,4,April,2,2021
20210427,2021-04-27,2,27,Tuesday,4,April,2,2021
20210428,2021-04-28,3,28,Wednesday,4,April,2,2021
20210429,2021-04-29,4,29,Thursday,4,April,2,2021
20210430,2021-04-30,5,30,Friday,4,April,2,2021
20210501,2021-05-01,6,1,Saturday,5,May,2,2021
20210502,2021-05-02,7,2,Sunday,5,May,2,2021
20210503,2021-05-03,1,3,Monday,5,May,2,2021
20210504,2021-05-04,2,4,Tuesday,5,May,2,2021
20210505,2021-05-05,3,5,Wednesday,5,May,2,2021
20210506,2021-05-06,4,6,Thursday,5,May,2,2021
20210507,2021-05-07,5,7,Friday,5,May,2,2021
20210508,2021-05-08,6,8,Saturday,5,May,2,2021
20210509,2021-05-09,7,9,Sunday,5,May,2,2021
20210510,2021-05-10,1,10,Monday,5,May,2,2021
20210511,2021-05-11,2,11,Tuesday,5,May,2,2021
20210512,2021-05-12,3,12,Wednesday,5,May,2,2021
20210513,2021-05-13,4,13,Thursday,5,May,2,2021
20210514,2021-05-14,5,14,Friday,5,May,2,2021
20210515,2021-05-15,6,15,Saturday,5,May,2,2021
20210516,2021-05-16,7,16,Sunday,5,May,2,2021
20210517,2021-05-17,1,17,Monday,5,May,2,2021
20210518,2021-05-18,2,18,Tuesday,5,May,2,2021
20210519,2021-05-19,3,19,Wednesday,5,May,2,2021
20210520,2021-05-20,4,20,Thursday,5,May,2,2021
20210521,2021-05-21,5,21,Friday,5,May,2,2021
20210522,2021-05-22,6,22,Saturday,5,May,2,2021
20210523,2021-05-23,7,23,Sunday,5,May,2,2021
20210524,2021-05-24,1,24,Monday,5,May,2,2021
20210525,2021-05-25,2,25,Tuesday,5,May,2,2021
20210526,2021-05-26,3,26,Wednesday,5,May,2,2021
20210527,2021-05-27,4,27,Thursday,5,May,2,2021
20210528,2021-05-28,5,28,Friday,5,May,2,2021
20210529,2021-05-29,6,29,Saturday,5,May,2,2021
20210530,2021-05-30,7,30,Sunday,5,May,2,2021
20210531,2021-05-31,1,31,Monday,5,May,2,2021
20210601,2021-06-01,2,1,Tuesday,6,June,2,2021
20210602,2021-06-02,3,2,Wednesday,6,June,2,2021
20210603,2021-06-03,4,3,Thursday,6,June,2,2021
20210604,2021-06-04,5,4,Friday,6,June,2,2021
20210605,2021-06-05,6,5,Saturday,6,June,2,2021
20210606,2021-06-06,7,6,Sunday,6,June,2,2021
20210607,2021-06-07,1,7,Monday,6,June,2,2021
20210608,2021-06-08,2,8,Tuesday,6,June,2,2021
20210609,2021-06-09,3,9,Wednesday,6,June,2,2021
20210610,2021-06-10,4,10,Thursday,6,June,2,2021
20210611,2021-06-11,5,11,Friday,6,June,2,2021
20210612,2021-06-12,6,12,Saturday,6,June,2,2021
20210613,2021-06-13,7,13,Sunday,6,June,2,2021
20210614,2021-06-14,1,14,Monday,6,June,2,2021
20210615,2021-06-15,2,15,Tuesday,6,June,2,2021
20210616,2021-06-16,3,16,Wednesday,6,June,2,2021
20210617,2021-06-17,4,17,Thursday,6,June,2,2021
20210618,2021-06-18,5,18,Friday,6,June,2,2021
20210619,2021-06-19,6,19,Saturday,6,June,2,2021
20210620,2021-06-20,7,20,Sunday,6,June,2,2021
20210621,2021-06-21,1,21,Monday,6,June,2,2021
20210622,2021-06-22,2,22,Tuesday,6,June,2,2021
20210623,2021-06-23,3,23,Wednesday,6,June,2,2021
20210624,2021-06-24,4,24,Thursday,6,June,2,2021
20210625,2021-06-25,5,25,Friday,6,June,2,2021
20210626,2021-06-26,6,26,Saturday,6,June,2,2021
20210627,2021-06-27,7,27,Sunday,6,June,2,2021
20210628,2021-06-28,1,28,Monday,6,June,2,2021
20210629,2021-06-29,2,29,Tuesday,6,June,2,2021
20210630,2021-06-30,3,30,Wednesday,6,June,2,2021
20210701,2021-07-01,4,1,Thursday,7,July,3,2021
20210702,2021-07-02,5,2,Friday,7,July,3,2021
20210703,2021-07-03,6,3,Saturday,7,July,3,2021
20210704,2021-07-04,7,4,Sunday,7,July,3,2021
20210705,2021-07-05,1,5,Monday,7,July,3,2021
20210706,2021-07-06,2,6,Tuesday,7,July,3,2021
20210707,2021-07-07,3,7,Wednesday,7,July,3,2021
20210708,2021-07-08,4,8,Thursday,7,July,3,2021
20210709,2021-07-09,5,9,Friday,7,July,3,2021
20210710,2021-07-10,6,10,Saturday,7,July,3,2021
20210711,2021-07-11,7,11,Sunday,7,July,3,2021
20210712,2021-07-12,1,12,Monday,7,July,3,2021
20210713,2021-07-13,2,13,Tuesday,7,July,3,2021
20210714,2021-07-14,3,14,Wednesday,7,July,3,2021
20210715,2021-07-15,4,15,Thursday,7,July,3,2021
20210716,2021-07-16,5,16,Friday,7,July,3,2021
20210717,2021-07-17,6,17,Saturday,7,July,3,2021
20210718,2021-07-18,7,18,Sunday,7,July,3,2021
20210719,2021-07-19,1,19,Monday,7,July,3,2021
20210720,2021-07-20,2,20,Tuesday,7,July,3,2021
20210721,2021-07-21,3,21,Wednesday,7,July,3,2021
20210722,2021-07-22,4,22,Thursday,7,July,3,2021
20210723,2021-07-23,5,23,Friday,7,July,3,2021
20210724,2021-07-24,6,24,Saturday,7,July,3,2021
20210725,2021-07-25,7,25,Sunday,7,July,3,2021
20210726,2021-07-26,1,26,Monday,7,July,3,2021
20210727,2021-07-27,2,27,Tuesday,7,July,3,2021
20210728,2021-07-28,3,28,Wednesday,7,July,3,2021
20210729,2021-07-29,4,29,Thursday,7,July,3,2021
20210730,2021-07-30,5,30,Friday,7,July,3,2021
20210731,2021-07-31,6,31,Saturday,7,July,3,2021
20210801,2021-08-01,7,1,Sunday,8,August,3,2021
20210802,2021-08-02,1,2,Monday,8,August,3,2021
20210803,2021-08-03,2,3,Tuesday,8,August,3,2021
20210804,2021-08-04,3,4,Wednesday,8,August,3,2021
20210805,2021-08-05,4,5,Thursday,8,August,3,2021
20210806,2021-08-06,5,6,Friday,8,August,3,2021
20210807,2021-08-07,6,7,Saturday,8,August,3,2021
20210808,2021-08-08,7,8,Sunday,8,August,3,2021
20210809,2021-08-09,1,9,Monday,8,August,3,2021
20210810,2021-08-10,2,10,Tuesday,8,August,3,2021
20210811,2021-08-11,3,11,Wednesday,8,August,3,2021
20210812,2021-08-12,4,12,Thursday,8,August,3,2021
20210813,2021-08-13,5,13,Friday,8,August,3,2021
20210814,2021-08-14,6,14,Saturday,8,August,3,2021
20210815,2021-08-15,7,15,Sunday,8,August,3,2021
20210816,2021-08-16,1,16,Monday,8,August,3,2021
20210817,2021-08-17,2,17,Tuesday,8,August,3,2021
20210818,2021-08-18,3,18,Wednesday,8,August,3,2021
20210819,2021-08-19,4,19,Thursday,8,August,3,2021
20210820,2021-08-20,5,20,Friday,8,August,3,2021
20210821,2021-08-21,6,21,Saturday,8,August,3,2021
20210822,2021-08-22,7,22,Sunday,8,August,3,2021
20210823,2021-08-23,1,23,Monday,8,August,3,2021
20210824,2021-08-24,2,24,Tuesday,8,August,3,2021
20210825,2021-08-25,3,25,Wednesday,8,August,3,2021
20210826,2021-08-26,4,26,Thursday,8,August,3,2021
20210827,2021-08-27,5,27,Friday,8,August,3,2021
20210828,2021-08-28,6,28,Saturday,8,August,3,2021
20210829,2021-08-29,7,29,Sunday,8,August,3,2021
20210830,2021-08-30,1,30,Monday,8,August,3,2021
20210831,2021-08-31,2,31,Tuesday,8,August,3,2021
20210901,2021-09-01,3,1,Wednesday,9,September,3,2021
20210902,2021-09-02,4,2,Thursday,9,September,3,2021
20210903,2021-09-03,5,3,Friday,9,September,3,2021
20210904,2021-09-04,6,4,Saturday,9,September,3,2021
20210905,2021-09-05,7,5,Sunday,9,September,3,2021
20210906,2021-09-06,1,6,Monday,9,September,3,2021
20210907,2021-09-07,2,7,Tuesday,9,September,3,2021
20210908,2021-09-08,3,8,Wednesday,9,September,3,2021
20210909,2021-09-09,4,9,Thursday,9,September,3,2021
20210910,2021-09-10,5,10,Friday,9,September,3,2021
20210911,2021-09-11,6,11,Saturday,9,September,3,2021
20210912,2021-09-12,7,12,Sunday,9,September,3,2021
20210913,2021-09-13,1,13,Monday,9,September,3,2021
20210914,2021-09-14,2,14,Tuesday,9,September,3,2021
20210915,2021-09-15,3,15,Wednesday,9,September,3,2021
20210916,2021-09-16,4,16,Thursday,9,September,3,2021
20210917,2021-09-17,5,17,Friday,9,September,3,2021
20210918,2021-09-18,6,18,Saturday,9,September,3,2021
20210919,2021-09-19,7,19,Sunday,9,September,3,2021
20210920,2021-09-20,1,20,Monday,9,September,3,2021
20210921,2021-09-21,2,21,Tuesday,9,September,3,2021
20210922,2021-09-22,3,22,Wednesday,9,September,3,2021
20210923,2021-09-23,4,23,Thursday,9,September,3,2021
20210924,2021-09-24,5,24,Friday,9,September,3,2021
20210925,2021-09-25,6,25,Saturday,9,September,3,2021
20210926,2021-09-26,7,26,Sunday,9,September,3,2021
20210927,2021-09-27,1,27,Monday,9,September,3,2021
20210928,2021-09-28,2,28,Tuesday,9,September,3,2021
20210929,2021-09-29,3,29,Wednesday,9,September,3,2021
20210930,2021-09-30,4,30,Thursday,9,September,3,2021
20211001,2021-10-01,5,1,Friday,10,October,4,2021
20211002,2021-10-02,6,2,Saturday,10,October,4,2021
20211003,2021-10-03,7,3,Sunday,10,October,4,2021
20211004,2021-10-04,1,4,Monday,10,October,4,2021
20211005,2021-10-05,2,5,Tuesday,10,October,4,2021
20211006,2021-10-06,3,6,Wednesday,10,October,4,2021
20211007,2021-10-07,4,7,Thursday,10,October,4,2021
20211008,2021-10-08,5,8,Friday,10,October,4,2021
20211009,2021-10-09,6,9,Saturday,10,October,4,2021
20211010,2021-10-10,7,10,Sunday,10,October,4,2021
20211011,2021-10-11,1,11,Monday,10,October,4,2021
20211012,2021-10-12,2,12,Tuesday,10,October,4,2021
20211013,2021-10-13,3,13,Wednesday,10,October,4,2021
20211014,2021-10-14,4,14,Thursday,10,October,4,2021
20211015,2021-10-15,5,15,Friday,10,October,4,2021
20211016,2021-10-16,6,16,Saturday,10,October,4,2021
20211017,2021-10-17,7,17,Sunday,10,October,4,2021
20211018,2021-10-18,1,18,Monday,10,October,4,2021
20211019,2021-10-19,2,19,Tuesday,10,October,4,2021
20211020,2021-10-20,3,20,Wednesday,10,October,4,2021
20211021,2021-10-21,4,21,Thursday,10,October,4,2021
20211022,2021-10-22,5,22,Friday,10,October,4,2021
20211023,2021-10-23,6,23,Saturday,10,October,4,2021
20211024,2021-10-24,7,24,Sunday,10,October,4,2021
20211025,2021-10-25,1,25,Monday,10,October,4,2021
20211026,2021-10-26,2,26,Tuesday,10,October,4,2021
20211027,2021-10-27,3,27,Wednesday,10,October,4,2021
20211028,2021-10-28,4,28,Thursday,10,October,4,2021
20211029,2021-10-29,5,29,Friday,10,October,4,2021
20211030,2021-10-30,6,30,Saturday,10,October,4,2021
20211031,2021-10-31,7,31,Sunday,10,October,4,2021
20211101,2021-11-01,1,1,Monday,11,November,4,2021
20211102,2021-11-02,2,2,Tuesday,11,November,4,2021
20211103,2021-11-03,3,3,Wednesday,11,November,4,2021
20211104,2021-11-04,4,4,Thursday,11,November,4,2021
20211105,2021-11-05,5,5,Friday,11,November,4,2021
20211106,2021-11-06,6,6,Saturday,11,November,4,2021
20211107,2021-11-07,7,7,Sunday,11,November,4,2021
20211108,2021-11-08,1,8,Monday,11,November,4,2021
20211109,2021-11-09,2,9,Tuesday,11,November,4,2021
20211110,2021-11-10,3,10,Wednesday,11,November,4,2021
20211111,2021-11-11,4,11,Thursday,11,November,4,2021
20211112,2021-11-12,5,12,Friday,11,November,4,2021
20211113,2021-11-13,6,13,Saturday,11,November,4,2021
20211114,2021-11-14,7,14,Sunday,11,November,4,2021
20211115,2021-11-15,1,15,Monday,11,November,4,2021
20211116,2021-11-16,2,16,Tuesday,11,November,4,2021
20211117,2021-11-17,3,17,Wednesday,11,November,4,2021
20211118,2021-11-18,4,18,Thursday,11,November,4,2021
20211119,2021-11-19,5,19,Friday,11,November,4,2021
20211120,2021-11-20,6,20,Saturday,11,November,4,2021
20211121,2021-11-21,7,21,Sunday,11,November,4,2021
20211122,2021-11-22,1,22,Monday,11,November,4,2021
20211123,2021-11-23,2,23,Tuesday,11,November,4,2021
20211124,2021-11-24,3,24,Wednesday,11,November,4,2021
20211125,2021-11-25,4,25,Thursday,11,November,4,2021
20211126,2021-11-26,5,26,Friday,11,November,4,2021
20211127,2021-11-27,6,27,Saturday,11,November,4,2021
20211128,2021-11-28,7,28,Sunday,11,November,4,2021
20211129,2021-11-29,1,29,Monday,11,November,4,2021
20211130,2021-11-30,2,30,Tuesday,11,November,4,2021
20211201,2021-12-01,3,1,Wednesday,12,December,4,2021
20211202,2021-12-02,4,2,Thursday,12,December,4,2021
20211203,2021-12-03,5,3,Friday,12,December,4,2021
20211204,2021-12-04,6,4,Saturday,12,December,4,2021
20211205,2021-12-05,7,5,Sunday,12,December,4,2021
20211206,2021-12-06,1,6,Monday,12,December,4,2021
20211207,2021-12-07,2,7,Tuesday,12,December,4,2021
20211208,2021-12-08,3,8,Wednesday,12,December,4,2021
20211209,2021-12-09,4,9,Thursday,12,December,4,2021
20211210,2021-12-10,5,10,Friday,12,December,4,2021
20211211,2021-12-11,6,11,Saturday,12,December,4,2021
20211212,2021-12-12,7,12,Sunday,12,December,4,2021
20211213,2021-12-13,1,13,Monday,12,December,4,2021
20211214,2021-12-14,2,14,Tuesday,12,December,4,2021
20211215,2021-12-15,3,15,Wednesday,12,December,4,2021
20211216,2021-12-16,4,16,Thursday,12,December,4,2021
20211217,2021-12-17,5,17,Friday,12,December,4,2021
20211218,2021-12-18,6,18,Saturday,12,December,4,2021
20211219,2021-12-19,7,19,Sunday,12,December,4,2021
20211220,2021-12-20,1,20,Monday,12,December,4,2021
20211221,2021-12-21,2,21,Tuesday,12,December,4,2021
20211222,2021-12-22,3,22,Wednesday,12,December,4,2021
20211223,2021-12-23,4,23,Thursday,12,December,4,2021
20211224,2021-12-24,5,24,Friday,12,December,4,2021
20211225,2021-12-25,6,25,Saturday,12,December,4,2021
20211226,2021-12-26,7,26,Sunday,12,December,4,2021
20211227,2021-12-27,1,27,Monday,12,December,4,2021
20211228,2021-12-28,2,28,Tuesday,12,December,4,2021
20211229,2021-12-29,3,29,Wednesday,12,December,4,2021
20211230,2021-12-30,4,30,Thursday,12,December,4,2021
20211231,2021-12-31,5,31,Friday,12,December,4,2021
20220101,2022-01-01,6,1,Saturday,1,January,1,2022
20220102,2022-01-02,7,2,Sunday,1,January,1,2022
20220103,2022-01-03,1,3,Monday,1,January,1,2022
20220104,2022-01-04,2,4,Tuesday,1,January,1,2022
20220105,2022-01-05,3,5,Wednesday,1,January,1,2022
20220106,2022-01-06,4,6,Thursday,1,January,1,2022
20220107,2022-01-07,5,7,Friday,1,January,1,2022
20220108,2022-01-08,6,8,Saturday,1,January,1,2022
20220109,2022-01-09,7,9,Sunday,1,January,1,2022
20220110,2022-01-10,1,10,Monday,1,January,1,2022
20220111,2022-01-11,2,11,Tuesday,1,January,1,2022
20220112,2022-01-12,3,12,Wednesday,1,January,1,2022
20220113,2022-01-13,4,13,Thursday,1,January,1,2022
20220114,2022-01-14,5,14,Friday,1,January,1,2022
20220115,2022-01-15,6,15,Saturday,1,January,1,2022
20220116,2022-01-16,7,16,Sunday,1,January,1,2022
20220117,2022-01-17,1,17,Monday,1,January,1,2022
20220118,2022-01-18,2,18,Tuesday,1,January,1,2022
20220119,2022-01-19,3,19,Wednesday,1,January,1,2022
20220120,2022-01-20,4,20,Thursday,1,January,1,2022
20220121,2022-01-21,5,21,Friday,1,January,1,2022
20220122,2022-01-22,6,22,Saturday,1,January,1,2022
20220123,2022-01-23,7,23,Sunday,1,January,1,2022
20220124,2022-01-24,1,24,Monday,1,January,1,2022
20220125,2022-01-25,2,25,Tuesday,1,January,1,2022
20220126,2022-01-26,3,26,Wednesday,1,January,1,2022
20220127,2022-01-27,4,27,Thursday,1,January,1,2022
20220128,2022-01-28,5,28,Friday,1,January,1,2022
20220129,2022-01-29,6,29,Saturday,1,January,1,2022
20220130,2022-01-30,7,30,Sunday,1,January,1,2022
20220131,2022-01-31,1,31,Monday,1,January,1,2022
20220201,2022-02-01,2,1,Tuesday,2,February,1,2022
20220202,2022-02-02,3,2,Wednesday,2,February,1,2022
20220203,2022-02-03,4,3,Thursday,2,February,1,2022
20220204,2022-02-04,5,4,Friday,2,February,1,2022
20220205,2022-02-05,6,5,Saturday,2,February,1,2022
20220206,2022-02-06,7,6,Sunday,2,February,1,2022
20220207,2022-02-07,1,7,Monday,2,February,1,2022
20220208,2022-02-08,2,8,Tuesday,2,February,1,2022
20220209,2022-02-09,3,9,Wednesday,2,February,1,2022
20220210,2022-02-10,4,10,Thursday,2,February,1,2022
20220211,2022-02-11,5,11,Friday,2,February,1,2022
20220212,2022-02-12,6,12,Saturday,2,February,1,2022
20220213,2022-02-13,7,13,Sunday,2,February,1,2022
20220214,2022-02-14,1,14,Monday,2,February,1,2022
20220215,2022-02-15,2,15,Tuesday,2,February,1,2022
20220216,2022-02-16,3,16,Wednesday,2,February,1,2022
20220217,2022-02-17,4,17,Thursday,2,February,1,2022
20220218,2022-02-18,5,18,Friday,2,February,1,2022
20220219,2022-02-19,6,19,Saturday,2,February,1,2022
20220220,2022-02-20,7,20,Sunday,2,February,1,2022
20220221,2022-02-21,1,21,Monday,2,February,1,2022
20220222,2022-02-22,2,22,Tuesday,2,February,1,2022
20220223,2022-02-23,3,23,Wednesday,2,February,1,2022
20220224,2022-02-24,4,24,Thursday,2,February,1,2022
20220225,2022-02-25,5,25,Friday,2,February,1,2022
20220226,2022-02-26,6,26,Saturday,2,February,1,2022
20220227,2022-02-27,7,27,Sunday,2,February,1,2022
20220228,2022-02-28,1,28,Monday,2,February,1,2022
20220301,2022-03-01,2,1,Tuesday,3,March,1,2022
20220302,2022-03-02,3,2,Wednesday,3,March,1,2022
20220303,2022-03-03,4,3,Thursday,3,March,1,2022
20220304,2022-03-04,5,4,Friday,3,March,1,2022
20220305,2022-03-05,6,5,Saturday,3,March,1,2022
20220306,2022-03-06,7,6,Sunday,3,March,1,2022
20220307,2022-03-07,1,7,Monday,3,March,1,2022
20220308,2022-03-08,2,8,Tuesday,3,March,1,2022
20220309,2022-03-09,3,9,Wednesday,3,March,1,2022
20220310,2022-03-10,4,10,Thursday,3,March,1,2022
20220311,2022-03-11,5,11,Friday,3,March,1,2022
20220312,2022-03-12,6,12,Saturday,3,March,1,2022
20220313,2022-03-13,7,13,Sunday,3,March,1,2022
20220314,2022-03-14,1,14,Monday,3,March,1,2022
20220315,2022-03-15,2,15,Tuesday,3,March,1,2022
20220316,2022-03-16,3,16,Wednesday,3,March,1,2022
20220317,2022-03-17,4,17,Thursday,3,March,1,2022
20220318,2022-03-18,5,18,Friday,3,March,1,2022
20220319,2022-03-19,6,19,Saturday,3,March,1,2022
20220320,2022-03-20,7,20,Sunday,3,March,1,2022
20220321,2022-03-21,1,21,Monday,3,March,1,2022
20220322,2022-03-22,2,22,Tuesday,3,March,1,2022
20220323,2022-03-23,3,23,Wednesday,3,March,1,2022
20220324,2022-03-24,4,24,Thursday,3,March,1,2022
20220325,2022-03-25,5,25,Friday,3,March,1,2022
20220326,2022-03-26,6,26,Saturday,3,March,1,2022
20220327,2022-03-27,7,27,Sunday,3,March,1,2022
20220328,2022-03-28,1,28,Monday,3,March,1,2022
20220329,2022-03-29,2,29,Tuesday,3,March,1,2022
20220330,2022-03-30,3,30,Wednesday,3,March,1,2022
20220331,2022-03-31,4,31,Thursday,3,March,1,2022
20220401,2022-04-01,5,1,Friday,4,April,2,2022
20220402,2022-04-02,6,2,Saturday,4,April,2,2022
20220403,2022-04-03,7,3,Sunday,4,April,2,2022
20220404,2022-04-04,1,4,Monday,4,April,2,2022
20220405,2022-04-05,2,5,Tuesday,4,April,2,2022
20220406,2022-04-06,3,6,Wednesday,4,April,2,2022
20220407,2022-04-07,4,7,Thursday,4,April,2,2022
20220408,2022-04-08,5,8,Friday,4,April,2,2022
20220409,2022-04-09,6,9,Saturday,4,April,2,2022
20220410,2022-04-10,7,10,Sunday,4,April,2,2022
20220411,2022-04-11,1,11,Monday,4,April,2,2022
20220412,2022-04-12,2,12,Tuesday,4,April,2,2022
20220413,2022-04-13,3,13,Wednesday,4,April,2,2022
20220414,2022-04-14,4,14,Thursday,4,April,2,2022
20220415,2022-04-15,5,15,Friday,4,April,2,2022
20220416,2022-04-16,6,16,Saturday,4,April,2,2022
20220417,2022-04-17,7,17,Sunday,4,April,2,2022
20220418,2022-04-18,1,18,Monday,4,April,2,2022
20220419,2022-04-19,2,19,Tuesday,4,April,2,2022
20220420,2022-04-20,3,20,Wednesday,4,April,2,2022
20220421,2022-04-21,4,21,Thursday,4,April,2,2022
20220422,2022-04-22,5,22,Friday,4,April,2,2022
20220423,2022-04-23,6,23,Saturday,4,April,2,2022
20220424,2022-04-24,7,24,Sunday,4,April,2,2022
20220425,2022-04-25,1,25,Monday,4,April,2,2022
20220426,2022-04-26,2,26,Tuesday,4,April,2,2022
20220427,2022-04-27,3,27,Wednesday,4,April,2,2022
20220428,2022-04-28,4,28,Thursday,4,April,2,2022
20220429,2022-04-29,5,29,Friday,4,April,2,2022
20220430,2022-04-30,6,30,Saturday,4,April,2,2022
20220501,2022-05-01,7,1,Sunday,5,May,2,2022
20220502,2022-05-02,1,2,Monday,5,May,2,2022
20220503,2022-05-03,2,3,Tuesday,5,May,2,2022
20220504,2022-05-04,3,4,Wednesday,5,May,2,2022
20220505,2022-05-05,4,5,Thursday,5,May,2,2022
20220506,2022-05-06,5,6,Friday,5,May,2,2022
20220507,2022-05-07,6,7,Saturday,5,May,2,2022
20220508,2022-05-08,7,8,Sunday,5,May,2,2022
20220509,2022-05-09,1,9,Monday,5,May,2,2022
20220510,2022-05-10,2,10,Tuesday,5,May,2,2022
20220511,2022-05-11,3,11,Wednesday,5,May,2,2022
20220512,2022-05-12,4,12,Thursday,5,May,2,2022
20220513,2022-05-13,5,13,Friday,5,May,2,2022
20220514,2022-05-14,6,14,Saturday,5,May,2,2022
20220515,2022-05-15,7,15,Sunday,5,May,2,2022
20220516,2022-05-16,1,16,Monday,5,May,2,2022
20220517,2022-05-17,2,17,Tuesday,5,May,2,2022
20220518,2022-05-18,3,18,Wednesday,5,May,2,2022
20220519,2022-05-19,4,19,Thursday,5,May,2,2022
20220520,2022-05-20,5,20,Friday,5,May,2,2022
20220521,2022-05-21,6,21,Saturday,5,May,2,2022
20220522,2022-05-22,7,22,Sunday,5,May,2,2022
20220523,2022-05-23,1,23,Monday,5,May,2,2022
20220524,2022-05-24,2,24,Tuesday,5,May,2,2022
20220525,2022-05-25,3,25,Wednesday,5,May,2,2022
20220526,2022-05-26,4,26,Thursday,5,May,2,2022
20220527,2022-05-27,5,27,Friday,5,May,2,2022
20220528,2022-05-28,6,28,Saturday,5,May,2,2022
20220529,2022-05-29,7,29,Sunday,5,May,2,2022
20220530,2022-05-30,1,30,Monday,5,May,2,2022
20220531,2022-05-31,2,31,Tuesday,5,May,2,2022
20220601,2022-06-01,3,1,Wednesday,6,June,2,2022
20220602,2022-06-02,4,2,Thursday,6,June,2,2022
20220603,2022-06-03,5,3,Friday,6,June,2,2022
20220604,2022-06-04,6,4,Saturday,6,June,2,2022
20220605,2022-06-05,7,5,Sunday,6,June,2,2022
20220606,2022-06-06,1,6,Monday,6,June,2,2022
20220607,2022-06-07,2,7,Tuesday,6,June,2,2022
20220608,2022-06-08,3,8,Wednesday,6,June,2,2022
20220609,2022-06-09,4,9,Thursday,6,June,2,2022
20220610,2022-06-10,5,10,Friday,6,June,2,2022
20220611,2022-06-11,6,11,Saturday,6,June,2,2022
20220612,2022-06-12,7,12,Sunday,6,June,2,2022
20220613,2022-06-13,1,13,Monday,6,June,2,2022
20220614,2022-06-14,2,14,Tuesday,6,June,2,2022
20220615,2022-06-15,3,15,Wednesday,6,June,2,2022
20220616,2022-06-16,4,16,Thursday,6,June,2,2022
20220617,2022-06-17,5,17,Friday,6,June,2,2022
20220618,2022-06-18,6,18,Saturday,6,June,2,2022
20220619,2022-06-19,7,19,Sunday,6,June,2,2022
20220620,2022-06-20,1,20,Monday,6,June,2,2022
20220621,2022-06-21,2,21,Tuesday,6,June,2,2022
20220622,2022-06-22,3,22,Wednesday,6,June,2,2022
20220623,2022-06-23,4,23,Thursday,6,June,2,2022
20220624,2022-06-24,5,24,Friday,6,June,2,2022
20220625,2022-06-25,6,25,Saturday,6,June,2,2022
20220626,2022-06-26,7,26,Sunday,6,June,2,2022
20220627,2022-06-27,1,27,Monday,6,June,2,2022
20220628,2022-06-28,2,28,Tuesday,6,June,2,2022
20220629,2022-06-29,3,29,Wednesday,6,June,2,2022
20220630,2022-06-30,4,30,Thursday,6,June,2,2022
20220701,2022-07-01,5,1,Friday,7,July,3,2022
20220702,2022-07-02,6,2,Saturday,7,July,3,2022
20220703,2022-07-03,7,3,Sunday,7,July,3,2022
20220704,2022-07-04,1,4,Monday,7,July,3,2022
20220705,2022-07-05,2,5,Tuesday,7,July,3,2022
20220706,2022-07-06,3,6,Wednesday,7,July,3,2022
20220707,2022-07-07,4,7,Thursday,7,July,3,2022
20220708,2022-07-08,5,8,Friday,7,July,3,2022
20220709,2022-07-09,6,9,Saturday,7,July,3,2022
20220710,2022-07-10,7,10,Sunday,7,July,3,2022
20220711,2022-07-11,1,11,Monday,7,July,3,2022
20220712,2022-07-12,2,12,Tuesday,7,July,3,2022
20220713,2022-07-13,3,13,Wednesday,7,July,3,2022
20220714,2022-07-14,4,14,Thursday,7,July,3,2022
20220715,2022-07-15,5,15,Friday,7,July,3,2022
20220716,2022-07-16,6,16,Saturday,7,July,3,2022
20220717,2022-07-17,7,17,Sunday,7,July,3,2022
20220718,2022-07-18,1,18,Monday,7,July,3,2022
20220719,2022-07-19,2,19,Tuesday,7,July,3,2022
20220720,2022-07-20,3,20,Wednesday,7,July,3,2022
20220721,2022-07-21,4,21,Thursday,7,July,3,2022
20220722,2022-07-22,5,22,Friday,7,July,3,2022
20220723,2022-07-23,6,23,Saturday,7,July,3,2022
20220724,2022-07-24,7,24,Sunday,7,July,3,2022
20220725,2022-07-25,1,25,Monday,7,July,3,2022
20220726,2022-07-26,2,26,Tuesday,7,July,3,2022
20220727,2022-07-27,3,27,Wednesday,7,July,3,2022
20220728,2022-07-28,4,28,Thursday,7,July,3,2022
20220729,2022-07-29,5,29,Friday,7,July,3,2022
20220730,2022-07-30,6,30,Saturday,7,July,3,2022
20220731,2022-07-31,7,31,Sunday,7,July,3,2022
20220801,2022-08-01,1,1,Monday,8,August,3,2022
20220802,2022-08-02,2,2,Tuesday,8,August,3,2022
20220803,2022-08-03,3,3,Wednesday,8,August,3,2022
20220804,2022-08-04,4,4,Thursday,8,August,3,2022
20220805,2022-08-05,5,5,Friday,8,August,3,2022
20220806,2022-08-06,6,6,Saturday,8,August,3,2022
20220807,2022-08-07,7,7,Sunday,8,August,3,2022
20220808,2022-08-08,1,8,Monday,8,August,3,2022
20220809,2022-08-09,2,9,Tuesday,8,August,3,2022
20220810,2022-08-10,3,10,Wednesday,8,August,3,2022
20220811,2022-08-11,4,11,Thursday,8,August,3,2022
20220812,2022-08-12,5,12,Friday,8,August,3,2022
20220813,2022-08-13,6,13,Saturday,8,August,3,2022
20220814,2022-08-14,7,14,Sunday,8,August,3,2022
20220815,2022-08-15,1,15,Monday,8,August,3,2022
20220816,2022-08-16,2,16,Tuesday,8,August,3,2022
20220817,2022-08-17,3,17,Wednesday,8,August,3,2022
20220818,2022-08-18,4,18,Thursday,8,August,3,2022
20220819,2022-08-19,5,19,Friday,8,August,3,2022
20220820,2022-08-20,6,20,Saturday,8,August,3,2022
20220821,2022-08-21,7,21,Sunday,8,August,3,2022
20220822,2022-08-22,1,22,Monday,8,August,3,2022
20220823,2022-08-23,2,23,Tuesday,8,August,3,2022
20220824,2022-08-24,3,24,Wednesday,8,August,3,2022
20220825,2022-08-25,4,25,Thursday,8,August,3,2022
20220826,2022-08-26,5,26,Friday,8,August,3,2022
20220827,2022-08-27,6,27,Saturday,8,August,3,2022
20220828,2022-08-28,7,28,Sunday,8,August,3,2022
20220829,2022-08-29,1,29,Monday,8,August,3,2022
20220830,2022-08-30,2,30,Tuesday,8,August,3,2022
20220831,2022-08-31,3,31,Wednesday,8,August,3,2022
20220901,2022-09-01,4,1,Thursday,9,September,3,2022
20220902,2022-09-02,5,2,Friday,9,September,3,2022
20220903,2022-09-03,6,3,Saturday,9,September,3,2022
20220904,2022-09-04,7,4,Sunday,9,September,3,2022
20220905,2022-09-05,1,5,Monday,9,September,3,2022
20220906,2022-09-06,2,6,Tuesday,9,September,3,2022
20220907,2022-09-07,3,7,Wednesday,9,September,3,2022
20220908,2022-09-08,4,8,Thursday,9,September,3,2022
20220909,2022-09-09,5,9,Friday,9,September,3,2022
20220910,2022-09-10,6,10,Saturday,9,September,3,2022
20220911,2022-09-11,7,11,Sunday,9,September,3,2022
20220912,2022-09-12,1,12,Monday,9,September,3,2022
20220913,2022-09-13,2,13,Tuesday,9,September,3,2022
20220914,2022-09-14,3,14,Wednesday,9,September,3,2022
20220915,2022-09-15,4,15,Thursday,9,September,3,2022
20220916,2022-09-16,5,16,Friday,9,September,3,2022
20220917,2022-09-17,6,17,Saturday,9,September,3,2022
20220918,2022-09-18,7,18,Sunday,9,September,3,2022
20220919,2022-09-19,1,19,Monday,9,September,3,2022
20220920,2022-09-20,2,20,Tuesday,9,September,3,2022
20220921,2022-09-21,3,21,Wednesday,9,September,3,2022
20220922,2022-09-22,4,22,Thursday,9,September,3,2022
20220923,2022-09-23,5,23,Friday,9,September,3,2022
20220924,2022-09-24,6,24,Saturday,9,September,3,2022
20220925,2022-09-25,7,25,Sunday,9,September,3,2022
20220926,2022-09-26,1,26,Monday,9,September,3,2022
20220927,2022-09-27,2,27,Tuesday,9,September,3,2022
20220928,2022-09-28,3,28,Wednesday,9,September,3,2022
20220929,2022-09-29,4,29,Thursday,9,September,3,2022
20220930,2022-09-30,5,30,Friday,9,September,3,2022
20221001,2022-10-01,6,1,Saturday,10,October,4,2022
20221002,2022-10-02,7,2,Sunday,10,October,4,2022
20221003,2022-10-03,1,3,Monday,10,October,4,2022
20221004,2022-10-04,2,4,Tuesday,10,October,4,2022
20221005,2022-10-05,3,5,Wednesday,10,October,4,2022
20221006,2022-10-06,4,6,Thursday,10,October,4,2022
20221007,2022-10-07,5,7,Friday,10,October,4,2022
20221008,2022-10-08,6,8,Saturday,10,October,4,2022
20221009,2022-10-09,7,9,Sunday,10,October,4,2022
20221010,2022-10-10,1,10,Monday,10,October,4,2022
20221011,2022-10-11,2,11,Tuesday,10,October,4,2022
20221012,2022-10-12,3,12,Wednesday,10,October,4,2022
20221013,2022-10-13,4,13,Thursday,10,October,4,2022
20221014,2022-10-14,5,14,Friday,10,October,4,2022
20221015,2022-10-15,6,15,Saturday,10,October,4,2022
20221016,2022-10-16,7,16,Sunday,10,October,4,2022
20221017,2022-10-17,1,17,Monday,10,October,4,2022
20221018,2022-10-18,2,18,Tuesday,10,October,4,2022
20221019,2022-10-19,3,19,Wednesday,10,October,4,2022
20221020,2022-10-20,4,20,Thursday,10,October,4,2022
20221021,2022-10-21,5,21,Friday,10,October,4,2022
20221022,2022-10-22,6,22,Saturday,10,October,4,2022
20221023,2022-10-23,7,23,Sunday,10,October,4,2022
20221024,2022-10-24,1,24,Monday,10,October,4,2022
20221025,2022-10-25,2,25,Tuesday,10,October,4,2022
20221026,2022-10-26,3,26,Wednesday,10,October,4,2022
20221027,2022-10-27,4,27,Thursday,10,October,4,2022
20221028,2022-10-28,5,28,Friday,10,October,4,2022
20221029,2022-10-29,6,29,Saturday,10,October,4,2022
20221030,2022-10-30,7,30,Sunday,10,October,4,2022
20221031,2022-10-31,1,31,Monday,10,October,4,2022
20221101,2022-11-01,2,1,Tuesday,11,November,4,2022
20221102,2022-11-02,3,2,Wednesday,11,November,4,2022
20221103,2022-11-03,4,3,Thursday,11,November,4,2022
20221104,2022-11-04,5,4,Friday,11,November,4,2022
20221105,2022-11-05,6,5,Saturday,11,November,4,2022
20221106,2022-11-06,7,6,Sunday,11,November,4,2022
20221107,2022-11-07,1,7,Monday,11,November,4,2022
20221108,2022-11-08,2,8,Tuesday,11,November,4,2022
20221109,2022-11-09,3,9,Wednesday,11,November,4,2022
20221110,2022-11-10,4,10,Thursday,11,November,4,2022
20221111,2022-11-11,5,11,Friday,11,November,4,2022
20221112,2022-11-12,6,12,Saturday,11,November,4,2022
20221113,2022-11-13,7,13,Sunday,11,November,4,2022
20221114,2022-11-14,1,14,Monday,11,November,4,2022
20221115,2022-11-15,2,15,Tuesday,11,November,4,2022
20221116,2022-11-16,3,16,Wednesday,11,November,4,2022
20221117,2022-11-17,4,17,Thursday,11,November,4,2022
20221118,2022-11-18,5,18,Friday,11,November,4,2022
20221119,2022-11-19,6,19,Saturday,11,November,4,2022
20221120,2022-11-20,7,20,Sunday,11,November,4,2022
20221121,2022-11-21,1,21,Monday,11,November,4,2022
20221122,2022-11-22,2,22,Tuesday,11,November,4,2022
20221123,2022-11-23,3,23,Wednesday,11,November,4,2022
20221124,2022-11-24,4,24,Thursday,11,November,4,2022
20221125,2022-11-25,5,25,Friday,11,November,4,2022
20221126,2022-11-26,6,26,Saturday,11,November,4,2022
20221127,2022-11-27,7,27,Sunday,11,November,4,2022
20221128,2022-11-28,1,28,Monday,11,November,4,2022
20221129,2022-11-29,2,29,Tuesday,11,November,4,2022
20221130,2022-11-30,3,30,Wednesday,11,November,4,2022
20221201,2022-12-01,4,1,Thursday,12,December,4,2022
20221202,2022-12-02,5,2,Friday,12,December,4,2022
20221203,2022-12-03,6,3,Saturday,12,December,4,2022
20221204,2022-12-04,7,4,Sunday,12,December,4,2022
20221205,2022-12-05,1,5,Monday,12,December,4,2022
20221206,2022-12-06,2,6,Tuesday,12,December,4,2022
20221207,2022-12-07,3,7,Wednesday,12,December,4,2022
20221208,2022-12-08,4,8,Thursday,12,December,4,2022
20221209,2022-12-09,5,9,Friday,12,December,4,2022
20221210,2022-12-10,6,10,Saturday,12,December,4,2022
20221211,2022-12-11,7,11,Sunday,12,December,4,2022
20221212,2022-12-12,1,12,Monday,12,December,4,2022
20221213,2022-12-13,2,13,Tuesday,12,December,4,2022
20221214,2022-12-14,3,14,Wednesday,12,December,4,2022
20221215,2022-12-15,4,15,Thursday,12,December,4,2022
20221216,2022-12-16,5,16,Friday,12,December,4,2022
20221217,2022-12-17,6,17,Saturday,12,December,4,2022
20221218,2022-12-18,7,18,Sunday,12,December,4,2022
20221219,2022-12-19,1,19,Monday,12,December,4,2022
20221220,2022-12-20,2,20,Tuesday,12,December,4,2022
20221221,2022-12-21,3,21,Wednesday,12,December,4,2022
20221222,2022-12-22,4,22,Thursday,12,December,4,2022
20221223,2022-12-23,5,23,Friday,12,December,4,2022
20221224,2022-12-24,6,24,Saturday,12,December,4,2022
20221225,2022-12-25,7,25,Sunday,12,December,4,2022
20221226,2022-12-26,1,26,Monday,12,December,4,2022
20221227,2022-12-27,2,27,Tuesday,12,December,4,2022
20221228,2022-12-28,3,28,Wednesday,12,December,4,2022
20221229,2022-12-29,4,29,Thursday,12,December,4,2022
20221230,2022-12-30,5,30,Friday,12,December,4,2022
20221231,2022-12-31,6,31,Saturday,12,December,4,2022
20230101,2023-01-01,7,1,Sunday,1,January,1,2023
20230102,2023-01-02,1,2,Monday,1,January,1,2023
20230103,2023-01-03,2,3,Tuesday,1,January,1,2023
20230104,2023-01-04,3,4,Wednesday,1,January,1,2023
20230105,2023-01-05,4,5,Thursday,1,January,1,2023
20230106,2023-01-06,5,6,Friday,1,January,1,2023
20230107,2023-01-07,6,7,Saturday,1,January,1,2023
20230108,2023-01-08,7,8,Sunday,1,January,1,2023
20230109,2023-01-09,1,9,Monday,1,January,1,2023
20230110,2023-01-10,2,10,Tuesday,1,January,1,2023
20230111,2023-01-11,3,11,Wednesday,1,January,1,2023
20230112,2023-01-12,4,12,Thursday,1,January,1,2023
20230113,2023-01-13,5,13,Friday,1,January,1,2023
20230114,2023-01-14,6,14,Saturday,1,January,1,2023
20230115,2023-01-15,7,15,Sunday,1,January,1,2023
20230116,2023-01-16,1,16,Monday,1,January,1,2023
20230117,2023-01-17,2,17,Tuesday,1,January,1,2023
20230118,2023-01-18,3,18,Wednesday,1,January,1,2023
20230119,2023-01-19,4,19,Thursday,1,January,1,2023
20230120,2023-01-20,5,20,Friday,1,January,1,2023
20230121,2023-01-21,6,21,Saturday,1,January,1,2023
20230122,2023-01-22,7,22,Sunday,1,January,1,2023
20230123,2023-01-23,1,23,Monday,1,January,1,2023
20230124,2023-01-24,2,24,Tuesday,1,January,1,2023
20230125,2023-01-25,3,25,Wednesday,1,January,1,2023
20230126,2023-01-26,4,26,Thursday,1,January,1,2023
20230127,2023-01-27,5,27,Friday,1,January,1,2023
20230128,2023-01-28,6,28,Saturday,1,January,1,2023
20230129,2023-01-29,7,29,Sunday,1,January,1,2023
20230130,2023-01-30,1,30,Monday,1,January,1,2023
20230131,2023-01-31,2,31,Tuesday,1,January,1,2023
20230201,2023-02-01,3,1,Wednesday,2,February,1,2023
20230202,2023-02-02,4,2,Thursday,2,February,1,2023
20230203,2023-02-03,5,3,Friday,2,February,1,2023
20230204,2023-02-04,6,4,Saturday,2,February,1,2023
20230205,2023-02-05,7,5,Sunday,2,February,1,2023
20230206,2023-02-06,1,6,Monday,2,February,1,2023
20230207,2023-02-07,2,7,Tuesday,2,February,1,2023
20230208,2023-02-08,3,8,Wednesday,2,February,1,2023
20230209,2023-02-09,4,9,Thursday,2,February,1,2023
20230210,2023-02-10,5,10,Friday,2,February,1,2023
20230211,2023-02-11,6,11,Saturday,2,February,1,2023
20230212,2023-02-12,7,12,Sunday,2,February,1,2023
20230213,2023-02-13,1,13,Monday,2,February,1,2023
20230214,2023-02-14,2,14,Tuesday,2,February,1,2023
20230215,2023-02-15,3,15,Wednesday,2,February,1,2023
20230216,2023-02-16,4,16,Thursday,2,February,1,2023
20230217,2023-02-17,5,17,Friday,2,February,1,2023
20230218,2023-02-18,6,18,Saturday,2,February,1,2023
20230219,2023-02-19,7,19,Sunday,2,February,1,2023
20230220,2023-02-20,1,20,Monday,2,February,1,2023
20230221,2023-02-21,2,21,Tuesday,2,February,1,2023
20230222,2023-02-22,3,22,Wednesday,2,February,1,2023
20230223,2023-02-23,4,23,Thursday,2,February,1,2023
20230224,2023-02-24,5,24,Friday,2,February,1,2023
20230225,2023-02-25,6,25,Saturday,2,February,1,2023
20230226,2023-02-26,7,26,Sunday,2,February,1,2023
20230227,2023-02-27,1,27,Monday,2,February,1,2023
20230228,2023-02-28,2,28,Tuesday,2,February,1,2023
20230301,2023-03-01,3,1,Wednesday,3,March,1,2023
20230302,2023-03-02,4,2,Thursday,3,March,1,2023
20230303,2023-03-03,5,3,Friday,3,March,1,2023
20230304,2023-03-04,6,4,Saturday,3,March,1,2023
20230305,2023-03-05,7,5,Sunday,3,March,1,2023
20230306,2023-03-06,1,6,Monday,3,March,1,2023
20230307,2023-03-07,2,7,Tuesday,3,March,1,2023
20230308,2023-03-08,3,8,Wednesday,3,March,1,2023
20230309,2023-03-09,4,9,Thursday,3,March,1,2023
20230310,2023-03-10,5,10,Friday,3,March,1,2023
20230311,2023-03-11,6,11,Saturday,3,March,1,2023
20230312,2023-03-12,7,12,Sunday,3,March,1,2023
20230313,2023-03-13,1,13,Monday,3,March,1,2023
20230314,2023-03-14,2,14,Tuesday,3,March,1,2023
20230315,2023-03-15,3,15,Wednesday,3,March,1,2023
20230316,2023-03-16,4,16,Thursday,3,March,1,2023
20230317,2023-03-17,5,17,Friday,3,March,1,2023
20230318,2023-03-18,6,18,Saturday,3,March,1,2023
20230319,2023-03-19,7,19,Sunday,3,March,1,2023
20230320,2023-03-20,1,20,Monday,3,March,1,2023
20230321,2023-03-21,2,21,Tuesday,3,March,1,2023
20230322,2023-03-22,3,22,Wednesday,3,March,1,2023
20230323,2023-03-23,4,23,Thursday,3,March,1,2023
20230324,2023-03-24,5,24,Friday,3,March,1,2023
20230325,2023-03-25,6,25,Saturday,3,March,1,2023
20230326,2023-03-26,7,26,Sunday,3,March,1,2023
20230327,2023-03-27,1,27,Monday,3,March,1,2023
20230328,2023-03-28,2,28,Tuesday,3,March,1,2023
20230329,2023-03-29,3,29,Wednesday,3,March,1,2023
20230330,2023-03-30,4,30,Thursday,3,March,1,2023
20230331,2023-03-31,5,31,Friday,3,March,1,2023
20230401,2023-04-01,6,1,Saturday,4,April,2,2023
20230402,2023-04-02,7,2,Sunday,4,April,2,2023
20230403,2023-04-03,1,3,Monday,4,April,2,2023
20230404,2023-04-04,2,4,Tuesday,4,April,2,2023
20230405,2023-04-05,3,5,Wednesday,4,April,2,2023
20230406,2023-04-06,4,6,Thursday,4,April,2,2023
20230407,2023-04-07,5,7,Friday,4,April,2,2023
20230408,2023-04-08,6,8,Saturday,4,April,2,2023
20230409,2023-04-09,7,9,Sunday,4,April,2,2023
20230410,2023-04-10,1,10,Monday,4,April,2,2023
20230411,2023-04-11,2,11,Tuesday,4,April,2,2023
20230412,2023-04-12,3,12,Wednesday,4,April,2,2023
20230413,2023-04-13,4,13,Thursday,4,April,2,2023
20230414,2023-04-14,5,14,Friday,4,April,2,2023
20230415,2023-04-15,6,15,Saturday,4,April,2,2023
20230416,2023-04-16,7,16,Sunday,4,April,2,2023
20230417,2023-04-17,1,17,Monday,4,April,2,2023
20230418,2023-04-18,2,18,Tuesday,4,April,2,2023
20230419,2023-04-19,3,19,Wednesday,4,April,2,2023
20230420,2023-04-20,4,20,Thursday,4,April,2,2023
20230421,2023-04-21,5,21,Friday,4,April,2,2023
20230422,2023-04-22,6,22,Saturday,4,April,2,2023
20230423,2023-04-23,7,23,Sunday,4,April,2,2023
20230424,2023-04-24,1,24,Monday,4,April,2,2023
20230425,2023-04-25,2,25,Tuesday,4,April,2,2023
20230426,2023-04-26,3,26,Wednesday,4,April,2,2023
20230427,2023-04-27,4,27,Thursday,4,April,2,2023
20230428,2023-04-28,5,28,Friday,4,April,2,2023
20230429,2023-04-29,6,29,Saturday,4,April,2,2023
20230430,2023-04-30,7,30,Sunday,4,April,2,2023
20230501,2023-05-01,1,1,Monday,5,May,2,2023
20230502,2023-05-02,2,2,Tuesday,5,May,2,2023
20230503,2023-05-03,3,3,Wednesday,5,May,2,2023
20230504,2023-05-04,4,4,Thursday,5,May,2,2023
20230505,2023-05-05,5,5,Friday,5,May,2,2023
20230506,2023-05-06,6,6,Saturday,5,May,2,2023
20230507,2023-05-07,7,7,Sunday,5,May,2,2023
20230508,2023-05-08,1,8,Monday,5,May,2,2023
20230509,2023-05-09,2,9,Tuesday,5,May,2,2023
20230510,2023-05-10,3,10,Wednesday,5,May,2,2023
20230511,2023-05-11,4,11,Thursday,5,May,2,2023
20230512,2023-05-12,5,12,Friday,5,May,2,2023
20230513,2023-05-13,6,13,Saturday,5,May,2,2023
20230514,2023-05-14,7,14,Sunday,5,May,2,2023
20230515,2023-05-15,1,15,Monday,5,May,2,2023
20230516,2023-05-16,2,16,Tuesday,5,May,2,2023
20230517,2023-05-17,3,17,Wednesday,5,May,2,2023
20230518,2023-05-18,4,18,Thursday,5,May,2,2023
20230519,2023-05-19,5,19,Friday,5,May,2,2023
20230520,2023-05-20,6,20,Saturday,5,May,2,2023
20230521,2023-05-21,7,21,Sunday,5,May,2,2023
20230522,2023-05-22,1,22,Monday,5,May,2,2023
20230523,2023-05-23,2,23,Tuesday,5,May,2,2023
20230524,2023-05-24,3,24,Wednesday,5,May,2,2023
20230525,2023-05-25,4,25,Thursday,5,May,2,2023
20230526,2023-05-26,5,26,Friday,5,May,2,2023
20230527,2023-05-27,6,27,Saturday,5,May,2,2023
20230528,2023-05-28,7,28,Sunday,5,May,2,2023
20230529,2023-05-29,1,29,Monday,5,May,2,2023
20230530,2023-05-30,2,30,Tuesday,5,May,2,2023
20230531,2023-05-31,3,31,Wednesday,5,May,2,2023
20230601,2023-06-01,4,1,Thursday,6,June,2,2023
20230602,2023-06-02,5,2,Friday,6,June,2,2023
20230603,2023-06-03,6,3,Saturday,6,June,2,2023
20230604,2023-06-04,7,4,Sunday,6,June,2,2023
20230605,2023-06-05,1,5,Monday,6,June,2,2023
20230606,2023-06-06,2,6,Tuesday,6,June,2,2023
20230607,2023-06-07,3,7,Wednesday,6,June,2,2023
20230608,2023-06-08,4,8,Thursday,6,June,2,2023
20230609,2023-06-09,5,9,Friday,6,June,2,2023
20230610,2023-06-10,6,10,Saturday,6,June,2,2023
20230611,2023-06-11,7,11,Sunday,6,June,2,2023
20230612,2023-06-12,1,12,Monday,6,June,2,2023
20230613,2023-06-13,2,13,Tuesday,6,June,2,2023
20230614,2023-06-14,3,14,Wednesday,6,June,2,2023
20230615,2023-06-15,4,15,Thursday,6,June,2,2023
20230616,2023-06-16,5,16,Friday,6,June,2,2023
20230617,2023-06-17,6,17,Saturday,6,June,2,2023
20230618,2023-06-18,7,18,Sunday,6,June,2,2023
20230619,2023-06-19,1,19,Monday,6,June,2,2023
20230620,2023-06-20,2,20,Tuesday,6,June,2,2023
20230621,2023-06-21,3,21,Wednesday,6,June,2,2023
20230622,2023-06-22,4,22,Thursday,6,June,2,2023
20230623,2023-06-23,5,23,Friday,6,June,2,2023
20230624,2023-06-24,6,24,Saturday,6,June,2,2023
20230625,2023-06-25,7,25,Sunday,6,June,2,2023
20230626,2023-06-26,1,26,Monday,6,June,2,2023
20230627,2023-06-27,2,27,Tuesday,6,June,2,2023
20230628,2023-06-28,3,28,Wednesday,6,June,2,2023
20230629,2023-06-29,4,29,Thursday,6,June,2,2023
20230630,2023-06-30,5,30,Friday,6,June,2,2023
20230701,2023-07-01,6,1,Saturday,7,July,3,2023
20230702,2023-07-02,7,2,Sunday,7,July,3,2023
20230703,2023-07-03,1,3,Monday,7,July,3,2023
20230704,2023-07-04,2,4,Tuesday,7,July,3,2023
20230705,2023-07-05,3,5,Wednesday,7,July,3,2023
20230706,2023-07-06,4,6,Thursday,7,July,3,2023
20230707,2023-07-07,5,7,Friday,7,July,3,2023
20230708,2023-07-08,6,8,Saturday,7,July,3,2023
20230709,2023-07-09,7,9,Sunday,7,July,3,2023
20230710,2023-07-10,1,10,Monday,7,July,3,2023
20230711,2023-07-11,2,11,Tuesday,7,July,3,2023
20230712,2023-07-12,3,12,Wednesday,7,July,3,2023
20230713,2023-07-13,4,13,Thursday,7,July,3,2023
20230714,2023-07-14,5,14,Friday,7,July,3,2023
20230715,2023-07-15,6,15,Saturday,7,July,3,2023
20230716,2023-07-16,7,16,Sunday,7,July,3,2023
20230717,2023-07-17,1,17,Monday,7,July,3,2023
20230718,2023-07-18,2,18,Tuesday,7,July,3,2023
20230719,2023-07-19,3,19,Wednesday,7,July,3,2023
20230720,2023-07-20,4,20,Thursday,7,July,3,2023
20230721,2023-07-21,5,21,Friday,7,July,3,2023
20230722,2023-07-22,6,22,Saturday,7,July,3,2023
20230723,2023-07-23,7,23,Sunday,7,July,3,2023
20230724,2023-07-24,1,24,Monday,7,July,3,2023
20230725,2023-07-25,2,25,Tuesday,7,July,3,2023
20230726,2023-07-26,3,26,Wednesday,7,July,3,2023
20230727,2023-07-27,4,27,Thursday,7,July,3,2023
20230728,2023-07-28,5,28,Friday,7,July,3,2023
20230729,2023-07-29,6,29,Saturday,7,July,3,2023
20230730,2023-07-30,7,30,Sunday,7,July,3,2023
20230731,2023-07-31,1,31,Monday,7,July,3,2023
20230801,2023-08-01,2,1,Tuesday,8,August,3,2023
20230802,2023-08-02,3,2,Wednesday,8,August,3,2023
20230803,2023-08-03,4,3,Thursday,8,August,3,2023
20230804,2023-08-04,5,4,Friday,8,August,3,2023
20230805,2023-08-05,6,5,Saturday,8,August,3,2023
20230806,2023-08-06,7,6,Sunday,8,August,3,2023
20230807,2023-08-07,1,7,Monday,8,August,3,2023
20230808,2023-08-08,2,8,Tuesday,8,August,3,2023
20230809,2023-08-09,3,9,Wednesday,8,August,3,2023
20230810,2023-08-10,4,10,Thursday,8,August,3,2023
20230811,2023-08-11,5,11,Friday,8,August,3,2023
20230812,2023-08-12,6,12,Saturday,8,August,3,2023
20230813,2023-08-13,7,13,Sunday,8,August,3,2023
20230814,2023-08-14,1,14,Monday,8,August,3,2023
20230815,2023-08-15,2,15,Tuesday,8,August,3,2023
20230816,2023-08-16,3,16,Wednesday,8,August,3,2023
20230817,2023-08-17,4,17,Thursday,8,August,3,2023
20230818,2023-08-18,5,18,Friday,8,August,3,2023
20230819,2023-08-19,6,19,Saturday,8,August,3,2023
20230820,2023-08-20,7,20,Sunday,8,August,3,2023
20230821,2023-08-21,1,21,Monday,8,August,3,2023
20230822,2023-08-22,2,22,Tuesday,8,August,3,2023
20230823,2023-08-23,3,23,Wednesday,8,August,3,2023
20230824,2023-08-24,4,24,Thursday,8,August,3,2023
20230825,2023-08-25,5,25,Friday,8,August,3,2023
20230826,2023-08-26,6,26,Saturday,8,August,3,2023
20230827,2023-08-27,7,27,Sunday,8,August,3,2023
20230828,2023-08-28,1,28,Monday,8,August,3,2023
20230829,2023-08-29,2,29,Tuesday,8,August,3,2023
20230830,2023-08-30,3,30,Wednesday,8,August,3,2023
20230831,2023-08-31,4,31,Thursday,8,August,3,2023
20230901,2023-09-01,5,1,Friday,9,September,3,2023
20230902,2023-09-02,6,2,Saturday,9,September,3,2023
20230903,2023-09-03,7,3,Sunday,9,September,3,2023
20230904,2023-09-04,1,4,Monday,9,September,3,2023
20230905,2023-09-05,2,5,Tuesday,9,September,3,2023
20230906,2023-09-06,3,6,Wednesday,9,September,3,2023
20230907,2023-09-07,4,7,Thursday,9,September,3,2023
20230908,2023-09-08,5,8,Friday,9,September,3,2023
20230909,2023-09-09,6,9,Saturday,9,September,3,2023
20230910,2023-09-10,7,10,Sunday,9,September,3,2023
20230911,2023-09-11,1,11,Monday,9,September,3,2023
20230912,2023-09-12,2,12,Tuesday,9,September,3,2023
20230913,2023-09-13,3,13,Wednesday,9,September,3,2023
20230914,2023-09-14,4,14,Thursday,9,September,3,2023
20230915,2023-09-15,5,15,Friday,9,September,3,2023
20230916,2023-09-16,6,16,Saturday,9,September,3,2023
20230917,2023-09-17,7,17,Sunday,9,September,3,2023
20230918,2023-09-18,1,18,Monday,9,September,3,2023
20230919,2023-09-19,2,19,Tuesday,9,September,3,2023
20230920,2023-09-20,3,20,Wednesday,9,September,3,2023
20230921,2023-09-21,4,21,Thursday,9,September,3,2023
20230922,2023-09-22,5,22,Friday,9,September,3,2023
20230923,2023-09-23,6,23,Saturday,9,September,3,2023
20230924,2023-09-24,7,24,Sunday,9,September,3,2023
20230925,2023-09-25,1,25,Monday,9,September,3,2023
20230926,2023-09-26,2,26,Tuesday,9,September,3,2023
20230927,2023-09-27,3,27,Wednesday,9,September,3,2023
20230928,2023-09-28,4,28,Thursday,9,September,3,2023
20230929,2023-09-29,5,29,Friday,9,September,3,2023
20230930,2023-09-30,6,30,Saturday,9,September,3,2023
20231001,2023-10-01,7,1,Sunday,10,October,4,2023
20231002,2023-10-02,1,2,Monday,10,October,4,2023
20231003,2023-10-03,2,3,Tuesday,10,October,4,2023
20231004,2023-10-04,3,4,Wednesday,10,October,4,2023
20231005,2023-10-05,4,5,Thursday,10,October,4,2023
20231006,2023-10-06,5,6,Friday,10,October,4,2023
20231007,2023-10-07,6,7,Saturday,10,October,4,2023
20231008,2023-10-08,7,8,Sunday,10,October,4,2023
20231009,2023-10-09,1,9,Monday,10,October,4,2023
20231010,2023-10-10,2,10,Tuesday,10,October,4,2023
20231011,2023-10-11,3,11,Wednesday,10,October,4,2023
20231012,2023-10-12,4,12,Thursday,10,October,4,2023
20231013,2023-10-13,5,13,Friday,10,October,4,2023
20231014,2023-10-14,6,14,Saturday,10,October,4,2023
20231015,2023-10-15,7,15,Sunday,10,October,4,2023
20231016,2023-10-16,1,16,Monday,10,October,4,2023
20231017,2023-10-17,2,17,Tuesday,10,October,4,2023
20231018,2023-10-18,3,18,Wednesday,10,October,4,2023
20231019,2023-10-19,4,19,Thursday,10,October,4,2023
20231020,2023-10-20,5,20,Friday,10,October,4,2023
20231021,2023-10-21,6,21,Saturday,10,October,4,2023
20231022,2023-10-22,7,22,Sunday,10,October,4,2023
20231023,2023-10-23,1,23,Monday,10,October,4,2023
20231024,2023-10-24,2,24,Tuesday,10,October,4,2023
20231025,2023-10-25,3,25,Wednesday,10,October,4,2023
20231026,2023-10-26,4,26,Thursday,10,October,4,2023
20231027,2023-10-27,5,27,Friday,10,October,4,2023
20231028,2023-10-28,6,28,Saturday,10,October,4,2023
20231029,2023-10-29,7,29,Sunday,10,October,4,2023
20231030,2023-10-30,1,30,Monday,10,October,4,2023
20231031,2023-10-31,2,31,Tuesday,10,October,4,2023
20231101,2023-11-01,3,1,Wednesday,11,November,4,2023
20231102,2023-11-02,4,2,Thursday,11,November,4,2023
20231103,2023-11-03,5,3,Friday,11,November,4,2023
20231104,2023-11-04,6,4,Saturday,11,November,4,2023
20231105,2023-11-05,7,5,Sunday,11,November,4,2023
20231106,2023-11-06,1,6,Monday,11,November,4,2023
20231107,2023-11-07,2,7,Tuesday,11,November,4,2023
20231108,2023-11-08,3,8,Wednesday,11,November,4,2023
20231109,2023-11-09,4,9,Thursday,11,November,4,2023
20231110,2023-11-10,5,10,Friday,11,November,4,2023
20231111,2023-11-11,6,11,Saturday,11,November,4,2023
20231112,2023-11-12,7,12,Sunday,11,November,4,2023
20231113,2023-11-13,1,13,Monday,11,November,4,2023
20231114,2023-11-14,2,14,Tuesday,11,November,4,2023
20231115,2023-11-15,3,15,Wednesday,11,November,4,2023
20231116,2023-11-16,4,16,Thursday,11,November,4,2023
20231117,2023-11-17,5,17,Friday,11,November,4,2023
20231118,2023-11-18,6,18,Saturday,11,November,4,2023
20231119,2023-11-19,7,19,Sunday,11,November,4,2023
20231120,2023-11-20,1,20,Monday,11,November,4,2023
20231121,2023-11-21,2,21,Tuesday,11,November,4,2023
20231122,2023-11-22,3,22,Wednesday,11,November,4,2023
20231123,2023-11-23,4,23,Thursday,11,November,4,2023
20231124,2023-11-24,5,24,Friday,11,November,4,2023
20231125,2023-11-25,6,25,Saturday,11,November,4,2023
20231126,2023-11-26,7,26,Sunday,11,November,4,2023
20231127,2023-11-27,1,27,Monday,11,November,4,2023
20231128,2023-11-28,2,28,Tuesday,11,November,4,2023
20231129,2023-11-29,3,29,Wednesday,11,November,4,2023
20231130,2023-11-30,4,30,Thursday,11,November,4,2023
20231201,2023-12-01,5,1,Friday,12,December,4,2023
20231202,2023-12-02,6,2,Saturday,12,December,4,2023
20231203,2023-12-03,7,3,Sunday,12,December,4,2023
20231204,2023-12-04,1,4,Monday,12,December,4,2023
20231205,2023-12-05,2,5,Tuesday,12,December,4,2023
20231206,2023-12-06,3,6,Wednesday,12,December,4,2023
20231207,2023-12-07,4,7,Thursday,12,December,4,2023
20231208,2023-12-08,5,8,Friday,12,December,4,2023
20231209,2023-12-09,6,9,Saturday,12,December,4,2023
20231210,2023-12-10,7,10,Sunday,12,December,4,2023
20231211,2023-12-11,1,11,Monday,12,December,4,2023
20231212,2023-12-12,2,12,Tuesday,12,December,4,2023
20231213,2023-12-13,3,13,Wednesday,12,December,4,2023
20231214,2023-12-14,4,14,Thursday,12,December,4,2023
20231215,2023-12-15,5,15,Friday,12,December,4,2023
20231216,2023-12-16,6,16,Saturday,12,December,4,2023
20231217,2023-12-17,7,17,Sunday,12,December,4,2023
20231218,2023-12-18,1,18,Monday,12,December,4,2023
20231219,2023-12-19,2,19,Tuesday,12,December,4,2023
20231220,2023-12-20,3,20,Wednesday,12,December,4,2023
20231221,2023-12-21,4,21,Thursday,12,December,4,2023
20231222,2023-12-22,5,22,Friday,12,December,4,2023
20231223,2023-12-23,6,23,Saturday,12,December,4,2023
20231224,2023-12-24,7,24,Sunday,12,December,4,2023
20231225,2023-12-25,1,25,Monday,12,December,4,2023
20231226,2023-12-26,2,26,Tuesday,12,December,4,2023
20231227,2023-12-27,3,27,Wednesday,12,December,4,2023
20231228,2023-12-28,4,28,Thursday,12,December,4,2023
20231229,2023-12-29,5,29,Friday,12,December,4,2023
20231230,2023-12-30,6,30,Saturday,12,December,4,2023
20231231,2023-12-31,7,31,Sunday,12,December,4,2023
20240101,2024-01-01,1,1,Monday,1,January,1,2024
20240102,2024-01-02,2,2,Tuesday,1,January,1,2024
20240103,2024-01-03,3,3,Wednesday,1,January,1,2024
20240104,2024-01-04,4,4,Thursday,1,January,1,2024
20240105,2024-01-05,5,5,Friday,1,January,1,2024
20240106,2024-01-06,6,6,Saturday,1,January,1,2024
20240107,2024-01-07,7,7,Sunday,1,January,1,2024
20240108,2024-01-08,1,8,Monday,1,January,1,2024
20240109,2024-01-09,2,9,Tuesday,1,January,1,2024
20240110,2024-01-10,3,10,Wednesday,1,January,1,2024
20240111,2024-01-11,4,11,Thursday,1,January,1,2024
20240112,2024-01-12,5,12,Friday,1,January,1,2024
20240113,2024-01-13,6,13,Saturday,1,January,1,2024
20240114,2024-01-14,7,14,Sunday,1,January,1,2024
20240115,2024-01-15,1,15,Monday,1,January,1,2024
20240116,2024-01-16,2,16,Tuesday,1,January,1,2024
20240117,2024-01-17,3,17,Wednesday,1,January,1,2024
20240118,2024-01-18,4,18,Thursday,1,January,1,2024
20240119,2024-01-19,5,19,Friday,1,January,1,2024
20240120,2024-01-20,6,20,Saturday,1,January,1,2024
20240121,2024-01-21,7,21,Sunday,1,January,1,2024
20240122,2024-01-22,1,22,Monday,1,January,1,2024
20240123,2024-01-23,2,23,Tuesday,1,January,1,2024
20240124,2024-01-24,3,24,Wednesday,1,January,1,2024
20240125,2024-01-25,4,25,Thursday,1,January,1,2024
20240126,2024-01-26,5,26,Friday,1,January,1,2024
20240127,2024-01-27,6,27,Saturday,1,January,1,2024
20240128,2024-01-28,7,28,Sunday,1,January,1,2024
20240129,2024-01-29,1,29,Monday,1,January,1,2024
20240130,2024-01-30,2,30,Tuesday,1,January,1,2024
20240131,2024-01-31,3,31,Wednesday,1,January,1,2024
20240201,2024-02-01,4,1,Thursday,2,February,1,2024
20240202,2024-02-02,5,2,Friday,2,February,1,2024
20240203,2024-02-03,6,3,Saturday,2,February,1,2024
20240204,2024-02-04,7,4,Sunday,2,February,1,2024
20240205,2024-02-05,1,5,Monday,2,February,1,2024
20240206,2024-02-06,2,6,Tuesday,2,February,1,2024
20240207,2024-02-07,3,7,Wednesday,2,February,1,2024
20240208,2024-02-08,4,8,Thursday,2,February,1,2024
20240209,2024-02-09,5,9,Friday,2,February,1,2024
20240210,2024-02-10,6,10,Saturday,2,February,1,2024
20240211,2024-02-11,7,11,Sunday,2,February,1,2024
20240212,2024-02-12,1,12,Monday,2,February,1,2024
20240213,2024-02-13,2,13,Tuesday,2,February,1,2024
20240214,2024-02-14,3,14,Wednesday,2,February,1,2024
20240215,2024-02-15,4,15,Thursday,2,February,1,2024
20240216,2024-02-16,5,16,Friday,2,February,1,2024
20240217,2024-02-17,6,17,Saturday,2,February,1,2024
20240218,2024-02-18,7,18,Sunday,2,February,1,2024
20240219,2024-02-19,1,19,Monday,2,February,1,2024
20240220,2024-02-20,2,20,Tuesday,2,February,1,2024
20240221,2024-02-21,3,21,Wednesday,2,February,1,2024
20240222,2024-02-22,4,22,Thursday,2,February,1,2024
20240223,2024-02-23,5,23,Friday,2,February,1,2024
20240224,2024-02-24,6,24,Saturday,2,February,1,2024
20240225,2024-02-25,7,25,Sunday,2,February,1,2024
20240226,2024-02-26,1,26,Monday,2,February,1,2024
20240227,2024-02-27,2,27,Tuesday,2,February,1,2024
20240228,2024-02-28,3,28,Wednesday,2,February,1,2024
20240229,2024-02-29,4,29,Thursday,2,February,1,2024
20240301,2024-03-01,5,1,Friday,3,March,1,2024
20240302,2024-03-02,6,2,Saturday,3,March,1,2024
20240303,2024-03-03,7,3,Sunday,3,March,1,2024
20240304,2024-03-04,1,4,Monday,3,March,1,2024
20240305,2024-03-05,2,5,Tuesday,3,March,1,2024
20240306,2024-03-06,3,6,Wednesday,3,March,1,2024
20240307,2024-03-07,4,7,Thursday,3,March,1,2024
20240308,2024-03-08,5,8,Friday,3,March,1,2024
20240309,2024-03-09,6,9,Saturday,3,March,1,2024
20240310,2024-03-10,7,10,Sunday,3,March,1,2024
20240311,2024-03-11,1,11,Monday,3,March,1,2024
20240312,2024-03-12,2,12,Tuesday,3,March,1,2024
20240313,2024-03-13,3,13,Wednesday,3,March,1,2024
20240314,2024-03-14,4,14,Thursday,3,March,1,2024
20240315,2024-03-15,5,15,Friday,3,March,1,2024
20240316,2024-03-16,6,16,Saturday,3,March,1,2024
20240317,2024-03-17,7,17,Sunday,3,March,1,2024
20240318,2024-03-18,1,18,Monday,3,March,1,2024
20240319,2024-03-19,2,19,Tuesday,3,March,1,2024
20240320,2024-03-20,3,20,Wednesday,3,March,1,2024
20240321,2024-03-21,4,21,Thursday,3,March,1,2024
20240322,2024-03-22,5,22,Friday,3,March,1,2024
20240323,2024-03-23,6,23,Saturday,3,March,1,2024
20240324,2024-03-24,7,24,Sunday,3,March,1,2024
20240325,2024-03-25,1,25,Monday,3,March,1,2024
20240326,2024-03-26,2,26,Tuesday,3,March,1,2024
20240327,2024-03-27,3,27,Wednesday,3,March,1,2024
20240328,2024-03-28,4,28,Thursday,3,March,1,2024
20240329,2024-03-29,5,29,Friday,3,March,1,2024
20240330,2024-03-30,6,30,Saturday,3,March,1,2024
20240331,2024-03-31,7,31,Sunday,3,March,1,2024
20240401,2024-04-01,1,1,Monday,4,April,2,2024
20240402,2024-04-02,2,2,Tuesday,4,April,2,2024
20240403,2024-04-03,3,3,Wednesday,4,April,2,2024
20240404,2024-04-04,4,4,Thursday,4,April,2,2024
20240405,2024-04-05,5,5,Friday,4,April,2,2024
20240406,2024-04-06,6,6,Saturday,4,April,2,2024
20240407,2024-04-07,7,7,Sunday,4,April,2,2024
20240408,2024-04-08,1,8,Monday,4,April,2,2024
20240409,2024-04-09,2,9,Tuesday,4,April,2,2024
20240410,2024-04-10,3,10,Wednesday,4,April,2,2024
20240411,2024-04-11,4,11,Thursday,4,April,2,2024
20240412,2024-04-12,5,12,Friday,4,April,2,2024
20240413,2024-04-13,6,13,Saturday,4,April,2,2024
20240414,2024-04-14,7,14,Sunday,4,April,2,2024
20240415,2024-04-15,1,15,Monday,4,April,2,2024
20240416,2024-04-16,2,16,Tuesday,4,April,2,2024
20240417,2024-04-17,3,17,Wednesday,4,April,2,2024
20240418,2024-04-18,4,18,Thursday,4,April,2,2024
20240419,2024-04-19,5,19,Friday,4,April,2,2024
20240420,2024-04-20,6,20,Saturday,4,April,2,2024
20240421,2024-04-21,7,21,Sunday,4,April,2,2024
20240422,2024-04-22,1,22,Monday,4,April,2,2024
20240423,2024-04-23,2,23,Tuesday,4,April,2,2024
20240424,2024-04-24,3,24,Wednesday,4,April,2,2024
20240425,2024-04-25,4,25,Thursday,4,April,2,2024
20240426,2024-04-26,5,26,Friday,4,April,2,2024
20240427,2024-04-27,6,27,Saturday,4,April,2,2024
20240428,2024-04-28,7,28,Sunday,4,April,2,2024
20240429,2024-04-29,1,29,Monday,4,April,2,2024
20240430,2024-04-30,2,30,Tuesday,4,April,2,2024
20240501,2024-05-01,3,1,Wednesday,5,May,2,2024
20240502,2024-05-02,4,2,Thursday,5,May,2,2024
20240503,2024-05-03,5,3,Friday,5,May,2,2024
20240504,2024-05-04,6,4,Saturday,5,May,2,2024
20240505,2024-05-05,7,5,Sunday,5,May,2,2024
20240506,2024-05-06,1,6,Monday,5,May,2,2024
20240507,2024-05-07,2,7,Tuesday,5,May,2,2024
20240508,2024-05-08,3,8,Wednesday,5,May,2,2024
20240509,2024-05-09,4,9,Thursday,5,May,2,2024
20240510,2024-05-10,5,10,Friday,5,May,2,2024
20240511,2024-05-11,6,11,Saturday,5,May,2,2024
20240512,2024-05-12,7,12,Sunday,5,May,2,2024
20240513,2024-05-13,1,13,Monday,5,May,2,2024
20240514,2024-05-14,2,14,Tuesday,5,May,2,2024
20240515,2024-05-15,3,15,Wednesday,5,May,2,2024
20240516,2024-05-16,4,16,Thursday,5,May,2,2024
20240517,2024-05-17,5,17,Friday,5,May,2,2024
20240518,2024-05-18,6,18,Saturday,5,May,2,2024
20240519,2024-05-19,7,19,Sunday,5,May,2,2024
20240520,2024-05-20,1,20,Monday,5,May,2,2024
20240521,2024-05-21,2,21,Tuesday,5,May,2,2024
20240522,2024-05-22,3,22,Wednesday,5,May,2,2024
20240523,2024-05-23,4,23,Thursday,5,May,2,2024
20240524,2024-05-24,5,24,Friday,5,May,2,2024
20240525,2024-05-25,6,25,Saturday,5,May,2,2024
20240526,2024-05-26,7,26,Sunday,5,May,2,2024
20240527,2024-05-27,1,27,Monday,5,May,2,2024
20240528,2024-05-28,2,28,Tuesday,5,May,2,2024
20240529,2024-05-29,3,29,Wednesday,5,May,2,2024
20240530,2024-05-30,4,30,Thursday,5,May,2,2024
20240531,2024-05-31,5,31,Friday,5,May,2,2024
20240601,2024-06-01,6,1,Saturday,6,June,2,2024
20240602,2024-06-02,7,2,Sunday,6,June,2,2024
20240603,2024-06-03,1,3,Monday,6,June,2,2024
20240604,2024-06-04,2,4,Tuesday,6,June,2,2024
20240605,2024-06-05,3,5,Wednesday,6,June,2,2024
20240606,2024-06-06,4,6,Thursday,6,June,2,2024
20240607,2024-06-07,5,7,Friday,6,June,2,2024
20240608,2024-06-08,6,8,Saturday,6,June,2,2024
20240609,2024-06-09,7,9,Sunday,6,June,2,2024
20240610,2024-06-10,1,10,Monday,6,June,2,2024
20240611,2024-06-11,2,11,Tuesday,6,June,2,2024
20240612,2024-06-12,3,12,Wednesday,6,June,2,2024
20240613,2024-06-13,4,13,Thursday,6,June,2,2024
20240614,2024-06-14,5,14,Friday,6,June,2,2024
20240615,2024-06-15,6,15,Saturday,6,June,2,2024
20240616,2024-06-16,7,16,Sunday,6,June,2,2024
20240617,2024-06-17,1,17,Monday,6,June,2,2024
20240618,2024-06-18,2,18,Tuesday,6,June,2,2024
20240619,2024-06-19,3,19,Wednesday,6,June,2,2024
20240620,2024-06-20,4,20,Thursday,6,June,2,2024
20240621,2024-06-21,5,21,Friday,6,June,2,2024
20240622,2024-06-22,6,22,Saturday,6,June,2,2024
20240623,2024-06-23,7,23,Sunday,6,June,2,2024
20240624,2024-06-24,1,24,Monday,6,June,2,2024
20240625,2024-06-25,2,25,Tuesday,6,June,2,2024
20240626,2024-06-26,3,26,Wednesday,6,June,2,2024
20240627,2024-06-27,4,27,Thursday,6,June,2,2024
20240628,2024-06-28,5,28,Friday,6,June,2,2024
20240629,2024-06-29,6,29,Saturday,6,June,2,2024
20240630,2024-06-30,7,30,Sunday,6,June,2,2024
20240701,2024-07-01,1,1,Monday,7,July,3,2024
20240702,2024-07-02,2,2,Tuesday,7,July,3,2024
20240703,2024-07-03,3,3,Wednesday,7,July,3,2024
20240704,2024-07-04,4,4,Thursday,7,July,3,2024
20240705,2024-07-05,5,5,Friday,7,July,3,2024
20240706,2024-07-06,6,6,Saturday,7,July,3,2024
20240707,2024-07-07,7,7,Sunday,7,July,3,2024
20240708,2024-07-08,1,8,Monday,7,July,3,2024
20240709,2024-07-09,2,9,Tuesday,7,July,3,2024
20240710,2024-07-10,3,10,Wednesday,7,July,3,2024
20240711,2024-07-11,4,11,Thursday,7,July,3,2024
20240712,2024-07-12,5,12,Friday,7,July,3,2024
20240713,2024-07-13,6,13,Saturday,7,July,3,2024
20240714,2024-07-14,7,14,Sunday,7,July,3,2024
20240715,2024-07-15,1,15,Monday,7,July,3,2024
20240716,2024-07-16,2,16,Tuesday,7,July,3,2024
20240717,2024-07-17,3,17,Wednesday,7,July,3,2024
20240718,2024-07-18,4,18,Thursday,7,July,3,2024
20240719,2024-07-19,5,19,Friday,7,July,3,2024
20240720,2024-07-20,6,20,Saturday,7,July,3,2024
20240721,2024-07-21,7,21,Sunday,7,July,3,2024
20240722,2024-07-22,1,22,Monday,7,July,3,2024
20240723,2024-07-23,2,23,Tuesday,7,July,3,2024
20240724,2024-07-24,3,24,Wednesday,7,July,3,2024
20240725,2024-07-25,4,25,Thursday,7,July,3,2024
20240726,2024-07-26,5,26,Friday,7,July,3,2024
20240727,2024-07-27,6,27,Saturday,7,July,3,2024
20240728,2024-07-28,7,28,Sunday,7,July,3,2024
20240729,2024-07-29,1,29,Monday,7,July,3,2024
20240730,2024-07-30,2,30,Tuesday,7,July,3,2024
20240731,2024-07-31,3,31,Wednesday,7,July,3,2024
20240801,2024-08-01,4,1,Thursday,8,August,3,2024
20240802,2024-08-02,5,2,Friday,8,August,3,2024
20240803,2024-08-03,6,3,Saturday,8,August,3,2024
20240804,2024-08-04,7,4,Sunday,8,August,3,2024
20240805,2024-08-05,1,5,Monday,8,August,3,2024
20240806,2024-08-06,2,6,Tuesday,8,August,3,2024
20240807,2024-08-07,3,7,Wednesday,8,August,3,2024
20240808,2024-08-08,4,8,Thursday,8,August,3,2024
20240809,2024-08-09,5,9,Friday,8,August,3,2024
20240810,2024-08-10,6,10,Saturday,8,August,3,2024
20240811,2024-08-11,7,11,Sunday,8,August,3,2024
20240812,2024-08-12,1,12,Monday,8,August,3,2024
20240813,2024-08-13,2,13,Tuesday,8,August,3,2024
20240814,2024-08-14,3,14,Wednesday,8,August,3,2024
20240815,2024-08-15,4,15,Thursday,8,August,3,2024
20240816,2024-08-16,5,16,Friday,8,August,3,2024
20240817,2024-08-17,6,17,Saturday,8,August,3,2024
20240818,2024-08-18,7,18,Sunday,8,August,3,2024
20240819,2024-08-19,1,19,Monday,8,August,3,2024
20240820,2024-08-20,2,20,Tuesday,8,August,3,2024
20240821,2024-08-21,3,21,Wednesday,8,August,3,2024
20240822,2024-08-22,4,22,Thursday,8,August,3,2024
20240823,2024-08-23,5,23,Friday,8,August,3,2024
20240824,2024-08-24,6,24,Saturday,8,August,3,2024
20240825,2024-08-25,7,25,Sunday,8,August,3,2024
20240826,2024-08-26,1,26,Monday,8,August,3,2024
20240827,2024-08-27,2,27,Tuesday,8,August,3,2024
20240828,2024-08-28,3,28,Wednesday,8,August,3,2024
20240829,2024-08-29,4,29,Thursday,8,August,3,2024
20240830,2024-08-30,5,30,Friday,8,August,3,2024
20240831,2024-08-31,6,31,Saturday,8,August,3,2024
20240901,2024-09-01,7,1,Sunday,9,September,3,2024
20240902,2024-09-02,1,2,Monday,9,September,3,2024
20240903,2024-09-03,2,3,Tuesday,9,September,3,2024
20240904,2024-09-04,3,4,Wednesday,9,September,3,2024
20240905,2024-09-05,4,5,Thursday,9,September,3,2024
20240906,2024-09-06,5,6,Friday,9,September,3,2024
20240907,2024-09-07,6,7,Saturday,9,September,3,2024
20240908,2024-09-08,7,8,Sunday,9,September,3,2024
20240909,2024-09-09,1,9,Monday,9,September,3,2024
20240910,2024-09-10,2,10,Tuesday,9,September,3,2024
20240911,2024-09-11,3,11,Wednesday,9,September,3,2024
20240912,2024-09-12,4,12,Thursday,9,September,3,2024
20240913,2024-09-13,5,13,Friday,9,September,3,2024
20240914,2024-09-14,6,14,Saturday,9,September,3,2024
20240915,2024-09-15,7,15,Sunday,9,September,3,2024
20240916,2024-09-16,1,16,Monday,9,September,3,2024
20240917,2024-09-17,2,17,Tuesday,9,September,3,2024
20240918,2024-09-18,3,18,Wednesday,9,September,3,2024
20240919,2024-09-19,4,19,Thursday,9,September,3,2024
20240920,2024-09-20,5,20,Friday,9,September,3,2024
20240921,2024-09-21,6,21,Saturday,9,September,3,2024
20240922,2024-09-22,7,22,Sunday,9,September,3,2024
20240923,2024-09-23,1,23,Monday,9,September,3,2024
20240924,2024-09-24,2,24,Tuesday,9,September,3,2024
20240925,2024-09-25,3,25,Wednesday,9,September,3,2024
20240926,2024-09-26,4,26,Thursday,9,September,3,2024
20240927,2024-09-27,5,27,Friday,9,September,3,2024
20240928,2024-09-28,6,28,Saturday,9,September,3,2024
20240929,2024-09-29,7,29,Sunday,9,September,3,2024
20240930,2024-09-30,1,30,Monday,9,September,3,2024
20241001,2024-10-01,2,1,Tuesday,10,October,4,2024
20241002,2024-10-02,3,2,Wednesday,10,October,4,2024
20241003,2024-10-03,4,3,Thursday,10,October,4,2024
20241004,2024-10-04,5,4,Friday,10,October,4,2024
20241005,2024-10-05,6,5,Saturday,10,October,4,2024
20241006,2024-10-06,7,6,Sunday,10,October,4,2024
20241007,2024-10-07,1,7,Monday,10,October,4,2024
20241008,2024-10-08,2,8,Tuesday,10,October,4,2024
20241009,2024-10-09,3,9,Wednesday,10,October,4,2024
20241010,2024-10-10,4,10,Thursday,10,October,4,2024
20241011,2024-10-11,5,11,Friday,10,October,4,2024
20241012,2024-10-12,6,12,Saturday,10,October,4,2024
20241013,2024-10-13,7,13,Sunday,10,October,4,2024
20241014,2024-10-14,1,14,Monday,10,October,4,2024
20241015,2024-10-15,2,15,Tuesday,10,October,4,2024
20241016,2024-10-16,3,16,Wednesday,10,October,4,2024
20241017,2024-10-17,4,17,Thursday,10,October,4,2024
20241018,2024-10-18,5,18,Friday,10,October,4,2024
20241019,2024-10-19,6,19,Saturday,10,October,4,2024
20241020,2024-10-20,7,20,Sunday,10,October,4,2024
20241021,2024-10-21,1,21,Monday,10,October,4,2024
20241022,2024-10-22,2,22,Tuesday,10,October,4,2024
20241023,2024-10-23,3,23,Wednesday,10,October,4,2024
20241024,2024-10-24,4,24,Thursday,10,October,4,2024
20241025,2024-10-25,5,25,Friday,10,October,4,2024
20241026,2024-10-26,6,26,Saturday,10,October,4,2024
20241027,2024-10-27,7,27,Sunday,10,October,4,2024
20241028,2024-10-28,1,28,Monday,10,October,4,2024
20241029,2024-10-29,2,29,Tuesday,10,October,4,2024
20241030,2024-10-30,3,30,Wednesday,10,October,4,2024
20241031,2024-10-31,4,31,Thursday,10,October,4,2024
20241101,2024-11-01,5,1,Friday,11,November,4,2024
20241102,2024-11-02,6,2,Saturday,11,November,4,2024
20241103,2024-11-03,7,3,Sunday,11,November,4,2024
20241104,2024-11-04,1,4,Monday,11,November,4,2024
20241105,2024-11-05,2,5,Tuesday,11,November,4,2024
20241106,2024-11-06,3,6,Wednesday,11,November,4,2024
20241107,2024-11-07,4,7,Thursday,11,November,4,2024
20241108,2024-11-08,5,8,Friday,11,November,4,2024
20241109,2024-11-09,6,9,Saturday,11,November,4,2024
20241110,2024-11-10,7,10,Sunday,11,November,4,2024
20241111,2024-11-11,1,11,Monday,11,November,4,2024
20241112,2024-11-12,2,12,Tuesday,11,November,4,2024
20241113,2024-11-13,3,13,Wednesday,11,November,4,2024
20241114,2024-11-14,4,14,Thursday,11,November,4,2024
20241115,2024-11-15,5,15,Friday,11,November,4,2024
20241116,2024-11-16,6,16,Saturday,11,November,4,2024
20241117,2024-11-17,7,17,Sunday,11,November,4,2024
20241118,2024-11-18,1,18,Monday,11,November,4,2024
20241119,2024-11-19,2,19,Tuesday,11,November,4,2024
20241120,2024-11-20,3,20,Wednesday,11,November,4,2024
20241121,2024-11-21,4,21,Thursday,11,November,4,2024
20241122,2024-11-22,5,22,Friday,11,November,4,2024
20241123,2024-11-23,6,23,Saturday,11,November,4,2024
20241124,2024-11-24,7,24,Sunday,11,November,4,2024
20241125,2024-11-25,1,25,Monday,11,November,4,2024
20241126,2024-11-26,2,26,Tuesday,11,November,4,2024
20241127,2024-11-27,3,27,Wednesday,11,November,4,2024
20241128,2024-11-28,4,28,Thursday,11,November,4,2024
20241129,2024-11-29,5,29,Friday,11,November,4,2024
20241130,2024-11-30,6,30,Saturday,11,November,4,2024
20241201,2024-12-01,7,1,Sunday,12,December,4,2024
20241202,2024-12-02,1,2,Monday,12,December,4,2024
20241203,2024-12-03,2,3,Tuesday,12,December,4,2024
20241204,2024-12-04,3,4,Wednesday,12,December,4,2024
20241205,2024-12-05,4,5,Thursday,12,December,4,2024
20241206,2024-12-06,5,6,Friday,12,December,4,2024
20241207,2024-12-07,6,7,Saturday,12,December,4,2024
20241208,2024-12-08,7,8,Sunday,12,December,4,2024
20241209,2024-12-09,1,9,Monday,12,December,4,2024
20241210,2024-12-10,2,10,Tuesday,12,December,4,2024
20241211,2024-12-11,3,11,Wednesday,12,December,4,2024
20241212,2024-12-12,4,12,Thursday,12,December,4,2024
20241213,2024-12-13,5,13,Friday,12,December,4,2024
20241214,2024-12-14,6,14,Saturday,12,December,4,2024
20241215,2024-12-15,7,15,Sunday,12,December,4,2024
20241216,2024-12-16,1,16,Monday,12,December,4,2024
20241217,2024-12-17,2,17,Tuesday,12,December,4,2024
20241218,2024-12-18,3,18,Wednesday,12,December,4,2024
20241219,2024-12-19,4,19,Thursday,12,December,4,2024
20241220,2024-12-20,5,20,Friday,12,December,4,2024
20241221,2024-12-21,6,21,Saturday,12,December,4,2024
20241222,2024-12-22,7,22,Sunday,12,December,4,2024
20241223,2024-12-23,1,23,Monday,12,December,4,2024
20241224,2024-12-24,2,24,Tuesday,12,December,4,2024
20241225,2024-12-25,3,25,Wednesday,12,December,4,2024
20241226,2024-12-26,4,26,Thursday,12,December,4,2024
20241227,2024-12-27,5,27,Friday,12,December,4,2024
20241228,2024-12-28,6,28,Saturday,12,December,4,2024
20241229,2024-12-29,7,29,Sunday,12,December,4,2024
20241230,2024-12-30,1,30,Monday,12,December,4,2024
